Customer ID,churn_probability,risk_segment,Frequency,Monetary,Recency,Customer Lifespan,Average Purchase Interval,Median Purchase Interval
12346.0,0.5996865081839687,MEDIUM,12,77556.46,234,400,35.90909090909091,7.0
12347.0,0.17435959376904972,LOW,6,3402.3900000000003,38,274,54.4,53.0
12348.0,0.3696234076411411,LOW,4,1709.4,157,189,63.0,70.0
12349.0,0.4100240856724483,MEDIUM,3,2671.1400000000003,316,181,90.0,90.0
12352.0,0.3329430088932158,LOW,7,1905.61,171,130,21.5,14.5
12353.0,0.6177028406383976,MEDIUM,2,406.76,113,204,204.0,204.0
12355.0,0.756481365104065,HIGH,2,947.61,123,353,353.0,353.0
12356.0,0.24029522122655264,LOW,5,6313.380000000001,154,179,44.25,42.5
12357.0,0.6088944203310966,MEDIUM,2,12079.990000000002,297,0,0.0,0.0
12358.0,0.48242699737986694,MEDIUM,4,3203.87,59,581,193.0,181.0
12359.0,0.1396572805969172,LOW,9,6059.09,98,544,67.75,86.0
12360.0,0.2519157512386832,LOW,7,3209.11,21,543,90.0,74.5
12361.0,0.5761531769252172,MEDIUM,4,511.25,196,394,131.0,116.0
12362.0,0.3517098694976502,LOW,5,1877.35,29,618,154.25,69.5
12363.0,0.4343476379812531,MEDIUM,2,552.0,18,132,132.0,132.0
12365.0,0.7571961418409201,HIGH,2,641.3799999999999,200,0,0.0,0.0
12369.0,0.6104115776317894,MEDIUM,3,1791.15,322,228,113.5,113.5
12370.0,0.4413021149366248,MEDIUM,6,3577.28,183,394,78.6,44.0
12371.0,0.5284825896247587,MEDIUM,3,2179.42,318,235,117.5,117.5
12372.0,0.3503622629466688,LOW,2,914.9199999999998,121,83,83.0,83.0
12373.0,0.6932274245974199,MEDIUM,3,1127.65,220,362,180.5,180.5
12374.0,0.47520728885133917,MEDIUM,3,2246.29,330,166,83.0,83.0
12376.0,0.7404614736915839,HIGH,2,503.15,298,28,28.0,28.0
12377.0,0.596373684184994,MEDIUM,4,3426.32,224,274,91.0,39.0
12378.0,0.8764962779507269,HIGH,2,5416.32,38,432,432.0,432.0
12379.0,0.649255558494238,MEDIUM,3,1227.8200000000002,79,364,182.0,182.0
12380.0,0.1781058021792086,LOW,8,7559.040000000001,94,476,67.85714285714286,16.0
12383.0,0.32433384376808133,LOW,5,1850.56,93,167,41.25,42.5
12386.0,0.7253993650230355,HIGH,2,401.9,246,29,29.0,29.0
12388.0,0.37371222297192713,LOW,6,2788.79,57,434,86.2,118.0
12389.0,0.6336503649769178,MEDIUM,3,1433.33,311,253,126.0,126.0
12391.0,0.6606823027230001,MEDIUM,5,2285.1800000000003,373,198,49.5,32.5
12393.0,0.3141424959379013,LOW,5,1877.95,154,182,45.25,47.5
12395.0,0.2172329712605673,LOW,11,3602.11,21,490,48.6,46.0
12399.0,0.3364546516735448,LOW,7,1962.3000000000004,28,525,87.33333333333333,94.0
12402.0,0.6223488059616844,MEDIUM,6,1256.9000000000003,232,347,69.0,69.0
12406.0,0.47618169982443814,MEDIUM,4,4596.31,92,513,170.66666666666666,196.0
12407.0,0.2747658775745244,LOW,4,1407.36,43,130,42.66666666666666,28.0
12408.0,0.183361477058248,LOW,7,3586.2700000000004,7,399,66.16666666666667,70.5
12409.0,0.3005064486174678,LOW,5,18553.7,91,382,95.25,64.0
12410.0,0.6847304117334172,MEDIUM,3,1013.71,217,193,96.5,96.5
12412.0,0.30933119979940576,LOW,5,2260.790000000001,46,401,100.0,68.5
12413.0,0.5275049040719264,MEDIUM,3,805.25,145,166,82.5,82.5
12414.0,0.5971429350143215,MEDIUM,6,952.41,126,246,49.0,10.0
12415.0,0.09564637621443754,LOW,22,121631.72,8,428,19.952380952380956,16.0
12417.0,0.08661513013837498,LOW,18,5964.83,15,626,36.41176470588236,37.0
12418.0,0.664873547757404,MEDIUM,4,2021.2,21,517,172.0,162.0
12419.0,0.7404614736915839,HIGH,2,503.01,294,27,27.0,27.0
12421.0,0.34046278894833554,LOW,5,920.12,23,390,97.25,93.0
12422.0,0.08312613202294641,LOW,17,5231.800000000001,4,625,38.5,25.5
12423.0,0.15600386137471814,LOW,9,2413.75,9,364,45.0,39.0
12424.0,0.4048551828311707,MEDIUM,4,3340.03,71,385,128.33333333333334,125.0
12426.0,0.9114082879873728,HIGH,2,1345.21,103,468,468.0,468.0
12428.0,0.13301016104285368,LOW,8,7548.120000000001,29,163,23.0,11.0
12429.0,0.2131247208314702,LOW,7,5298.889999999999,81,373,62.0,65.0
12431.0,0.07948117346968546,LOW,23,8819.34,28,574,25.727272727272727,16.5
12432.0,0.4950679218653623,MEDIUM,3,4016.66,79,1,0.5,0.5
12433.0,0.15302191028820578,LOW,6,9813.5,0,385,76.6,27.0
12434.0,0.6002278404941047,MEDIUM,2,583.54,169,120,120.0,120.0
12435.0,0.4652035069887795,MEDIUM,5,10075.030000000002,176,469,117.0,114.0
12437.0,0.05185517354813928,LOW,32,10543.4,7,638,20.096774193548388,20.0
12439.0,0.9167565401116653,HIGH,2,1142.88,591,43,43.0,43.0
12440.0,0.869614266764301,HIGH,2,859.1999999999999,371,255,255.0,255.0
12444.0,0.1711170871760468,LOW,2,2627.2699999999995,30,49,49.0,49.0
12449.0,0.23597077197304747,LOW,5,3493.18,0,346,86.25,47.0
12450.0,0.4461900150180173,MEDIUM,5,688.2,65,318,79.0,37.0
12451.0,0.2731672411770295,LOW,5,8942.18,127,311,77.5,86.0
12454.0,0.7960669205271923,HIGH,4,13151.44,304,25,7.666666666666667,3.0
12455.0,0.16614168129396562,LOW,9,5589.45,36,593,73.625,71.5
12456.0,0.36629548916054966,LOW,2,2265.4,40,123,123.0,123.0
12457.0,0.45910798503678923,MEDIUM,4,1699.9299999999996,142,201,66.66666666666667,4.0
12458.0,0.5711317196948942,MEDIUM,3,1272.01,193,203,101.0,101.0
12461.0,0.3476562513069811,LOW,2,826.88,3,60,60.0,60.0
12463.0,0.38149329981573554,LOW,3,985.79,84,66,32.5,32.5
12464.0,0.3349849511700468,LOW,6,780.55,15,203,40.2,43.0
12468.0,0.376404905503427,LOW,5,3670.74,96,495,123.25,105.5
12469.0,0.9234241409228919,HIGH,2,3070.54,431,14,14.0,14.0
12471.0,0.055256950019134006,LOW,68,31210.54,16,625,9.08955223880597,3.0
12472.0,0.09401638321172569,LOW,17,14604.78,47,587,35.9375,37.5
12473.0,0.26625832861052906,LOW,2,1175.75,23,77,77.0,77.0
12474.0,0.06452739959611105,LOW,26,9410.72,7,568,22.2,15.0
12476.0,0.08974287021133809,LOW,18,10459.16,50,360,20.88235294117647,13.0
12477.0,0.33291613654346675,LOW,6,15890.66,9,522,104.2,98.0
12480.0,0.185691534961349,LOW,6,4328.17,52,364,72.4,68.0
12481.0,0.12313647956278678,LOW,13,10690.95,88,427,35.25,21.0
12482.0,0.9736530312927714,HIGH,29,23691.4,485,77,2.642857142857143,0.0
12483.0,0.07908116090539949,LOW,17,4236.259999999999,7,578,35.6875,26.0
12484.0,0.17899148992912875,LOW,10,5485.43,9,580,64.11111111111111,30.0
12490.0,0.10325902609272626,LOW,17,7958.299999999999,2,645,39.9375,40.0
12492.0,0.5591683090906628,MEDIUM,2,578.39,14,297,297.0,297.0
12493.0,0.5501537723268887,MEDIUM,2,433.74,74,31,31.0,31.0
12494.0,0.3331755691398796,LOW,7,1438.03,70,414,68.33333333333333,53.5
12496.0,0.9057533236802909,HIGH,2,45.34,529,0,0.0,0.0
12497.0,0.5382670541656026,MEDIUM,2,5205.400000000001,309,244,244.0,244.0
12500.0,0.14868920243576272,LOW,14,3471.23,15,566,43.23076923076923,25.0
12502.0,0.18831557596782916,LOW,5,3723.87,4,214,53.25,45.5
12504.0,0.6231337172816318,MEDIUM,2,297.00000000000006,326,179,179.0,179.0
12507.0,0.6324630019413786,MEDIUM,4,1844.06,43,450,150.0,143.0
12510.0,0.18110478158823506,LOW,9,5178.02,51,592,73.5,43.5
12514.0,0.8524634794384631,HIGH,2,1597.7600000000002,176,374,374.0,374.0
12516.0,0.6690481400717463,MEDIUM,3,1919.76,89,418,209.0,209.0
12517.0,0.23379546765423578,LOW,2,1521.45,35,63,63.0,63.0
12520.0,0.2596603574926884,LOW,4,2045.8500000000004,51,131,43.333333333333336,55.0
12523.0,0.05332440529845678,LOW,19,3580.33,16,624,34.111111111111114,28.0
12524.0,0.10897251068888011,LOW,15,9762.87,71,507,35.857142857142854,29.5
12525.0,0.8533206897909248,HIGH,3,973.73,407,149,74.0,74.0
12527.0,0.5907198553163613,MEDIUM,4,671.72,203,234,77.33333333333333,34.0
12528.0,0.25964678032080707,LOW,4,1287.37,23,198,66.0,36.0
12530.0,0.19260626940774012,LOW,8,3318.63,32,518,73.57142857142857,78.0
12533.0,0.8830250093838593,HIGH,2,1367.89,536,110,110.0,110.0
12535.0,0.45201448139224243,MEDIUM,2,716.35,0,94,94.0,94.0
12539.0,0.36627595374236904,LOW,6,10164.09,171,454,90.4,54.0
12540.0,0.05185517354813928,LOW,27,18101.11,1,639,24.07692307692308,21.5
12541.0,0.44583774854471325,MEDIUM,2,536.14,82,107,107.0,107.0
12542.0,0.863933927263713,HIGH,2,481.88,393,156,156.0,156.0
12547.0,0.6180215376239463,MEDIUM,3,383.5799999999999,106,302,150.5,150.5
12549.0,0.8803925973647997,HIGH,6,1575.6799999999998,484,121,24.0,1.0
12553.0,0.11592298418573037,LOW,9,3336.06,19,313,38.625,40.5
12557.0,0.205901338239328,LOW,7,15106.14,67,564,93.5,86.5
12559.0,0.6019807476853591,MEDIUM,2,561.7099999999999,219,8,8.0,8.0
12560.0,0.21010454676265092,LOW,2,1436.3100000000002,21,30,30.0,30.0
12562.0,0.18071305015890846,LOW,5,2790.41,35,308,76.75,49.0
12567.0,0.13667778497333408,LOW,14,10216.18,5,570,43.38461538461539,40.0
12569.0,0.10717988317796333,LOW,15,2167.6800000000003,1,160,10.928571428571429,9.0
12573.0,0.5562298239255855,MEDIUM,5,717.4100000000002,136,237,58.75,40.0
12575.0,0.8908491592965205,HIGH,2,622.8199999999999,366,69,69.0,69.0
12576.0,0.35857510366691325,LOW,7,1763.4400000000005,4,430,71.16666666666667,67.5
12577.0,0.5058444205170276,MEDIUM,6,1186.39,268,376,75.2,22.0
12578.0,0.5758932700190792,MEDIUM,3,3456.6000000000004,239,113,56.0,56.0
12580.0,0.7213919145609621,HIGH,2,1052.9,155,329,329.0,329.0
12582.0,0.49392660227775986,MEDIUM,4,1980.4,147,338,112.66666666666669,134.0
12583.0,0.053647309977183276,LOW,21,10542.41,15,627,30.9,31.0
12584.0,0.3586795489057722,LOW,4,782.5899999999999,36,153,50.333333333333336,48.0
12585.0,0.4880559954079689,MEDIUM,2,2040.1,143,117,117.0,117.0
12586.0,0.5849903904141494,MEDIUM,3,1865.73,283,348,174.0,174.0
12588.0,0.6090060949879076,MEDIUM,3,743.8800000000001,308,198,99.0,99.0
12589.0,0.287201901006218,LOW,7,4180.48,53,544,90.66666666666669,21.0
12590.0,0.513685809957114,MEDIUM,2,9864.26,120,0,0.0,0.0
12591.0,0.6756055540874003,MEDIUM,3,1338.95,226,91,45.5,45.5
12592.0,0.42579687152954687,MEDIUM,5,2582.66,1,427,106.5,60.5
12593.0,0.43585538900556264,MEDIUM,3,418.0999999999999,17,110,55.0,55.0
12594.0,0.15097425196410721,LOW,13,4281.79,30,525,43.333333333333336,39.5
12597.0,0.32850233358320025,LOW,2,1428.81,92,85,85.0,85.0
12598.0,0.20405127772802745,LOW,7,3095.3900000000003,70,487,80.66666666666667,61.0
12599.0,0.2930523071285226,LOW,12,2121.18,35,451,40.36363636363637,28.0
12600.0,0.05539817546747207,LOW,19,4304.9400000000005,21,619,33.94444444444444,31.0
12601.0,0.4199986850219458,MEDIUM,6,681.26,98,214,42.4,49.0
12605.0,0.6592335672614894,MEDIUM,4,1232.95,285,81,27.0,35.0
12609.0,0.19378166270145372,LOW,8,3109.74,95,533,75.85714285714286,62.0
12610.0,0.23852399355282053,LOW,2,1256.25,15,19,19.0,19.0
12613.0,0.16570225763175492,LOW,9,4935.51,106,527,65.625,65.5
12615.0,0.44288652718690275,MEDIUM,5,4084.53,77,462,115.5,108.5
12616.0,0.5352036135039833,MEDIUM,3,1131.1,4,293,146.5,146.5
12619.0,0.37060651789174615,LOW,6,2227.6,25,444,88.6,32.0
12621.0,0.07911274252324844,LOW,30,20816.57,9,568,19.06896551724138,17.0
12623.0,0.4360559333033568,MEDIUM,7,3747.84,185,420,69.66666666666667,51.5
12624.0,0.42215513605983884,MEDIUM,2,641.13,15,71,71.0,71.0
12625.0,0.47025624690722284,MEDIUM,4,5164.879999999999,120,384,127.66666666666669,107.0
12626.0,0.17668604730945392,LOW,6,4774.0,21,214,42.2,14.0
12627.0,0.11843909357765899,LOW,5,2727.83,5,44,10.5,11.0
12629.0,0.6390042144617821,MEDIUM,2,1558.2199999999998,294,37,37.0,37.0
12631.0,0.39198637916559953,LOW,5,2841.07,365,237,59.0,70.5
12632.0,0.8835464693887447,HIGH,2,804.88,429,44,44.0,44.0
12633.0,0.16771614167381643,LOW,6,5462.93,38,395,78.6,91.0
12634.0,0.7150240901385291,HIGH,2,490.0,444,12,12.0,12.0
12635.0,0.5803912733352543,MEDIUM,3,1924.87,63,301,150.5,150.5
12637.0,0.17603186859654568,LOW,11,7939.809999999999,0,451,44.7,48.5
12639.0,0.6899625260783145,MEDIUM,3,1312.37,147,389,194.5,194.5
12643.0,0.1915032835858937,LOW,12,8304.82,37,482,43.36363636363637,37.0
12644.0,0.7067595860205955,HIGH,4,1918.49,38,564,188.0,239.0
12645.0,0.3112340030712318,LOW,7,3074.98,18,559,92.5,94.0
12647.0,0.08343920916048038,LOW,33,16119.44,35,568,17.25,14.5
12648.0,0.5832772813524213,MEDIUM,4,1112.0,63,546,182.0,203.0
12649.0,0.689614589408561,MEDIUM,8,2294.65,16,588,83.71428571428571,105.0
12651.0,0.762065969318575,HIGH,4,377.75,243,130,43.333333333333336,44.0
12652.0,0.6578876110854273,MEDIUM,2,1017.03,240,102,102.0,102.0
12653.0,0.5123073933874485,MEDIUM,3,4160.83,57,378,188.5,188.5
12654.0,0.5181127725722493,MEDIUM,3,337.75,106,97,48.5,48.5
12656.0,0.2667820725372679,LOW,6,5177.33,25,446,88.8,73.0
12662.0,0.07629367984676255,LOW,16,5530.42,16,510,33.46666666666667,35.0
12663.0,0.8890470253801304,HIGH,2,239.4,533,43,43.0,43.0
12664.0,0.45665823842752024,MEDIUM,5,3145.64,52,583,145.25,140.5
12665.0,0.7175501760126699,HIGH,3,313.6,233,344,171.5,171.5
12668.0,0.33783137387686024,LOW,9,10500.35,168,417,51.75,46.5
12669.0,0.512505570940644,MEDIUM,3,2744.03,59,105,52.5,52.5
12670.0,0.5286092403769413,MEDIUM,5,2398.71,7,567,141.5,127.0
12672.0,0.7462556632312428,HIGH,2,437.05,238,265,265.0,265.0
12673.0,0.6314290386169477,MEDIUM,2,840.4000000000002,235,75,75.0,75.0
12674.0,0.23567883142614512,LOW,3,1402.0,0,116,58.0,58.0
12675.0,0.8399440753816364,HIGH,2,957.25,462,24,24.0,24.0
12676.0,0.1379224398979123,LOW,9,2509.7499999999995,32,359,44.625,54.0
12677.0,0.8994197743543005,HIGH,2,395.1,464,111,111.0,111.0
12678.0,0.05756641948107896,LOW,18,24934.98,9,600,34.8235294117647,31.0
12679.0,0.3746875587933426,LOW,2,906.38,114,77,77.0,77.0
12681.0,0.13522192833712524,LOW,38,25913.8,60,574,15.08108108108108,13.0
12682.0,0.05185517354813928,LOW,41,18890.32,9,638,15.425,13.5
12683.0,0.0797606863165145,LOW,18,9779.32,1,633,36.8235294117647,26.0
12684.0,0.3644328983105599,LOW,4,1379.48,79,42,14.0,10.0
12685.0,0.2849334471164763,LOW,2,1606.42,1,1,1.0,1.0
12687.0,0.7731668340694171,HIGH,2,2138.9099999999994,389,0,0.0,0.0
12691.0,0.3633335161965844,LOW,5,690.9000000000001,54,275,68.5,50.5
12693.0,0.28121449680704963,LOW,7,1703.0200000000002,36,395,65.33333333333333,62.5
12694.0,0.4983250626400821,MEDIUM,2,1413.1799999999998,92,237,237.0,237.0
12695.0,0.5270157373927135,MEDIUM,5,1158.9199999999998,16,557,139.0,88.5
12696.0,0.7815177059216845,HIGH,2,851.91,343,74,74.0,74.0
12697.0,0.3296971151073959,LOW,2,733.9099999999999,40,37,37.0,37.0
12700.0,0.2865667111135003,LOW,2,2149.05,65,58,58.0,58.0
12701.0,0.42444872748817175,MEDIUM,5,1985.78,151,390,97.0,50.0
12703.0,0.6999336159694861,MEDIUM,3,722.9799999999999,542,51,25.0,25.0
12704.0,0.2126402223117644,LOW,3,1100.92,14,63,31.0,31.0
12705.0,0.16604055180262772,LOW,9,9056.33,67,375,46.625,35.5
12708.0,0.11374764662848168,LOW,15,4436.52,10,619,43.785714285714285,37.0
12709.0,0.05185517354813928,LOW,30,27786.03,5,634,21.379310344827587,21.0
12710.0,0.3331663558220856,LOW,3,1149.0200000000002,5,104,51.5,51.5
12711.0,0.8812932111997709,HIGH,2,1339.0499999999995,520,65,65.0,65.0
12712.0,0.05332440529845678,LOW,19,6239.98,15,623,34.166666666666664,31.0
12714.0,0.19478210761885903,LOW,11,12774.55,15,628,62.3,66.5
12717.0,0.6989809263286102,MEDIUM,3,1308.91,60,439,219.0,219.0
12720.0,0.07597679979024577,LOW,22,5695.389999999999,3,412,19.23809523809524,19.0
12721.0,0.2110862597093717,LOW,6,3055.86,92,288,57.2,57.0
12722.0,0.21685064623785644,LOW,3,929.65,23,35,17.0,17.0
12724.0,0.30598281138692585,LOW,5,1566.4700000000005,82,361,90.0,86.5
12725.0,0.5250520029337565,MEDIUM,4,2266.76,280,213,70.66666666666667,43.0
12726.0,0.22102271077814528,LOW,9,2872.82,93,439,54.375,46.5
12727.0,0.17186669382696135,LOW,9,5036.53,4,559,69.5,92.5
12728.0,0.5526224381840396,MEDIUM,4,851.15,166,126,41.66666666666666,48.0
12731.0,0.15293303527216992,LOW,13,18204.05,53,503,41.5,41.5
12733.0,0.5537036421000967,MEDIUM,4,2424.87,143,455,151.33333333333334,155.0
12734.0,0.6520930404447233,MEDIUM,3,639.65,261,39,19.5,19.5
12735.0,0.7466389965488143,HIGH,2,779.57,224,21,21.0,21.0
12737.0,0.8452807501121277,HIGH,2,3710.5,407,0,0.0,0.0
12739.0,0.4418092864923897,MEDIUM,3,2689.23,8,295,147.0,147.0
12741.0,0.8427892933732652,HIGH,2,406.07,438,3,3.0,3.0
12743.0,0.5614765862191198,MEDIUM,2,540.13,43,0,0.0,0.0
12744.0,0.21073553235989717,LOW,9,18249.74,53,446,55.5,34.0
12745.0,0.8344016333442923,HIGH,3,925.41,395,195,97.5,97.5
12747.0,0.053647309977183276,LOW,23,7471.87,18,622,28.0,29.5
12748.0,0.055256950019134006,LOW,259,34359.66,0,643,2.108527131782946,1.0
12749.0,0.17612256418261749,LOW,7,5561.71,39,390,64.66666666666667,53.5
12753.0,0.20877289258294462,LOW,5,16620.910000000003,44,226,56.0,45.5
12754.0,0.6248995328727939,MEDIUM,3,3010.74,144,72,36.0,36.0
12755.0,0.47999262362308,MEDIUM,11,5236.259999999999,189,413,40.9,19.5
12757.0,0.3535645968971457,LOW,7,5281.08,51,68,11.0,5.0
12758.0,0.43545019043157696,MEDIUM,7,9903.24,25,621,103.16666666666669,100.5
12759.0,0.26678611165464083,LOW,7,4571.82,80,563,93.5,93.0
12761.0,0.7430131674888343,HIGH,2,782.9499999999999,366,7,7.0,7.0
12763.0,0.5442598581607427,MEDIUM,2,494.08,47,230,230.0,230.0
12765.0,0.7841642993542897,HIGH,6,1404.58,381,169,33.4,31.0
12766.0,0.20466120402048932,LOW,7,6881.55,58,258,42.833333333333336,37.0
12770.0,0.5073960664565226,MEDIUM,2,3246.45,119,245,245.0,245.0
12775.0,0.29694773415164327,LOW,6,1464.76,98,219,43.4,48.0
12778.0,0.3331755691398796,LOW,7,1445.5100000000002,92,419,69.5,65.0
12779.0,0.13668653483325113,LOW,13,5492.16,98,547,45.083333333333336,41.0
12782.0,0.1727381322604837,LOW,10,4365.990000000001,58,369,40.44444444444444,29.0
12785.0,0.6715868483684869,MEDIUM,3,1100.4,273,366,183.0,183.0
12787.0,0.45520236857666707,MEDIUM,3,743.18,0,321,160.5,160.5
12788.0,0.8490182804594444,HIGH,4,444.9,372,65,21.33333333333333,16.0
12789.0,0.8753602373210003,HIGH,2,181.5,421,181,181.0,181.0
12790.0,0.5838827585603573,MEDIUM,2,591.85,101,218,218.0,218.0
12791.0,0.6357794133801177,MEDIUM,6,863.5100000000001,282,250,49.8,19.0
12792.0,0.662739031926944,MEDIUM,2,827.0099999999998,165,278,278.0,278.0
12793.0,0.6290123260175051,MEDIUM,3,885.5299999999999,243,66,33.0,33.0
12797.0,0.6612618242560209,MEDIUM,2,552.08,274,58,58.0,58.0
12798.0,0.5038467922147088,MEDIUM,2,3140.93,79,250,250.0,250.0
12800.0,0.8477296729062062,HIGH,3,584.25,379,206,103.0,103.0
12802.0,0.23911427699352567,LOW,7,2416.42,95,377,62.5,19.5
12804.0,0.9085749476019701,HIGH,2,325.37,374,34,34.0,34.0
12805.0,0.6110966717103015,MEDIUM,4,1434.9499999999998,290,293,97.33333333333331,99.0
12806.0,0.7910843837750758,HIGH,4,2878.96,344,153,50.66666666666666,63.0
12808.0,0.4491884938340298,MEDIUM,4,574.3999999999999,93,278,92.33333333333331,66.0
12809.0,0.689671386003009,MEDIUM,3,1755.94,86,469,234.0,234.0
12810.0,0.8770337537076031,HIGH,2,534.99,443,142,142.0,142.0
12811.0,0.5716121118059555,MEDIUM,5,1033.9,169,166,41.0,35.0
12813.0,0.8224027882797721,HIGH,3,1687.8,410,191,95.0,95.0
12815.0,0.3908475027720669,LOW,2,1063.46,56,50,50.0,50.0
12816.0,0.3854001977637919,LOW,2,572.2,4,80,80.0,80.0
12817.0,0.5752157274887327,MEDIUM,3,690.98,190,153,76.0,76.0
12820.0,0.4202110419374919,MEDIUM,8,1917.64,235,407,57.71428571428572,58.0
12821.0,0.8134628092163713,HIGH,2,220.8,123,397,397.0,397.0
12823.0,0.09989305757021807,LOW,17,5966.0,36,552,34.125,26.5
12825.0,0.867634029281414,HIGH,2,518.63,430,120,120.0,120.0
12826.0,0.22248259269128498,LOW,9,2144.65,87,542,67.375,39.5
12828.0,0.2663552908425378,LOW,3,415.51,8,31,15.0,15.0
12829.0,0.6984707560883262,MEDIUM,3,385.3,245,213,106.0,106.0
12830.0,0.15246860502352713,LOW,5,6414.3200000000015,0,80,19.5,18.0
12831.0,0.5806276889711222,MEDIUM,3,451.11,171,200,100.0,100.0
12835.0,0.8883086604304912,HIGH,41,5996.83,336,308,7.225,6.5
12836.0,0.10197704549148053,LOW,14,6061.9,46,601,45.76923076923077,42.0
12837.0,0.7706824407654999,HIGH,2,662.6600000000001,82,396,396.0,396.0
12838.0,0.42877623184434666,MEDIUM,9,2694.75,282,219,26.75,19.0
12839.0,0.053647309977183276,LOW,21,7175.09,1,640,31.6,24.0
12840.0,0.24346489203507793,LOW,7,4041.97,52,530,87.83333333333333,75.0
12841.0,0.09430963650940757,LOW,32,5796.53,15,412,12.806451612903226,11.0
12842.0,0.7180311087319927,HIGH,3,1109.73,217,429,214.5,214.5
12843.0,0.11516624937297065,LOW,29,6573.41,68,567,19.785714285714285,11.0
12844.0,0.5548707263573199,MEDIUM,3,497.52,39,463,231.0,231.0
12845.0,0.8000367527048697,HIGH,4,354.09,176,22,7.333333333333333,2.0
12849.0,0.34543970935227414,LOW,5,2701.03,177,322,80.25,74.0
12851.0,0.8305657548887704,HIGH,2,280.76000000000005,5,380,380.0,380.0
12853.0,0.18401695840821955,LOW,11,3907.5,43,537,53.4,61.0
12854.0,0.31727253674183353,LOW,6,2465.09,150,487,97.0,77.0
12855.0,0.7810856942185075,HIGH,4,612.8400000000001,281,29,9.333333333333334,7.0
12857.0,0.3482568167658224,LOW,6,3688.0,119,472,94.0,94.0
12862.0,0.7937380162263471,HIGH,2,984.62,334,69,69.0,69.0
12863.0,0.5145125789644097,MEDIUM,5,2271.35,288,210,52.0,27.5
12864.0,0.8027643137219032,HIGH,2,299.57,47,369,369.0,369.0
12865.0,0.45490741865197315,MEDIUM,3,2736.62,32,352,176.0,176.0
12866.0,0.6118795407178054,MEDIUM,3,1227.35,192,219,109.0,109.0
12867.0,0.13441337717117777,LOW,12,6835.88,5,626,56.36363636363637,54.0
12868.0,0.25766477521303777,LOW,8,2043.76,94,207,29.142857142857142,32.0
12870.0,0.5727116348586132,MEDIUM,3,1676.9500000000005,284,248,124.0,124.0
12871.0,0.5387915725565913,MEDIUM,2,495.38,116,232,232.0,232.0
12872.0,0.4434007468992629,MEDIUM,12,3283.96,235,409,36.72727272727273,38.0
12873.0,0.5759924072688778,MEDIUM,3,2027.3,191,399,199.5,199.5
12874.0,0.6620478887884236,MEDIUM,2,948.42,294,169,169.0,169.0
12875.0,0.5385921477227703,MEDIUM,5,1356.99,52,554,138.25,119.5
12876.0,0.5239066244790462,MEDIUM,3,2590.2,105,394,196.5,196.5
12877.0,0.09168550973839312,LOW,17,2465.6000000000004,33,566,34.75,31.5
12878.0,0.6317465066056929,MEDIUM,2,854.99,145,29,29.0,29.0
12880.0,0.6750501704397489,MEDIUM,2,640.13,290,192,192.0,192.0
12888.0,0.6431302270179962,MEDIUM,2,354.12,123,41,41.0,41.0
12889.0,0.7543250964235562,HIGH,4,385.46,290,121,40.0,37.0
12891.0,0.431752511400935,MEDIUM,11,840.5,94,473,46.9,34.0
12897.0,0.4019602012238754,MEDIUM,4,514.25,113,339,112.66666666666669,97.0
12898.0,0.8941716802802532,HIGH,2,296.21000000000004,372,195,195.0,195.0
12901.0,0.0710006685354396,LOW,19,11639.469999999998,17,162,8.5,7.5
12905.0,0.8866849849106887,HIGH,2,1018.42,485,105,105.0,105.0
12907.0,0.6529714091165463,MEDIUM,2,508.91,304,98,98.0,98.0
12908.0,0.5100733330722755,MEDIUM,5,1776.0,85,453,113.0,124.0
12909.0,0.2785365683922414,LOW,6,2452.8900000000003,110,451,90.0,89.0
12910.0,0.1588914032202949,LOW,9,4208.38,43,487,60.5,55.5
12913.0,0.47999262362308,MEDIUM,11,4666.0,191,455,45.2,26.0
12915.0,0.6124229368358547,MEDIUM,4,975.1,57,440,146.33333333333334,116.0
12916.0,0.24363320142499553,LOW,7,4479.73,47,545,90.33333333333331,69.5
12917.0,0.37503315211005045,LOW,6,4359.2,37,602,120.0,98.0
12919.0,0.28993879040597303,LOW,3,441.65,25,53,26.0,26.0
12920.0,0.8923318600267943,HIGH,3,323.86,480,153,76.5,76.5
12921.0,0.055256950019134006,LOW,61,28729.620000000003,7,639,10.35,5.5
12923.0,0.6526605918026652,MEDIUM,2,597.6,299,184,184.0,184.0
12924.0,0.22326539372220644,LOW,11,2190.97,107,532,52.8,58.0
12926.0,0.6560169059684995,MEDIUM,4,1523.97,320,314,104.33333333333331,78.0
12928.0,0.1548281103895216,LOW,10,3378.33,56,401,44.0,34.0
12931.0,0.055256950019134006,LOW,53,82822.08,10,637,11.826923076923077,6.0
12932.0,0.8803925973647997,HIGH,8,1698.56,448,128,17.857142857142858,10.0
12933.0,0.32411939932493006,LOW,7,1386.59,80,557,92.5,73.0
12935.0,0.19761790125980236,LOW,12,3618.5,18,497,44.81818181818182,48.0
12937.0,0.2970023136704174,LOW,7,2021.57,106,538,89.33333333333333,67.5
12939.0,0.12394023158454698,LOW,16,21673.08,47,558,36.8,36.0
12942.0,0.42152645128455846,MEDIUM,3,675.6,40,234,117.0,117.0
12943.0,0.8884335923427039,HIGH,2,496.5,467,47,47.0,47.0
12945.0,0.8435164561401163,HIGH,2,900.1100000000001,197,367,367.0,367.0
12947.0,0.2647615890526972,LOW,6,1603.99,52,229,45.6,38.0
12948.0,0.23317424109585977,LOW,6,1676.44,14,632,125.8,46.0
12949.0,0.0658107094152326,LOW,21,14808.9,23,621,30.85,19.0
12951.0,0.14147676723816968,LOW,14,2901.43,82,524,39.92307692307692,37.0
12955.0,0.15421507293451303,LOW,6,1843.36,1,175,34.8,35.0
12956.0,0.7267468132038764,HIGH,4,521.8900000000001,215,417,138.66666666666666,38.0
12957.0,0.1405568466799113,LOW,9,6404.719999999999,95,542,67.375,57.0
12958.0,0.6968343505652478,MEDIUM,2,467.34,309,182,182.0,182.0
12960.0,0.6129764220654973,MEDIUM,4,1322.0700000000004,322,247,81.66666666666667,83.0
12963.0,0.5809442142346993,MEDIUM,5,1744.96,274,153,37.75,36.0
12967.0,0.7997025375780071,HIGH,3,2938.52,267,25,12.0,12.0
12970.0,0.6083737365760037,MEDIUM,8,1071.93,231,413,58.85714285714285,0.0
12971.0,0.055256950019134006,LOW,94,12680.01,1,631,6.376344086021505,4.0
12972.0,0.6622790321661108,MEDIUM,4,1161.2,322,247,81.66666666666667,64.0
12974.0,0.7907892496645046,HIGH,2,408.94999999999993,106,367,367.0,367.0
12975.0,0.6758930344831061,MEDIUM,6,2100.09,345,296,59.0,12.0
12976.0,0.299074205387441,LOW,8,3156.38,120,453,64.42857142857143,42.0
12977.0,0.5474519404257743,MEDIUM,4,513.88,65,355,118.0,9.0
12978.0,0.5586906102724991,MEDIUM,5,2502.82,294,344,85.75,35.0
12980.0,0.26296379746467335,LOW,21,16245.779999999995,66,579,28.5,27.0
12982.0,0.33830877623793276,LOW,8,2744.81,151,363,51.42857142857143,27.0
12986.0,0.633293390251457,MEDIUM,10,2729.84,337,259,28.444444444444443,20.0
12987.0,0.5519773615484291,MEDIUM,4,1057.81,106,491,163.0,189.0
12989.0,0.08945125278992243,LOW,26,11096.78,66,571,22.44,21.0
12990.0,0.5043357662363305,MEDIUM,6,809.9000000000001,94,434,86.2,107.0
12991.0,0.5228114493923746,MEDIUM,2,564.6200000000002,21,277,277.0,277.0
12993.0,0.34048493498773225,LOW,7,1217.27,29,539,89.5,88.5
12994.0,0.4524019837918015,MEDIUM,2,645.47,29,148,148.0,148.0
12997.0,0.42135250796782775,MEDIUM,6,1492.49,145,376,74.6,78.0
12998.0,0.8533206897909248,HIGH,3,920.08,401,160,80.0,80.0
12999.0,0.40698635594677246,MEDIUM,3,455.88,105,49,24.0,24.0
13000.0,0.8345267632868243,HIGH,4,1032.5,15,618,205.66666666666663,153.0
13001.0,0.10901371269422933,LOW,31,22839.25,67,577,18.7,16.0
13002.0,0.7604334244678131,HIGH,3,414.13000000000005,227,116,58.0,58.0
13003.0,0.6453880272102978,MEDIUM,3,149.05,14,109,54.0,54.0
13004.0,0.06095018638423224,LOW,30,9780.03,23,610,20.517241379310345,19.0
13005.0,0.40115998542539283,MEDIUM,4,999.68,82,283,94.0,72.0
13008.0,0.6791588707589057,MEDIUM,3,612.13,232,399,199.5,199.5
13010.0,0.7663719343575826,HIGH,2,330.12,283,274,274.0,274.0
13012.0,0.21429869406604002,LOW,7,2323.3,57,443,73.33333333333333,76.5
13013.0,0.053647309977183276,LOW,25,9972.58,1,633,25.875,16.0
13014.0,0.16574030046105248,LOW,6,3937.28,22,318,63.4,51.0
13015.0,0.31415817688118225,LOW,10,5003.18,106,405,44.55555555555556,10.0
13018.0,0.08033774840079583,LOW,25,7561.17,1,555,22.75,11.5
13019.0,0.6692746633683685,MEDIUM,6,1229.95,288,353,70.2,45.0
13020.0,0.8791213159895549,HIGH,2,618.96,471,97,97.0,97.0
13021.0,0.16423854835433435,LOW,12,3423.33,75,567,51.0,48.0
13023.0,0.8548411384352558,HIGH,2,1095.53,38,398,398.0,398.0
13024.0,0.867634029281414,HIGH,2,555.8699999999999,379,111,111.0,111.0
13026.0,0.259606547235705,LOW,7,1361.9199999999998,1,633,105.0,93.0
13027.0,0.09709574117598024,LOW,19,17239.2,22,574,31.38888888888889,27.0
13029.0,0.4292566588478962,MEDIUM,4,1452.9999999999998,47,384,127.66666666666669,148.0
13031.0,0.6625024316248839,MEDIUM,5,3292.84,316,147,36.25,41.5
13032.0,0.6035810373456556,MEDIUM,7,1805.78,301,67,11.0,0.5
13033.0,0.6377497436092532,MEDIUM,2,220.55,266,72,72.0,72.0
13034.0,0.7253993650230355,HIGH,2,279.91,278,31,31.0,31.0
13035.0,0.6147514523352328,MEDIUM,2,775.3199999999999,169,170,170.0,170.0
13037.0,0.16446332613977324,LOW,12,3914.95,47,597,53.81818181818182,51.0
13038.0,0.44583774854471325,MEDIUM,2,591.7600000000001,92,106,106.0,106.0
13039.0,0.8898207811204941,HIGH,4,1010.73,493,138,45.333333333333336,21.0
13041.0,0.7343169734488912,HIGH,4,799.1300000000001,359,139,46.0,46.0
13042.0,0.8823968164390575,HIGH,3,1488.59,507,133,66.5,66.5
13044.0,0.47999262362308,MEDIUM,11,4848.05,200,409,40.3,23.0
13045.0,0.6068496944745557,MEDIUM,3,808.92,8,387,193.0,193.0
13046.0,0.6163416312249527,MEDIUM,2,517.66,175,190,190.0,190.0
13047.0,0.09206329405873714,LOW,22,7873.0,36,596,28.047619047619047,26.0
13048.0,0.19260626940774012,LOW,8,3588.2699999999995,22,567,80.71428571428571,88.0
13049.0,0.6978397848950265,MEDIUM,3,905.34,227,83,41.0,41.0
13050.0,0.05328006045930395,LOW,31,10659.4,15,617,20.03333333333333,18.5
13051.0,0.9217314830670009,HIGH,2,155.8,487,40,40.0,40.0
13052.0,0.31275918941083375,LOW,7,3119.33,121,442,73.16666666666667,38.5
13055.0,0.5568981606534766,MEDIUM,2,1451.56,122,216,216.0,216.0
13057.0,0.8813604714776255,HIGH,3,709.5899999999999,439,101,50.5,50.5
13059.0,0.4041217326858603,MEDIUM,10,2291.7700000000004,158,368,40.55555555555556,21.0
13064.0,0.6124229368358547,MEDIUM,4,1220.5000000000002,61,439,145.66666666666666,174.0
13065.0,0.6618645650545362,MEDIUM,5,1055.0500000000002,282,174,43.25,38.5
13067.0,0.7216775108674067,HIGH,2,393.05,318,36,36.0,36.0
13069.0,0.08624606869806638,LOW,34,8723.03,8,443,13.030303030303031,11.0
13070.0,0.5503145774036662,MEDIUM,4,751.6999999999999,101,539,179.66666666666666,142.0
13073.0,0.796005516013551,HIGH,2,418.08,320,26,26.0,26.0
13074.0,0.8162124786142608,HIGH,4,1378.74,420,212,70.33333333333333,72.0
13077.0,0.36624271343112264,LOW,10,2588.82,199,438,48.22222222222222,48.0
13078.0,0.059647113848081065,LOW,46,23307.270000000004,15,632,13.622222222222222,12.0
13079.0,0.40226696941290185,MEDIUM,3,258.58,0,326,163.0,163.0
13080.0,0.5553575413046425,MEDIUM,4,280.73,88,430,143.0,160.0
13081.0,0.10577559492994582,LOW,25,47371.11,52,587,24.041666666666668,21.5
13082.0,0.09206329405873714,LOW,21,7335.75,35,591,29.15,19.0
13085.0,0.6179536494660426,MEDIUM,8,2433.28,66,581,82.71428571428571,2.0
13089.0,0.055256950019134006,LOW,177,97915.57,8,637,3.278409090909091,1.0
13090.0,0.0927300248994996,LOW,19,9092.94,45,358,19.38888888888889,11.5
13091.0,0.8600949071577478,HIGH,2,1976.0,638,0,0.0,0.0
13092.0,0.34374920371214795,LOW,11,2102.2000000000007,120,456,45.0,46.0
13093.0,0.6963370350845645,MEDIUM,55,54144.25000000001,184,460,8.092592592592593,9.0
13094.0,0.16894639027968794,LOW,11,1827.84,38,259,25.5,23.5
13097.0,0.06095018638423224,LOW,26,11957.39,31,615,24.28,26.0
13098.0,0.06767706081710628,LOW,18,15169.46,3,223,12.647058823529411,11.0
13101.0,0.6137394137036468,MEDIUM,4,695.4,143,446,148.33333333333334,120.0
13102.0,0.08955341096744991,LOW,32,9917.71,42,448,13.96774193548387,15.0
13103.0,0.7713406251568976,HIGH,2,465.7,346,139,139.0,139.0
13104.0,0.4661438182765215,MEDIUM,6,987.06,42,520,103.6,118.0
13106.0,0.5297528164944028,MEDIUM,2,603.46,42,280,280.0,280.0
13107.0,0.18470173711207827,LOW,7,4656.67,84,497,82.5,74.0
13108.0,0.6546389863231615,MEDIUM,2,748.4599999999999,281,62,62.0,62.0
13109.0,0.5781404260884135,MEDIUM,2,717.3400000000001,66,394,394.0,394.0
13110.0,0.1135063321944535,LOW,10,2511.0400000000004,46,601,66.55555555555556,48.0
13113.0,0.11668192738603089,LOW,33,16771.170000000002,22,507,15.3125,10.0
13115.0,0.25479258126055004,LOW,7,4078.47,93,415,68.66666666666667,35.0
13117.0,0.1959529565394654,LOW,17,2112.52,30,501,30.9375,29.0
13118.0,0.29139481686529883,LOW,7,2017.3,117,230,37.833333333333336,31.0
13122.0,0.5478128913231399,MEDIUM,2,922.39,3,146,146.0,146.0
13123.0,0.8841710147833334,HIGH,2,506.75,381,56,56.0,56.0
13124.0,0.4203656369589373,MEDIUM,3,3401.8,161,132,65.5,65.5
13126.0,0.2988399746864399,LOW,10,2752.59,162,394,43.44444444444444,43.0
13129.0,0.5793139690671142,MEDIUM,2,233.25,361,77,77.0,77.0
13131.0,0.3858414838808021,LOW,5,2565.37,96,481,119.75,124.5
13133.0,0.7167640105348964,HIGH,3,200.45,182,185,92.5,92.5
13134.0,0.3133044478679501,LOW,5,1567.39,92,232,57.75,32.0
13135.0,0.6270245810786131,MEDIUM,2,3371.45,105,294,294.0,294.0
13136.0,0.16093559167397348,LOW,11,4893.63,51,588,58.5,57.0
13137.0,0.08193108130968682,LOW,13,5871.969999999999,1,409,33.583333333333336,17.0
13138.0,0.38337566169947285,LOW,4,801.07,42,263,87.33333333333333,107.0
13139.0,0.33753549713201936,LOW,4,4848.98,18,328,109.0,105.0
13140.0,0.41711842452544867,MEDIUM,5,1054.92,17,382,95.0,61.5
13141.0,0.1669415058877705,LOW,16,6668.360000000001,123,516,33.86666666666667,26.0
13144.0,0.8205746110611258,HIGH,2,135.35,241,98,98.0,98.0
13145.0,0.4079857327214073,MEDIUM,6,1009.72,0,507,101.4,83.0
13148.0,0.07460078616629609,LOW,24,7580.57,42,598,25.65217391304348,24.0
13149.0,0.30338219213515877,LOW,3,1132.62,15,182,91.0,91.0
13150.0,0.8644007866752732,HIGH,3,449.97,393,146,73.0,73.0
13151.0,0.5365047316201039,MEDIUM,3,2465.2100000000005,204,332,165.5,165.5
13152.0,0.6061355840060585,MEDIUM,7,2146.38,326,277,45.833333333333336,39.0
13154.0,0.5991441280324599,MEDIUM,3,1624.84,308,336,168.0,168.0
13155.0,0.6712490609806511,MEDIUM,4,967.92,235,165,54.333333333333336,44.0
13156.0,0.6482798605041944,MEDIUM,3,1586.54,294,290,145.0,145.0
13157.0,0.1981922709537429,LOW,8,4819.34,50,500,71.14285714285714,66.0
13158.0,0.28664040214059444,LOW,5,1508.18,3,293,73.0,52.0
13159.0,0.2561195796852225,LOW,2,843.09,15,9,9.0,9.0
13161.0,0.7216472878004403,HIGH,2,472.13,222,187,187.0,187.0
13162.0,0.11439223005456238,LOW,16,9275.490000000002,31,613,40.53333333333333,37.0
13164.0,0.9011701211534476,HIGH,2,372.2,478,98,98.0,98.0
13165.0,0.6546389863231615,MEDIUM,2,784.32,260,61,61.0,61.0
13166.0,0.584027683946024,MEDIUM,2,875.9300000000001,192,131,131.0,131.0
13167.0,0.393091338461306,LOW,3,751.3699999999999,39,259,129.0,129.0
13168.0,0.3731499016991151,LOW,4,1494.1999999999998,108,342,113.66666666666669,92.0
13169.0,0.5327648343634115,MEDIUM,2,632.4,161,309,309.0,309.0
13173.0,0.4692074172730793,MEDIUM,10,2212.11,276,362,39.888888888888886,28.0
13174.0,0.43296471970811135,MEDIUM,11,7286.6,225,418,41.5,36.5
13175.0,0.8793851751532027,HIGH,2,831.45,491,153,153.0,153.0
13178.0,0.0899214052125246,LOW,18,12725.45,42,589,34.1764705882353,35.0
13183.0,0.208133387371415,LOW,12,5473.379999999999,10,534,47.90909090909091,50.0
13184.0,0.1416841080041161,LOW,9,1472.1,39,159,19.375,17.0
13186.0,0.19608349419705048,LOW,2,1301.9400000000005,2,35,35.0,35.0
13187.0,0.810498496253052,HIGH,4,341.36,246,287,95.33333333333331,0.0
13190.0,0.8820467545309773,HIGH,3,570.66,453,188,93.5,93.5
13192.0,0.43937564259051376,MEDIUM,6,2558.58,4,591,117.8,95.0
13194.0,0.5678681853502238,MEDIUM,2,472.7799999999999,44,285,285.0,285.0
13196.0,0.511625307870142,MEDIUM,4,1783.19,171,355,118.33333333333331,130.0
13198.0,0.18291257038644956,LOW,7,4582.17,29,313,52.0,45.0
13199.0,0.055256950019134006,LOW,51,10887.25,1,642,12.44,10.5
13201.0,0.8921902719215354,HIGH,4,1233.0599999999995,411,140,46.333333333333336,44.0
13202.0,0.6155806597976244,MEDIUM,7,1580.3000000000002,303,336,55.66666666666666,46.0
13203.0,0.19785957488059353,LOW,8,2088.65,29,601,85.28571428571429,91.0
13206.0,0.499892998359398,MEDIUM,13,8308.19,309,332,27.166666666666668,18.0
13207.0,0.5342930583508064,MEDIUM,3,483.1200000000001,59,461,230.0,230.0
13208.0,0.32411939932493006,LOW,7,1587.4700000000005,64,581,96.33333333333331,76.0
13209.0,0.13263884421198177,LOW,10,6773.98,37,555,61.333333333333336,62.0
13211.0,0.26195763743814005,LOW,9,2307.9900000000007,4,638,79.5,61.5
13213.0,0.18356363589462385,LOW,10,3294.82,37,439,48.333333333333336,22.0
13214.0,0.5885196342176449,MEDIUM,7,3264.23,326,228,37.66666666666666,41.5
13217.0,0.5959341598955039,MEDIUM,4,666.48,31,533,177.0,24.0
13220.0,0.4323033978032653,MEDIUM,4,1243.29,94,390,129.66666666666666,33.0
13221.0,0.5805472039892932,MEDIUM,2,847.4100000000001,149,119,119.0,119.0
13223.0,0.46557556994849214,MEDIUM,6,969.12,109,464,92.4,92.0
13225.0,0.11831990024860535,LOW,14,14095.79,52,579,44.23076923076923,53.0
13226.0,0.6766098482852304,MEDIUM,2,312.46,182,120,120.0,120.0
13230.0,0.11035559273635509,LOW,28,5559.610000000001,47,492,17.74074074074074,12.0
13232.0,0.2600617197146389,LOW,5,1019.05,7,144,35.75,24.5
13233.0,0.6218944347926093,MEDIUM,3,875.5799999999999,245,358,178.5,178.5
13234.0,0.9055921105739804,HIGH,2,346.49999999999994,581,59,59.0,59.0
13238.0,0.5928129343088168,MEDIUM,4,624.75,72,426,141.66666666666666,159.0
13239.0,0.4678907867218473,MEDIUM,5,1594.69,170,240,59.75,30.0
13240.0,0.30004756456193754,LOW,8,1475.79,5,556,79.0,76.0
13242.0,0.43710947511044473,MEDIUM,7,699.3999999999999,21,555,92.16666666666669,97.5
13243.0,0.4548437889763419,MEDIUM,5,1220.38,112,428,106.5,90.5
13246.0,0.16381202568244382,LOW,10,3228.74,85,348,38.44444444444444,30.0
13248.0,0.37610810637818076,LOW,2,465.68,33,64,64.0,64.0
13249.0,0.33504093187001016,LOW,9,1608.93,1,592,73.625,55.5
13250.0,0.8939296683474898,HIGH,2,253.09,369,41,41.0,41.0
13252.0,0.7006658141321729,HIGH,2,399.3,303,231,231.0,231.0
13253.0,0.49242268343570234,MEDIUM,4,2951.11,65,546,182.0,182.0
13255.0,0.6701064202586167,MEDIUM,2,504.95,282,138,138.0,138.0
13258.0,0.39576478277006394,LOW,3,535.47,114,195,97.0,97.0
13259.0,0.6357794133801177,MEDIUM,8,1119.36,306,301,42.71428571428572,20.0
13261.0,0.6739189055253985,MEDIUM,2,944.1,177,17,17.0,17.0
13262.0,0.6104072806321931,MEDIUM,3,573.4499999999999,172,337,168.5,168.5
13263.0,0.06876616022614361,LOW,27,6094.06,17,305,11.23076923076923,7.0
13265.0,0.33130420745634737,LOW,3,1450.66,92,89,44.5,44.5
13266.0,0.11033421575787938,LOW,15,4836.360000000001,21,609,43.142857142857146,33.0
13267.0,0.05185517354813928,LOW,32,8027.66,1,639,20.29032258064516,17.0
13268.0,0.24870250072204816,LOW,6,2117.8100000000004,78,97,19.2,21.0
13269.0,0.05161859451914876,LOW,21,6172.54,18,628,31.05,19.0
13275.0,0.6499968383681602,MEDIUM,2,238.86,292,248,248.0,248.0
13276.0,0.6983999894947285,MEDIUM,4,1438.36,8,542,180.33333333333331,140.0
13277.0,0.33499914642019085,LOW,5,390.8,25,423,105.5,79.5
13278.0,0.6256178018107692,MEDIUM,3,893.1200000000001,308,210,105.0,105.0
13280.0,0.47596254439184005,MEDIUM,7,2293.33,31,522,86.5,45.0
13282.0,0.46603412982890957,MEDIUM,3,954.15,71,243,121.5,121.5
13283.0,0.5333692074499561,MEDIUM,3,305.20000000000005,94,454,226.5,226.5
13285.0,0.3900121783139497,LOW,5,2625.57,70,463,115.25,64.0
13287.0,0.8866320112123793,HIGH,3,781.59,512,101,50.5,50.5
13288.0,0.6827262554227845,MEDIUM,5,927.61,352,223,55.25,39.5
13291.0,0.191514764671935,LOW,11,3270.7900000000004,64,510,50.4,31.0
13292.0,0.5470209539149725,MEDIUM,4,665.14,193,242,80.0,78.0
13293.0,0.6357794133801177,MEDIUM,6,1192.94,301,276,54.8,42.0
13294.0,0.6690481400717463,MEDIUM,3,1689.5299999999995,98,456,227.5,227.5
13295.0,0.6357794133801177,MEDIUM,4,1101.97,268,217,72.0,35.0
13296.0,0.4980927080188589,MEDIUM,6,792.5099999999999,46,439,87.6,37.0
13297.0,0.49294580815823447,MEDIUM,3,2278.77,294,157,78.0,78.0
13299.0,0.5751623342472022,MEDIUM,3,1218.7,177,260,129.5,129.5
13300.0,0.7347312146582085,HIGH,3,1285.5100000000002,78,404,202.0,202.0
13301.0,0.4788518556936595,MEDIUM,4,618.09,12,188,62.333333333333336,64.0
13302.0,0.9288581940815049,HIGH,2,159.2,64,371,371.0,371.0
13304.0,0.6316079397999098,MEDIUM,4,1217.9900000000005,260,318,105.66666666666669,104.0
13305.0,0.14868920243576272,LOW,14,3086.8,1,546,41.53846153846154,27.0
13307.0,0.5720362862729962,MEDIUM,3,273.34,29,472,235.5,235.5
13308.0,0.8516600066449576,HIGH,2,1099.81,112,393,393.0,393.0
13309.0,0.31734602295555137,LOW,3,796.2200000000003,115,186,93.0,93.0
13310.0,0.3569145631467562,LOW,4,1226.8200000000002,115,195,64.66666666666667,56.0
13313.0,0.15168855107595575,LOW,10,2808.34,50,596,65.77777777777777,56.0
13316.0,0.20610962073006658,LOW,8,10743.07,40,508,72.0,37.0
13317.0,0.11464344360968085,LOW,18,5526.391,107,527,30.647058823529413,26.0
13319.0,0.05493055230150984,LOW,51,17868.14,0,641,12.46,12.5
13320.0,0.32984064923151313,LOW,5,1660.5500000000002,15,372,92.75,75.5
13324.0,0.1168944269304701,LOW,15,7190.509999999998,112,360,25.357142857142858,24.5
13327.0,0.05756641948107896,LOW,19,8245.46,21,608,33.333333333333336,32.5
13329.0,0.47378797873437645,MEDIUM,7,4323.97,275,368,61.0,32.0
13330.0,0.4703807724802271,MEDIUM,6,2796.1000000000004,1,562,112.2,110.0
13333.0,0.6753877378923682,MEDIUM,3,1015.74,320,247,123.0,123.0
13334.0,0.4983935347349224,MEDIUM,4,5408.07,99,461,153.33333333333334,116.0
13338.0,0.5158087806041262,MEDIUM,4,2445.62,66,545,181.0,142.0
13340.0,0.1874780871084225,LOW,10,20593.620000000003,14,549,60.77777777777778,34.0
13346.0,0.8911118837123144,HIGH,6,299.40000000000003,371,133,26.4,29.0
13357.0,0.39908792357874806,LOW,5,3805.51,166,369,92.0,66.0
13360.0,0.7927669457545714,HIGH,4,1553.65,340,269,89.0,45.0
13361.0,0.8571713237939789,HIGH,2,1450.5,381,145,145.0,145.0
13362.0,0.26213909054430923,LOW,5,3884.86,154,179,44.25,35.0
13368.0,0.5275049040719264,MEDIUM,4,1121.4999999999998,165,166,55.0,77.0
13371.0,0.8791406725525106,HIGH,2,2297.6600000000003,414,127,127.0,127.0
13373.0,0.3353235966452305,LOW,5,6330.52,67,574,143.25,128.0
13374.0,0.7131804513089931,HIGH,2,422.80000000000007,323,34,34.0,34.0
13376.0,0.34640688042228285,LOW,3,1019.76,8,135,67.0,67.0
13377.0,0.6874615709397088,MEDIUM,2,1552.88,305,249,249.0,249.0
13381.0,0.11961068617656574,LOW,10,7046.39,22,624,68.88888888888889,76.0
13382.0,0.6024954469525756,MEDIUM,5,1387.58,189,451,112.25,122.0
13384.0,0.185691534961349,LOW,6,4284.74,37,371,73.8,49.0
13386.0,0.765334566424376,HIGH,2,835.46,323,22,22.0,22.0
13388.0,0.6260929788608078,MEDIUM,3,1185.65,40,472,236.0,236.0
13393.0,0.8790733834556779,HIGH,4,1131.45,492,148,49.0,68.0
13394.0,0.09955156133136377,LOW,16,5645.13,24,622,41.0,37.0
13395.0,0.46603412982890957,MEDIUM,3,1180.23,94,236,118.0,118.0
13397.0,0.186367987279814,LOW,9,2875.9300000000003,19,578,71.875,58.0
13398.0,0.6096321192780159,MEDIUM,2,670.34,101,256,256.0,256.0
13399.0,0.8779306485311369,HIGH,3,275.4,373,54,27.0,27.0
13402.0,0.6662809464636916,MEDIUM,4,1226.85,36,437,145.0,133.0
13403.0,0.621629365738415,MEDIUM,2,154.5,296,335,335.0,335.0
13405.0,0.41402775775074124,MEDIUM,5,1198.8100000000002,113,520,129.5,134.0
13406.0,0.7703938065919886,HIGH,2,568.9200000000001,336,204,204.0,204.0
13407.0,0.8852865511355336,HIGH,3,2244.7,487,83,41.0,41.0
13408.0,0.055256950019134006,LOW,85,39894.422000000006,8,636,7.190476190476191,7.0
13410.0,0.3159031518651915,LOW,7,1743.94,96,544,90.33333333333331,63.5
13413.0,0.8742620186220335,HIGH,6,429.44,548,47,9.2,0.0
13414.0,0.3624139438459333,LOW,6,2494.1400000000003,42,469,93.4,72.0
13415.0,0.8446380367615416,HIGH,4,784.17,381,255,85.0,98.0
13417.0,0.472489036419521,MEDIUM,5,1264.6600000000003,114,464,115.75,60.5
13418.0,0.05185517354813928,LOW,28,10176.36,7,629,22.96296296296296,16.0
13420.0,0.7484961250130414,HIGH,2,159.85,58,20,20.0,20.0
13421.0,0.3981919085574424,LOW,7,3050.08,199,373,62.0,65.0
13425.0,0.46568106059835596,MEDIUM,5,3390.43,17,471,117.25,98.0
13426.0,0.10695230982439004,LOW,17,6084.74,91,547,33.75,28.0
13427.0,0.32964870883478553,LOW,5,888.7900000000001,29,601,150.0,138.0
13428.0,0.835823547177923,HIGH,2,276.76,423,0,0.0,0.0
13431.0,0.519081297631725,MEDIUM,6,2047.14,315,253,50.2,62.0
13432.0,0.9030982450554615,HIGH,2,439.1,480,40,40.0,40.0
13433.0,0.8253184025757769,HIGH,4,658.3199999999999,410,195,64.66666666666667,93.0
13434.0,0.679935728644789,MEDIUM,4,1205.46,5,559,186.0,195.0
13435.0,0.3073473233911381,LOW,5,1725.56,19,389,97.0,92.5
13437.0,0.1534434382642063,LOW,4,2173.6,8,91,30.0,30.0
13439.0,0.5697775705269327,MEDIUM,3,986.61,164,270,135.0,135.0
13440.0,0.8327814075942573,HIGH,7,1295.2500000000002,332,28,4.5,0.0
13441.0,0.656455975516291,MEDIUM,2,720.9,0,339,339.0,339.0
13442.0,0.8808811479708415,HIGH,3,419.87000000000006,576,70,35.0,35.0
13443.0,0.6517851325403137,MEDIUM,6,1273.16,357,228,45.4,52.0
13444.0,0.6485396595979432,MEDIUM,2,619.08,283,131,131.0,131.0
13446.0,0.7175514050191537,HIGH,11,3881.89,339,233,22.9,19.5
13448.0,0.28022435076131247,LOW,11,6634.5,127,514,51.1,32.0
13450.0,0.21013861162359582,LOW,11,3497.78,33,478,47.3,33.0
13451.0,0.14639768481636514,LOW,10,6577.3,35,502,55.333333333333336,56.0
13452.0,0.5762140466635853,MEDIUM,3,729.8,168,213,106.5,106.5
13453.0,0.45965497806746536,MEDIUM,3,781.69,74,236,117.5,117.5
13455.0,0.5279763235728319,MEDIUM,5,1847.59,275,364,90.5,104.5
13456.0,0.38149329981573554,LOW,3,855.0600000000001,64,51,25.5,25.5
13457.0,0.9313457209320887,HIGH,2,148.22,597,48,48.0,48.0
13458.0,0.08515186302286508,LOW,12,9991.12,8,288,25.818181818181817,24.0
13459.0,0.8866320112123793,HIGH,2,1160.41,533,57,57.0,57.0
13461.0,0.34493644543623814,LOW,5,3599.2000000000003,47,458,114.25,94.5
13462.0,0.5432866456289472,MEDIUM,5,1153.85,161,473,118.0,105.0
13464.0,0.5021577316942784,MEDIUM,5,2422.96,303,223,55.75,39.0
13465.0,0.5263277086332269,MEDIUM,2,931.12,355,139,139.0,139.0
13466.0,0.5079855300403351,MEDIUM,5,1013.3499999999998,93,444,110.75,109.5
13468.0,0.055256950019134006,LOW,64,11827.330000000002,1,643,9.761904761904765,9.0
13470.0,0.5288266952089686,MEDIUM,2,165.0,8,15,15.0,15.0
13472.0,0.8899975369744227,HIGH,2,592.2399999999999,372,91,91.0,91.0
13473.0,0.3716646035676426,LOW,7,2476.38,241,391,64.66666666666667,33.0
13474.0,0.5392733955721735,MEDIUM,3,646.5900000000003,145,258,129.0,129.0
13475.0,0.23019933537343107,LOW,4,1431.7800000000002,100,107,35.333333333333336,36.0
13476.0,0.5336986230688234,MEDIUM,5,2061.4700000000003,87,466,116.0,113.5
13477.0,0.198470642062649,LOW,9,2264.14,47,545,67.875,63.5
13478.0,0.7673604174864727,HIGH,5,2215.78,378,207,51.25,57.5
13479.0,0.46944396823565276,MEDIUM,4,851.37,109,276,91.33333333333331,33.0
13480.0,0.7336889117249302,HIGH,2,627.82,325,262,262.0,262.0
13481.0,0.12035588635174474,LOW,10,3387.61,17,627,69.11111111111111,81.0
13482.0,0.7279522727804517,HIGH,2,336.0900000000001,141,395,395.0,395.0
13484.0,0.6201828342301041,MEDIUM,3,790.7199999999999,150,398,199.0,199.0
13485.0,0.3324192236607334,LOW,11,3019.22,142,503,49.9,31.0
13486.0,0.35174526110402454,LOW,2,819.6099999999999,37,26,26.0,26.0
13487.0,0.5140417560475733,MEDIUM,4,680.2700000000001,122,521,173.66666666666666,152.0
13488.0,0.07948117346968546,LOW,19,11834.03,29,563,30.944444444444443,26.5
13489.0,0.41312177552003526,MEDIUM,4,449.52,14,189,62.66666666666666,52.0
13491.0,0.08160808716240193,LOW,26,4340.29,56,585,22.92,20.0
13492.0,0.2895845434493515,LOW,3,1269.84,45,78,38.5,38.5
13493.0,0.4611927988091159,MEDIUM,2,618.63,184,11,11.0,11.0
13495.0,0.33703568093093117,LOW,8,3890.87,141,500,71.0,44.0
13497.0,0.5231554255059063,MEDIUM,6,1166.8300000000002,191,386,76.8,85.0
13499.0,0.6157624909342714,MEDIUM,2,463.79,134,44,44.0,44.0
13500.0,0.5145131561997434,MEDIUM,2,625.93,31,278,278.0,278.0
13501.0,0.47850718753578014,MEDIUM,3,2885.11,197,282,140.5,140.5
13502.0,0.5629114043463256,MEDIUM,4,677.66,183,273,90.33333333333331,91.0
13503.0,0.7513576852852649,HIGH,5,1642.39,388,181,45.0,38.0
13505.0,0.2101673384113156,LOW,3,2583.1200000000003,75,66,32.5,32.5
13506.0,0.6483049370831744,MEDIUM,5,1338.0800000000002,225,144,35.75,35.0
13507.0,0.14611748234166458,LOW,3,2022.79,7,47,23.5,23.5
13508.0,0.8551433890693888,HIGH,2,287.04999999999995,152,399,399.0,399.0
13509.0,0.4226711655011108,MEDIUM,6,840.02,8,407,81.0,49.0
13510.0,0.14120385874147143,LOW,9,3664.54,4,623,77.375,70.0
13512.0,0.5762140466635853,MEDIUM,4,713.39,169,322,107.0,102.0
13513.0,0.6702387316493519,MEDIUM,3,824.59,35,528,263.5,263.5
13514.0,0.7606202515943836,HIGH,3,663.7,337,253,126.5,126.5
13515.0,0.4680310021105067,MEDIUM,5,898.6599999999999,26,527,131.25,147.0
13516.0,0.49465366798392796,MEDIUM,2,441.85,147,179,179.0,179.0
13517.0,0.25677467334421294,LOW,2,1612.1800000000003,15,73,73.0,73.0
13520.0,0.14340107094269994,LOW,10,5929.63,46,585,64.66666666666667,59.0
13523.0,0.23240678124769487,LOW,4,2938.9300000000003,108,202,67.0,35.0
13524.0,0.45178556223289595,MEDIUM,3,408.86,10,118,58.5,58.5
13526.0,0.8662423945610102,HIGH,2,1182.0000000000002,647,0,0.0,0.0
13527.0,0.18125530815276183,LOW,9,3661.45,14,582,72.375,87.0
13531.0,0.41605594386102895,MEDIUM,6,1433.07,114,531,106.0,132.0
13533.0,0.537340909272223,MEDIUM,3,269.09000000000003,91,84,42.0,42.0
13534.0,0.09430963650940757,LOW,31,6222.35,16,412,13.333333333333334,12.0
13537.0,0.8401144747208533,HIGH,2,717.8499999999999,334,26,26.0,26.0
13538.0,0.19596828482457648,LOW,11,2813.03,3,581,57.6,31.0
13539.0,0.43877673175435533,MEDIUM,6,1253.6699999999998,149,350,69.4,68.0
13540.0,0.8926918847082471,HIGH,3,632.3900000000001,376,188,94.0,94.0
13541.0,0.7890782098507363,HIGH,2,785.25,336,143,143.0,143.0
13542.0,0.6675615658070513,MEDIUM,17,3959.49,285,352,21.5625,18.5
13543.0,0.8812932111997709,HIGH,2,1439.61,543,52,52.0,52.0
13544.0,0.7354430205655411,HIGH,5,627.15,149,404,100.75,116.0
13545.0,0.7150839728348369,HIGH,2,364.93,299,153,153.0,153.0
13546.0,0.43546230876598707,MEDIUM,3,647.4099999999999,109,223,111.5,111.5
13548.0,0.6254816531961089,MEDIUM,3,901.44,5,375,187.0,187.0
13549.0,0.34218843050405084,LOW,6,849.65,51,245,48.6,40.0
13551.0,0.7358272279041442,HIGH,2,244.2,228,346,346.0,346.0
13552.0,0.08840754431497662,LOW,19,5971.76,32,534,29.33333333333333,22.0
13554.0,0.602770404207256,MEDIUM,7,1629.35,289,66,10.666666666666666,10.5
13555.0,0.18568648636140697,LOW,11,6383.01,110,487,48.5,38.0
13556.0,0.7528957856256959,HIGH,2,200.82,338,6,6.0,6.0
13557.0,0.4438619843640368,MEDIUM,12,2688.88,189,450,40.36363636363637,23.0
13559.0,0.8993906852276069,HIGH,2,990.0,421,30,30.0,30.0
13561.0,0.4264881860784246,MEDIUM,11,1803.4,124,433,43.0,29.5
13562.0,0.37323271763045257,LOW,7,4248.58,50,552,91.66666666666669,115.0
13564.0,0.31174300624881884,LOW,37,16498.97,53,593,16.055555555555557,10.0
13565.0,0.7036867568859764,HIGH,2,284.75999999999993,243,76,76.0,76.0
13566.0,0.7606202515943836,HIGH,3,831.76,343,205,102.0,102.0
13567.0,0.8100015629449857,HIGH,4,1079.29,337,113,37.333333333333336,43.0
13569.0,0.6172896969559953,MEDIUM,3,497.74000000000007,276,60,29.5,29.5
13571.0,0.05332440529845678,LOW,21,3532.15,1,638,31.4,27.0
13573.0,0.4930582895515911,MEDIUM,5,646.0400000000001,162,383,95.25,97.0
13575.0,0.3216980641295971,LOW,2,218.75,42,42,42.0,42.0
13576.0,0.053647309977183276,LOW,23,9326.19,5,634,28.363636363636363,28.0
13577.0,0.1387863794714249,LOW,10,2995.4800000000005,1,632,69.88888888888889,69.0
13579.0,0.6425602639887713,MEDIUM,4,1071.9999999999998,278,290,96.0,53.0
13581.0,0.7836831902155871,HIGH,2,280.53000000000003,218,104,104.0,104.0
13582.0,0.6344058198646518,MEDIUM,2,241.68,298,227,227.0,227.0
13583.0,0.8951940007281619,HIGH,2,1445.031,64,523,523.0,523.0
13584.0,0.7353658258232025,HIGH,3,385.7,215,369,184.0,184.0
13585.0,0.8546952609779757,HIGH,3,684.54,439,207,103.5,103.5
13587.0,0.485532367220318,MEDIUM,3,961.1,358,214,107.0,107.0
13588.0,0.26974575246927784,LOW,4,1420.7200000000005,8,155,51.333333333333336,20.0
13589.0,0.4899951234031264,MEDIUM,5,888.0900000000001,88,554,138.0,115.5
13590.0,0.12488846537053848,LOW,16,5470.5,59,587,38.8,39.0
13591.0,0.41605594386102895,MEDIUM,6,1753.04,113,520,103.8,122.0
13592.0,0.3912078135038116,LOW,3,205.51,114,58,29.0,29.0
13593.0,0.14868920243576272,LOW,14,5493.290000000001,17,538,41.07692307692308,41.0
13595.0,0.8655331666601216,HIGH,3,784.48,425,129,64.5,64.5
13597.0,0.7194244968844757,HIGH,2,396.71,309,2,2.0,2.0
13598.0,0.8569659605930604,HIGH,4,601.9200000000001,404,156,52.0,72.0
13599.0,0.09635141157740494,LOW,20,6974.960000000001,65,581,30.31578947368421,29.0
13600.0,0.7621399399861242,HIGH,2,518.42,221,321,321.0,321.0
13601.0,0.5612907531973571,MEDIUM,3,839.87,120,335,167.5,167.5
13602.0,0.49615533587395216,MEDIUM,3,596.2800000000001,290,179,89.5,89.5
13605.0,0.6526605918026652,MEDIUM,2,522.67,296,184,184.0,184.0
13606.0,0.5696286295532885,MEDIUM,2,246.63,152,68,68.0,68.0
13610.0,0.25336307105326406,LOW,12,1786.14,19,593,53.27272727272727,55.0
13611.0,0.16939902860781286,LOW,9,2780.25,79,566,70.375,68.0
13613.0,0.672174334533777,MEDIUM,5,1039.85,361,207,51.75,17.0
13614.0,0.4711517744927843,MEDIUM,4,1526.16,73,387,128.66666666666666,157.0
13615.0,0.5426390685324519,MEDIUM,8,6272.53,227,361,51.142857142857146,58.0
13616.0,0.8994197743543005,HIGH,2,283.85,477,122,122.0,122.0
13617.0,0.3204952269578095,LOW,7,1100.2700000000002,22,381,63.16666666666666,29.5
13619.0,0.8689251770041883,HIGH,2,224.94,453,129,129.0,129.0
13623.0,0.13219155452179246,LOW,9,2344.49,119,527,65.25,48.0
13626.0,0.5931459012370769,MEDIUM,2,707.0400000000001,161,126,126.0,126.0
13627.0,0.5100733330722755,MEDIUM,5,1634.43,85,463,115.5,141.0
13629.0,0.10271034836049528,LOW,16,11296.86,8,567,37.266666666666666,33.0
13630.0,0.21377059978606125,LOW,5,1361.46,14,179,44.5,50.0
13631.0,0.17203826525001384,LOW,11,3070.42,8,167,16.5,8.5
13632.0,0.2936788500320752,LOW,6,2339.1400000000003,82,438,87.2,60.0
13634.0,0.15752005542214306,LOW,14,4242.38,15,591,45.0,47.0
13635.0,0.4238763000344379,MEDIUM,3,1928.13,351,296,147.5,147.5
13636.0,0.35430735852656636,LOW,4,646.5500000000001,31,163,54.0,24.0
13637.0,0.46262216343326634,MEDIUM,2,678.6500000000001,96,39,39.0,39.0
13641.0,0.8941880433299315,HIGH,5,1016.47,549,93,22.75,7.0
13642.0,0.6445290481191762,MEDIUM,4,472.2,124,217,72.33333333333333,0.0
13643.0,0.19791345545982048,LOW,9,1896.73,7,632,78.5,77.0
13646.0,0.7194244968844757,HIGH,2,326.24999999999994,308,0,0.0,0.0
13647.0,0.35270322300268253,LOW,6,2197.42,84,428,85.0,59.0
13648.0,0.5240966282747382,MEDIUM,8,1764.0200000000002,309,337,47.71428571428572,62.0
13649.0,0.4678907867218473,MEDIUM,6,1453.6799999999998,165,270,53.4,35.0
13650.0,0.3834718860871845,LOW,6,2197.1800000000003,116,475,94.6,106.0
13652.0,0.4969758158872758,MEDIUM,4,1805.21,165,395,131.33333333333334,112.0
13654.0,0.16406815214270215,LOW,9,5314.9400000000005,54,592,73.5,57.5
13655.0,0.5228927842354454,MEDIUM,6,2280.5100000000007,23,477,95.2,127.0
13656.0,0.5831328186588925,MEDIUM,4,1078.85,73,430,143.0,162.0
13658.0,0.4698974406007706,MEDIUM,5,4319.629999999999,113,468,116.75,117.0
13659.0,0.3061457270695383,LOW,12,4884.68,114,455,41.0,24.0
13662.0,0.30961973407880405,LOW,10,1868.79,121,446,49.44444444444444,47.0
13663.0,0.5336986230688234,MEDIUM,5,2047.51,88,467,116.5,119.5
13665.0,0.5620512727638579,MEDIUM,3,1711.66,295,117,58.5,58.5
13666.0,0.6183809121131982,MEDIUM,4,107.29999999999998,196,448,149.0,132.0
13668.0,0.06095018638423224,LOW,30,11539.62,22,614,20.689655172413797,19.0
13669.0,0.41927965415465945,MEDIUM,2,243.15,58,257,257.0,257.0
13672.0,0.6146259117319174,MEDIUM,3,419.92,210,429,214.0,214.0
13675.0,0.5233919299792719,MEDIUM,2,486.8200000000001,60,133,133.0,133.0
13676.0,0.8653572589486933,HIGH,2,243.9,448,80,80.0,80.0
13677.0,0.6485396595979432,MEDIUM,2,551.2400000000001,313,115,115.0,115.0
13679.0,0.8746882602385581,HIGH,3,281.26000000000005,402,241,120.5,120.5
13680.0,0.3427830039570522,LOW,10,10092.14,246,397,43.66666666666666,26.0
13684.0,0.5868573940628362,MEDIUM,4,594.88,194,335,111.0,104.0
13686.0,0.5752554523070826,MEDIUM,3,409.04,91,218,109.0,109.0
13692.0,0.2636832401564596,LOW,4,2497.66,122,206,68.33333333333333,22.0
13693.0,0.5101741087258024,MEDIUM,9,2011.82,283,358,44.25,20.0
13694.0,0.055256950019134006,LOW,132,176512.71000000002,16,627,4.496183206106871,1.0
13695.0,0.3245310530686098,LOW,13,2033.67,7,479,39.583333333333336,16.5
13696.0,0.6031641298857879,MEDIUM,3,2020.4,330,244,121.5,121.5
13698.0,0.8930378496389401,HIGH,2,451.73,505,85,85.0,85.0
13699.0,0.6999163078870352,MEDIUM,2,764.15,64,395,395.0,395.0
13700.0,0.2698900988757291,LOW,11,1983.11,1,578,57.5,42.5
13703.0,0.6979046304134712,MEDIUM,2,425.56,227,96,96.0,96.0
13705.0,0.36292006456596526,LOW,6,1528.0099999999998,53,479,95.2,68.0
13706.0,0.7829719726252601,HIGH,2,631.1700000000001,211,324,324.0,324.0
13707.0,0.36181323694922274,LOW,5,3365.86,176,269,67.0,77.0
13709.0,0.17299372310099462,LOW,10,4182.51,10,595,65.77777777777777,70.0
13710.0,0.7992478602426875,HIGH,2,329.04,332,188,188.0,188.0
13711.0,0.3293643552365536,LOW,9,1792.2600000000002,127,505,62.75,35.0
13712.0,0.7966089390855291,HIGH,2,766.4200000000001,155,364,364.0,364.0
13713.0,0.6533188514368972,MEDIUM,3,740.76,317,174,87.0,87.0
13715.0,0.5456010794971258,MEDIUM,17,8153.040000000001,190,357,21.8125,19.5
13717.0,0.27148637005830556,LOW,6,1274.28,37,356,70.8,57.0
13718.0,0.6474181215703565,MEDIUM,2,306.55,155,49,49.0,49.0
13719.0,0.26282805927825936,LOW,8,2080.14,114,365,51.71428571428572,29.0
13720.0,0.3121548598258816,LOW,4,799.9,25,138,45.333333333333336,59.0
13722.0,0.1722452447667204,LOW,10,5635.41,40,514,57.0,28.0
13723.0,0.5090611733747993,MEDIUM,6,1194.0800000000002,126,394,78.6,50.0
13725.0,0.24952521807011055,LOW,7,1865.7,78,139,22.83333333333333,17.5
13727.0,0.6509900355263645,MEDIUM,6,740.6700000000001,520,118,23.4,28.0
13728.0,0.10641495572523463,LOW,15,2636.0500000000006,16,622,43.785714285714285,37.5
13729.0,0.7606202515943836,HIGH,3,724.7300000000002,344,248,123.5,123.5
13730.0,0.3997634818921306,LOW,2,752.6,44,25,25.0,25.0
13731.0,0.6504712063881564,MEDIUM,2,610.59,128,27,27.0,27.0
13733.0,0.7706067411690372,HIGH,2,487.03,319,324,324.0,324.0
13734.0,0.931610723955485,HIGH,4,6695.69,417,94,31.0,9.0
13735.0,0.15895214166049434,LOW,11,8288.92,84,550,54.6,40.5
13736.0,0.3241307143546146,LOW,6,2380.2,169,473,94.2,85.0
13740.0,0.5453587183850646,MEDIUM,5,1582.77,149,496,123.75,125.0
13741.0,0.5037923979934009,MEDIUM,2,363.13000000000005,92,33,33.0,33.0
13742.0,0.1066921149365505,LOW,10,2632.5700000000006,71,157,17.11111111111111,16.0
13743.0,0.28887477443330123,LOW,5,912.1199999999998,16,151,37.25,40.0
13744.0,0.5866814381033741,MEDIUM,2,1080.52,4,197,197.0,197.0
13745.0,0.8156318281897936,HIGH,2,777.36,71,383,383.0,383.0
13747.0,0.8259284325165187,HIGH,2,169.79999999999998,282,51,51.0,51.0
13748.0,0.2272661355959315,LOW,9,2064.35,4,642,80.0,17.5
13750.0,0.16004225405868283,LOW,10,3271.55,49,476,52.44444444444444,37.0
13752.0,0.3975790948591954,LOW,7,1579.8300000000002,33,403,66.83333333333333,29.5
13753.0,0.5386299065076171,MEDIUM,4,2094.57,196,449,149.33333333333334,85.0
13754.0,0.5526392976037616,MEDIUM,3,447.05,60,285,142.0,142.0
13756.0,0.08361356120036557,LOW,17,6438.76,2,630,38.8125,28.0
13758.0,0.13225387098802033,LOW,13,7859.1,110,537,44.333333333333336,32.5
13760.0,0.5697775705269327,MEDIUM,4,1211.94,165,336,112.0,131.0
13761.0,0.34839769013534594,LOW,5,1373.23,88,476,118.75,76.5
13762.0,0.4265154187540547,MEDIUM,5,2472.48,127,479,119.25,43.5
13763.0,0.6291824095942687,MEDIUM,2,3502.48,326,17,17.0,17.0
13764.0,0.3923971097510958,LOW,5,2343.49,53,498,124.25,133.0
13767.0,0.055256950019134006,LOW,64,26359.58,17,629,9.555555555555555,5.0
13768.0,0.9407979601657095,HIGH,2,875.97,635,4,4.0,4.0
13769.0,0.07929377417366934,LOW,18,4858.23,1,631,36.70588235294117,33.0
13770.0,0.6995320266335714,MEDIUM,4,785.3700000000001,331,308,102.33333333333331,84.0
13771.0,0.282817162532049,LOW,7,4559.22,108,453,75.0,31.5
13772.0,0.3486973321715896,LOW,7,2660.36,5,557,92.33333333333331,91.0
13773.0,0.7453966957225531,HIGH,2,301.54,305,263,263.0,263.0
13776.0,0.7538396356324492,HIGH,2,623.98,337,0,0.0,0.0
13777.0,0.08066751134161147,LOW,52,36021.340000000004,38,608,11.509803921568627,11.0
13778.0,0.6405036779849136,MEDIUM,4,1124.4899999999998,12,462,153.66666666666666,42.0
13780.0,0.5083163147433036,MEDIUM,2,488.34,79,236,236.0,236.0
13781.0,0.6948502416307089,MEDIUM,3,778.8300000000002,159,470,234.5,234.5
13782.0,0.12229300077012345,LOW,10,1362.0100000000002,33,608,67.22222222222223,48.0
13783.0,0.7862571820798335,HIGH,4,1542.0899999999997,396,185,61.0,69.0
13784.0,0.09762718393933877,LOW,12,2571.59,3,356,31.90909090909091,19.0
13785.0,0.881653779285844,HIGH,4,542.49,337,31,10.0,0.0
13786.0,0.4554355468038129,MEDIUM,6,3127.99,276,368,73.4,26.0
13787.0,0.5842594277932976,MEDIUM,5,1019.86,273,330,82.25,94.5
13791.0,0.28886997661301944,LOW,2,1516.0,36,40,40.0,40.0
13792.0,0.608003999340681,MEDIUM,2,262.99999999999994,196,135,135.0,135.0
13795.0,0.5935815226650575,MEDIUM,4,836.2999999999998,297,249,82.33333333333333,101.0
13797.0,0.7284581866504163,HIGH,3,1179.45,345,210,105.0,105.0
13798.0,0.055256950019134006,LOW,95,67436.16,2,637,6.351063829787234,6.0
13799.0,0.1882815840061487,LOW,9,2803.57,25,527,65.5,34.5
13800.0,0.6840453006765094,MEDIUM,3,1679.56,218,427,213.0,213.0
13802.0,0.11377764492929887,LOW,19,26259.11,47,523,28.666666666666668,20.0
13803.0,0.6596671971857565,MEDIUM,3,1338.91,164,363,181.5,181.5
13804.0,0.26301107203801805,LOW,6,2098.74,5,340,67.6,44.0
13807.0,0.6870278141397106,MEDIUM,3,422.2000000000001,276,368,184.0,184.0
13808.0,0.35645698148108595,LOW,2,723.1,2,3,3.0,3.0
13809.0,0.6954607196914756,MEDIUM,3,679.6999999999999,214,155,77.0,77.0
13811.0,0.38149329981573554,LOW,3,814.5,92,55,27.0,27.0
13813.0,0.3318903133676291,LOW,5,1783.7500000000002,43,599,149.25,70.0
13814.0,0.7254582185758807,HIGH,3,2257.32,1,434,216.5,216.5
13815.0,0.205901338239328,LOW,6,6426.130000000001,81,493,98.4,88.0
13819.0,0.5366286208476486,MEDIUM,6,2642.3500000000004,210,436,86.8,10.0
13820.0,0.6759513294159089,MEDIUM,3,652.75,327,262,130.5,130.5
13821.0,0.46510572126458444,MEDIUM,6,1379.0800000000002,53,559,111.2,116.0
13823.0,0.30256210751050067,LOW,6,3096.21,0,632,126.0,107.0
13824.0,0.20262294224468858,LOW,11,3045.66,44,501,49.6,47.0
13825.0,0.8689251770041883,HIGH,2,255.59,530,108,108.0,108.0
13827.0,0.22188103266596337,LOW,2,300.75999999999993,42,9,9.0,9.0
13831.0,0.13384893035846032,LOW,16,5837.939999999999,47,590,38.86666666666667,21.0
13833.0,0.6059911257339329,MEDIUM,2,700.41,68,244,244.0,244.0
13834.0,0.9011701211534476,HIGH,2,324.19,485,92,92.0,92.0
13835.0,0.38174279881337336,LOW,5,798.0400000000001,64,490,122.0,82.0
13836.0,0.7290516029936355,HIGH,2,620.3700000000001,308,15,15.0,15.0
13837.0,0.5738588454939154,MEDIUM,2,266.59000000000003,120,105,105.0,105.0
13838.0,0.33500359650627964,LOW,9,1482.79,26,461,57.5,3.0
13842.0,0.10695230982439004,LOW,16,4098.99,64,505,33.2,30.0
13846.0,0.5275049040719264,MEDIUM,3,1106.66,151,157,78.0,78.0
13848.0,0.26167801666574514,LOW,8,3015.0,1,637,90.71428571428572,73.0
13849.0,0.5083950870896476,MEDIUM,4,2524.93,79,453,150.66666666666666,190.0
13851.0,0.3860195471436462,LOW,8,4606.46,4,584,82.85714285714286,46.0
13854.0,0.05328006045930395,LOW,34,10304.199999999995,1,608,17.939393939393938,14.0
13855.0,0.8176368947415763,HIGH,4,1310.34,409,230,76.0,95.0
13856.0,0.5001689928415185,MEDIUM,11,1142.03,77,450,44.5,19.5
13857.0,0.595393904871833,MEDIUM,6,1001.01,302,177,35.0,27.0
13859.0,0.6406898906000961,MEDIUM,2,515.8600000000001,235,203,203.0,203.0
13861.0,0.8347956883459662,HIGH,2,273.26,338,101,101.0,101.0
13862.0,0.2506933233159602,LOW,7,2128.03,17,281,46.333333333333336,45.0
13863.0,0.49870374957943153,MEDIUM,4,1239.55,156,345,114.66666666666669,76.0
13865.0,0.347370409767052,LOW,3,383.34,45,152,76.0,76.0
13869.0,0.252172204318626,LOW,10,7996.869999999999,32,567,62.66666666666666,60.0
13870.0,0.18974079961536736,LOW,12,5120.61,10,567,51.27272727272727,35.0
13871.0,0.10266990378887357,LOW,13,6095.24,1,626,51.75,31.0
13872.0,0.8759369460631761,HIGH,3,919.57,436,198,99.0,99.0
13873.0,0.38013288475811324,LOW,8,1038.92,28,526,74.57142857142857,73.0
13874.0,0.5383052261350554,MEDIUM,7,2049.15,267,314,52.0,39.0
13875.0,0.13512427604928257,LOW,13,4452.38,42,588,48.75,49.0
13877.0,0.8543118647447802,HIGH,2,332.4400000000001,379,219,219.0,219.0
13878.0,0.677110264116389,MEDIUM,3,1145.3300000000002,456,56,27.5,27.5
13880.0,0.18992063661725422,LOW,12,2754.8500000000004,54,416,37.45454545454545,41.0
13881.0,0.08915691790565085,LOW,34,37418.26,4,549,16.272727272727273,14.0
13883.0,0.25890142061211757,LOW,14,5628.32,127,512,39.0,28.0
13884.0,0.536373511619583,MEDIUM,8,1233.6799999999998,186,192,27.0,8.0
13885.0,0.32392425523972956,LOW,2,506.8,98,11,11.0,11.0
13888.0,0.3026354745989482,LOW,7,2001.59,28,455,75.5,84.5
13889.0,0.5254467762978509,MEDIUM,6,1991.23,1,593,118.2,63.0
13890.0,0.19401196777114704,LOW,6,1544.6799999999998,16,625,124.6,87.0
13891.0,0.6256178018107692,MEDIUM,3,859.21,287,203,101.5,101.5
13892.0,0.5732296331320668,MEDIUM,3,689.2,155,329,164.0,164.0
13895.0,0.5692503084589015,MEDIUM,4,2352.75,52,593,197.0,220.0
13897.0,0.5049860507460054,MEDIUM,2,849.56,347,238,238.0,238.0
13898.0,0.6897771215484761,MEDIUM,2,686.4,234,85,85.0,85.0
13900.0,0.4511219339145343,MEDIUM,6,1610.59,92,441,88.0,115.0
13901.0,0.15274817646205918,LOW,14,5461.419999999999,16,596,45.61538461538461,49.0
13902.0,0.9311603061119788,HIGH,5,34095.26,541,92,22.5,26.0
13908.0,0.2372389949533373,LOW,3,1461.61,35,149,74.5,74.5
13909.0,0.7830369265472069,HIGH,2,282.8499999999999,332,98,98.0,98.0
13911.0,0.09224474411328352,LOW,19,4091.71,53,503,27.444444444444443,22.0
13916.0,0.8467862759618426,HIGH,4,1275.81,372,211,70.33333333333333,77.0
13919.0,0.6610706994321541,MEDIUM,3,1189.02,30,419,209.0,209.0
13920.0,0.7537366506723645,HIGH,4,1774.6799999999998,340,130,43.0,38.0
13921.0,0.6256178018107692,MEDIUM,4,730.7000000000002,311,319,105.66666666666669,116.0
13922.0,0.6443866736041617,MEDIUM,3,865.1999999999999,260,115,57.5,57.5
13925.0,0.28327874567738204,LOW,4,678.25,1,42,14.0,13.0
13928.0,0.2203156226837553,LOW,2,225.45,15,26,26.0,26.0
13929.0,0.1981380987053315,LOW,11,3494.1,78,525,52.3,46.5
13931.0,0.2698172163671656,LOW,11,5257.379999999999,4,640,63.7,32.0
13933.0,0.3909188547690665,LOW,2,608.7899999999998,18,39,39.0,39.0
13935.0,0.800494282810763,HIGH,3,6116.92,505,55,27.5,27.5
13936.0,0.46603412982890957,MEDIUM,3,939.66,88,234,116.5,116.5
13937.0,0.5902048206325403,MEDIUM,2,880.13,78,233,233.0,233.0
13939.0,0.44750692631612554,MEDIUM,6,1382.62,17,503,100.4,97.0
13940.0,0.29783300041009486,LOW,2,391.06,25,27,27.0,27.0
13941.0,0.12354616149982683,LOW,13,7745.48,80,551,45.41666666666666,26.0
13945.0,0.6634481451060301,MEDIUM,2,854.1499999999999,303,85,85.0,85.0
13946.0,0.4984969426722856,MEDIUM,5,1800.63,110,534,133.0,104.0
13948.0,0.6713816039826187,MEDIUM,4,548.76,269,374,124.66666666666669,87.0
13951.0,0.43241889279949924,MEDIUM,3,674.4499999999998,85,118,58.5,58.5
13952.0,0.3442815868113712,LOW,14,12823.521,126,505,38.38461538461539,39.0
13953.0,0.1184376945161305,LOW,10,5729.36,24,612,67.55555555555556,64.0
13955.0,0.479926472758408,MEDIUM,3,544.0699999999999,63,220,110.0,110.0
13956.0,0.3904513360375951,LOW,3,676.07,47,133,66.5,66.5
13957.0,0.6956511045382552,MEDIUM,3,458.25,326,240,120.0,120.0
13958.0,0.5126454189649329,MEDIUM,8,4709.23,288,354,50.285714285714285,51.0
13959.0,0.5591755934000513,MEDIUM,5,808.1700000000001,190,230,57.0,58.5
13962.0,0.6675283620639603,MEDIUM,2,310.8500000000001,154,190,190.0,190.0
13963.0,0.7131059029615843,HIGH,17,2860.57,217,288,17.5625,17.5
13964.0,0.7213608125659626,HIGH,2,438.9,296,43,43.0,43.0
13965.0,0.8472423728932124,HIGH,3,996.61,385,226,113.0,113.0
13967.0,0.7580842654007438,HIGH,2,166.3,54,250,250.0,250.0
13969.0,0.06452739959611105,LOW,28,7832.52,16,517,18.703703703703702,14.0
13970.0,0.6546389863231615,MEDIUM,2,846.55,295,51,51.0,51.0
13971.0,0.19063642737865058,LOW,12,3895.21,15,576,52.0,53.0
13975.0,0.16152063496728056,LOW,10,4261.83,37,547,60.22222222222222,60.0
13976.0,0.5416723104652366,MEDIUM,4,1192.36,115,461,153.33333333333334,83.0
13979.0,0.4732665178122344,MEDIUM,6,2510.0600000000004,302,343,68.2,68.0
13980.0,0.4529427251539926,MEDIUM,4,568.6800000000001,348,216,71.66666666666667,78.0
13982.0,0.20612175425030912,LOW,8,3312.62,72,525,74.42857142857143,38.0
13983.0,0.10695230982439004,LOW,17,5831.52,96,543,33.4375,36.0
13984.0,0.19548555516946386,LOW,11,1792.62,35,606,60.1,50.5
13985.0,0.14868920243576272,LOW,14,5733.77,16,560,42.61538461538461,27.0
13987.0,0.7231993548362323,HIGH,2,682.54,288,21,21.0,21.0
13988.0,0.3573727105267118,LOW,5,2533.34,71,463,115.25,90.5
13989.0,0.4328111256862693,MEDIUM,4,1656.65,148,324,108.0,76.0
13992.0,0.8109048319221389,HIGH,2,142.7,289,82,82.0,82.0
13993.0,0.10662585885816202,LOW,16,5556.76,9,636,42.0,44.0
13994.0,0.3843143331402817,LOW,2,419.56000000000006,14,42,42.0,42.0
13995.0,0.1478098984637246,LOW,12,3380.2200000000003,24,605,54.63636363636363,45.0
13996.0,0.7597826854508465,HIGH,2,895.7600000000001,295,13,13.0,13.0
13997.0,0.8601943597467027,HIGH,3,376.46,428,31,15.5,15.5
13998.0,0.5705603786476422,MEDIUM,3,566.7,355,129,64.5,64.5
13999.0,0.053647309977183276,LOW,26,8469.42,4,638,25.12,20.0
14000.0,0.43170428662860705,MEDIUM,5,2046.34,120,526,131.25,117.5
14001.0,0.3517410126583771,LOW,8,3494.9100000000003,141,260,36.85714285714285,23.0
14002.0,0.46781434927585935,MEDIUM,2,529.7299999999999,43,22,22.0,22.0
14004.0,0.14529922009715268,LOW,9,4879.07,7,337,41.875,30.0
14005.0,0.3764639252609552,LOW,3,696.5599999999998,42,81,40.5,40.5
14006.0,0.322583172314798,LOW,7,2196.6700000000005,24,536,89.16666666666667,63.5
14009.0,0.46603412982890957,MEDIUM,3,1099.91,107,264,132.0,132.0
14010.0,0.8197993687749292,HIGH,2,445.15,474,0,0.0,0.0
14011.0,0.8745954813109907,HIGH,2,457.8200000000001,389,127,127.0,127.0
14013.0,0.47442433528313266,MEDIUM,5,1084.5700000000002,19,513,128.0,117.0
14014.0,0.5996404735126963,MEDIUM,2,1443.03,285,200,200.0,200.0
14016.0,0.18032403022444554,LOW,11,11403.41,70,538,53.4,47.0
14019.0,0.331875683184457,LOW,2,800.5300000000002,7,39,39.0,39.0
14020.0,0.8739666348418248,HIGH,2,606.2099999999999,385,52,52.0,52.0
14021.0,0.3476765512764285,LOW,7,1716.58,64,437,72.33333333333333,53.5
14022.0,0.662739031926944,MEDIUM,2,792.15,134,261,261.0,261.0
14024.0,0.4245352605905819,MEDIUM,3,645.7399999999999,30,269,134.0,134.0
14025.0,0.8163808678333575,HIGH,8,4057.900000000001,373,119,16.571428571428573,15.0
14026.0,0.8642175597431232,HIGH,2,713.11,379,154,154.0,154.0
14028.0,0.8786895848999138,HIGH,3,10396.5,459,0,0.0,0.0
14030.0,0.0658107094152326,LOW,18,6820.46,30,607,35.294117647058826,17.0
14031.0,0.084558452842852,LOW,38,31359.68,35,609,16.054054054054053,13.0
14032.0,0.17510593401674593,LOW,11,3416.1900000000005,77,556,55.2,34.5
14034.0,0.6035070199822375,MEDIUM,2,473.91,66,0,0.0,0.0
14035.0,0.21129838741966953,LOW,7,2203.99,16,505,83.5,75.5
14037.0,0.43312945729293545,MEDIUM,6,836.9500000000002,85,556,110.6,113.0
14038.0,0.5262055639388463,MEDIUM,4,2595.92,53,529,176.0,189.0
14040.0,0.05185517354813928,LOW,33,11697.95,3,644,19.6875,16.5
14043.0,0.8535679783415692,HIGH,2,302.6,400,238,238.0,238.0
14044.0,0.20681889692920127,LOW,9,2966.99,12,580,72.125,68.0
14045.0,0.1397623550835812,LOW,16,10986.629999999996,18,591,38.86666666666667,33.0
14047.0,0.20389852896701122,LOW,12,3295.42,108,477,43.0,32.0
14048.0,0.7406047012230337,HIGH,3,748.69,214,77,38.5,38.5
14049.0,0.21738028957090913,LOW,12,10689.42,67,458,41.27272727272727,42.0
14051.0,0.05185517354813928,LOW,30,15432.43,0,644,21.724137931034484,18.0
14053.0,0.3660895095741133,LOW,4,572.3,33,362,120.33333333333331,89.0
14055.0,0.8847631309617716,HIGH,3,1520.96,15,616,308.0,308.0
14056.0,0.07776016743376264,LOW,17,5333.969999999999,16,177,10.5,9.0
14057.0,0.0797606863165145,LOW,18,6940.679999999999,9,635,36.8235294117647,24.0
14058.0,0.9089563407042246,HIGH,2,469.19000000000005,371,67,67.0,67.0
14060.0,0.06452739959611105,LOW,25,6860.6,17,530,21.625,20.0
14061.0,0.8472423728932124,HIGH,3,917.43,416,230,114.5,114.5
14062.0,0.053647309977183276,LOW,22,23921.47,0,637,30.0,30.0
14063.0,0.7533246287374481,HIGH,9,22710.2,347,293,36.25,5.0
14064.0,0.15097425196410721,LOW,14,3022.9299999999994,22,574,43.76923076923077,26.0
14065.0,0.6097036990032633,MEDIUM,3,891.02,298,42,21.0,21.0
14068.0,0.7032409577004115,HIGH,4,1516.72,229,357,118.66666666666669,45.0
14069.0,0.8789722478750102,HIGH,2,225.81,423,46,46.0,46.0
14071.0,0.505012671593576,MEDIUM,2,356.81,169,4,4.0,4.0
14075.0,0.514471125516892,MEDIUM,4,1100.53,170,280,92.66666666666669,70.0
14077.0,0.42941937721554796,MEDIUM,4,426.06000000000006,91,212,70.33333333333333,48.0
14078.0,0.27045966418377637,LOW,9,1553.47,10,519,64.5,69.5
14079.0,0.8385973569037366,HIGH,2,618.7299999999999,33,557,557.0,557.0
14080.0,0.6753877378923682,MEDIUM,4,1070.0800000000002,322,323,107.33333333333331,101.0
14081.0,0.4014826403713998,MEDIUM,10,4867.57,211,426,47.22222222222222,32.0
14082.0,0.7176158226962678,HIGH,2,413.36,273,27,27.0,27.0
14083.0,0.38089057022555445,LOW,9,612.6800000000002,35,595,74.0,70.0
14085.0,0.07694299548321303,LOW,27,8520.32,50,590,22.26923076923077,17.0
14087.0,0.5974394156588847,MEDIUM,2,638.0000000000001,313,330,330.0,330.0
14088.0,0.12076674170788056,LOW,10,39052.880000000005,37,292,32.0,14.0
14091.0,0.937547284424018,HIGH,2,9530.080000000002,563,44,44.0,44.0
14092.0,0.05332440529845678,LOW,20,5897.96,8,623,32.36842105263158,31.0
14096.0,0.10758375478226294,LOW,3,244.68,0,10,4.5,4.5
14097.0,0.8762845003130572,HIGH,2,422.86,390,164,164.0,164.0
14099.0,0.08228969629386741,LOW,17,4956.66,29,609,37.5625,38.5
14101.0,0.16720774272222846,LOW,12,8929.529999999999,51,478,42.90909090909091,48.0
14104.0,0.5935558061800015,MEDIUM,5,743.53,63,405,100.75,84.5
14105.0,0.4427384382483637,MEDIUM,5,5988.83,148,482,120.0,139.5
14107.0,0.1340730145798037,LOW,10,4636.01,5,634,70.0,66.0
14108.0,0.8471163862266147,HIGH,3,738.38,10,636,317.5,317.5
14110.0,0.06095018638423224,LOW,26,10564.42,28,619,24.36,16.0
14111.0,0.3755593013307265,LOW,3,295.49999999999994,4,146,72.5,72.5
14112.0,0.15186722692853044,LOW,10,4820.26,39,523,57.888888888888886,71.0
14113.0,0.3582857782296436,LOW,13,5685.6900000000005,263,377,30.916666666666668,19.5
14114.0,0.5044557509860645,MEDIUM,7,1364.09,182,332,54.833333333333336,59.0
14115.0,0.867634029281414,HIGH,2,622.67,410,165,165.0,165.0
14116.0,0.34929070205932344,LOW,2,628.8699999999999,1,28,28.0,28.0
14119.0,0.8356552769726272,HIGH,2,183.37,284,342,342.0,342.0
14122.0,0.6925276252341943,MEDIUM,3,362.42,315,331,165.0,165.0
14127.0,0.23873859275940226,LOW,6,1900.0800000000008,31,302,59.8,53.0
14128.0,0.589863103814533,MEDIUM,2,592.2499999999999,164,295,295.0,295.0
14129.0,0.2853792179957123,LOW,7,2193.71,4,483,80.16666666666667,71.0
14130.0,0.6422136373787352,MEDIUM,4,1858.77,228,408,135.66666666666666,55.0
14132.0,0.15996366479428142,LOW,5,1552.46,22,69,17.25,18.0
14133.0,0.8026574297424075,HIGH,4,911.14,38,603,201.0,186.0
14134.0,0.506450561268291,MEDIUM,15,11123.35,291,347,24.428571428571427,22.0
14135.0,0.053647309977183276,LOW,19,7339.68,14,632,34.77777777777778,19.0
14136.0,0.5869684725053,MEDIUM,5,1570.81,309,331,82.5,69.0
14139.0,0.8214752048672503,HIGH,3,670.98,399,52,26.0,26.0
14142.0,0.710959701654209,HIGH,2,671.3399999999999,282,273,273.0,273.0
14145.0,0.20286319547955683,LOW,6,6709.050000000001,65,454,90.2,73.0
14146.0,0.32845112898935414,LOW,9,7163.030000000001,163,440,54.75,33.0
14147.0,0.33285971756222776,LOW,8,2289.6000000000004,194,354,50.285714285714285,48.0
14148.0,0.6589119219874751,MEDIUM,2,466.2900000000001,142,180,180.0,180.0
14151.0,0.8932867011759751,HIGH,2,679.45,582,43,43.0,43.0
14152.0,0.4788237497877081,MEDIUM,6,1690.56,143,425,84.6,57.0
14154.0,0.36364954798262134,LOW,8,6460.7,148,456,64.85714285714286,42.0
14156.0,0.055256950019134006,LOW,143,294916.33,2,645,4.119718309859155,2.0
14157.0,0.5699856269320274,MEDIUM,4,822.9800000000001,194,360,119.33333333333331,103.0
14159.0,0.10266990378887357,LOW,16,5963.18,4,640,42.266666666666666,28.0
14160.0,0.9050518856395319,HIGH,7,8421.47,519,88,14.5,14.5
14161.0,0.5133201473126314,MEDIUM,7,2996.9300000000003,124,510,84.5,80.0
14162.0,0.5598262424078109,MEDIUM,2,289.36,82,118,118.0,118.0
14163.0,0.44965191541438515,MEDIUM,4,1808.1,61,309,102.66666666666669,46.0
14166.0,0.8590052669300893,HIGH,2,251.15,414,121,121.0,121.0
14167.0,0.38435588408591065,LOW,7,1101.5500000000002,74,516,85.33333333333333,79.5
14168.0,0.7427955971008176,HIGH,2,370.45,329,143,143.0,143.0
14169.0,0.8478237376845259,HIGH,2,621.51,339,13,13.0,13.0
14170.0,0.8008168379023214,HIGH,3,570.1800000000001,284,19,9.0,9.0
14171.0,0.9282833916237858,HIGH,2,498.79,7,632,632.0,632.0
14172.0,0.857948784001104,HIGH,3,369.02,514,37,18.5,18.5
14173.0,0.40626580851946636,MEDIUM,3,249.2,128,511,255.5,255.5
14175.0,0.2524132059662826,LOW,7,5662.570000000001,80,456,75.5,59.0
14176.0,0.6002554385445317,MEDIUM,5,756.46,206,83,20.5,21.0
14177.0,0.27822670047532794,LOW,12,1959.69,4,556,50.36363636363637,13.0
14178.0,0.3805871537324737,LOW,3,477.29,7,84,42.0,42.0
14180.0,0.06388047113993758,LOW,30,5627.9,0,456,15.344827586206897,15.0
14181.0,0.7427955971008176,HIGH,2,308.35,319,151,151.0,151.0
14182.0,0.7103844596725422,HIGH,4,678.7700000000001,352,152,50.66666666666666,49.0
14183.0,0.7481515558478715,HIGH,2,278.34,320,69,69.0,69.0
14186.0,0.7598687562090926,HIGH,5,1550.63,336,217,53.75,46.5
14188.0,0.23873859275940226,LOW,4,1383.46,18,200,66.33333333333333,60.0
14189.0,0.09312355416801062,LOW,12,4116.99,5,292,26.0,29.0
14191.0,0.16429093040788856,LOW,9,2391.1600000000003,17,620,77.125,21.0
14193.0,0.5858951394104077,MEDIUM,2,779.3400000000001,178,126,126.0,126.0
14194.0,0.06610835247265687,LOW,27,12987.52,15,596,22.692307692307693,16.0
14195.0,0.3227093137271323,LOW,6,2615.6,110,432,86.2,52.0
14198.0,0.3783467155643504,LOW,7,1225.28,54,558,92.83333333333331,85.5
14199.0,0.5384703164471933,MEDIUM,4,1091.7,127,312,103.66666666666669,96.0
14201.0,0.4583604263549679,MEDIUM,8,967.34,58,439,62.285714285714285,37.0
14202.0,0.6256178018107692,MEDIUM,3,847.76,290,243,121.5,121.5
14204.0,0.6995320266335714,MEDIUM,3,874.22,331,315,157.0,157.0
14205.0,0.3601972063515682,LOW,8,2170.4,173,378,53.57142857142857,55.0
14206.0,0.5093568815137787,MEDIUM,3,1185.01,148,163,81.0,81.0
14208.0,0.8461007681842034,HIGH,2,567.0500000000002,3,456,456.0,456.0
14209.0,0.15646687565237086,LOW,14,4796.17,30,565,42.92307692307692,45.0
14210.0,0.15199712266487586,LOW,16,5556.57,14,597,39.333333333333336,33.0
14211.0,0.10266990378887357,LOW,15,3291.12,5,633,44.85714285714285,39.5
14214.0,0.39729668079968333,LOW,3,899.16,65,121,60.5,60.5
14215.0,0.22891102342041425,LOW,7,2558.88,95,545,90.33333333333331,72.5
14217.0,0.08499130172125928,LOW,16,2505.11,8,427,28.0,22.0
14219.0,0.5482862767883803,MEDIUM,2,543.8900000000001,318,83,83.0,83.0
14220.0,0.5718241781738133,MEDIUM,4,1515.0,156,321,107.0,110.0
14221.0,0.08840754431497662,LOW,15,5701.7,22,499,35.285714285714285,25.5
14223.0,0.3739425798303966,LOW,3,991.13,1,171,85.5,85.5
14224.0,0.2602906142363835,LOW,9,1841.71,19,433,53.75,48.5
14225.0,0.693580952344856,MEDIUM,4,2031.0699999999997,343,261,87.0,77.0
14226.0,0.36629548541663,LOW,3,2462.34,119,230,115.0,115.0
14227.0,0.20389852896701122,LOW,12,5417.27,105,473,42.81818181818182,30.0
14228.0,0.7568907385177247,HIGH,3,745.5,346,108,53.5,53.5
14229.0,0.2705450932863134,LOW,6,1808.97,200,179,35.4,34.0
14230.0,0.7909457371659468,HIGH,3,979.8,344,112,56.0,56.0
14231.0,0.3305594077711364,LOW,4,1235.62,92,267,88.66666666666667,56.0
14232.0,0.24809137229817835,LOW,4,1573.3300000000004,24,149,49.0,49.0
14233.0,0.3860342217264613,LOW,6,2400.65,120,432,86.0,99.0
14235.0,0.22884732206478917,LOW,8,4375.99,66,461,65.42857142857143,49.0
14236.0,0.6477902523169463,MEDIUM,4,1253.7800000000002,281,133,44.0,39.0
14237.0,0.6856528032292228,MEDIUM,2,471.14,282,217,217.0,217.0
14238.0,0.6867116035008927,MEDIUM,3,434.23,235,408,204.0,204.0
14239.0,0.05332440529845678,LOW,19,3763.210000000001,3,640,35.05555555555556,36.0
14240.0,0.6111259184474721,MEDIUM,2,583.9999999999999,134,197,197.0,197.0
14241.0,0.8236285610404562,HIGH,2,333.70000000000005,92,512,512.0,512.0
14242.0,0.6385001934648268,MEDIUM,2,280.55,143,91,91.0,91.0
14243.0,0.05924429547121009,LOW,15,6934.93,4,380,26.642857142857142,21.5
14245.0,0.44091637657299165,MEDIUM,2,1693.4499999999998,128,43,43.0,43.0
14246.0,0.24809137229817835,LOW,3,1474.0600000000002,19,135,67.5,67.5
14247.0,0.5719429008789728,MEDIUM,5,753.5600000000001,187,273,67.75,59.0
14248.0,0.6372655396949357,MEDIUM,3,1032.95,227,197,98.0,98.0
14249.0,0.6185178203212244,MEDIUM,12,5400.461000000001,319,268,24.181818181818183,14.0
14253.0,0.891519609851665,HIGH,2,363.4,402,129,129.0,129.0
14256.0,0.5168061561045229,MEDIUM,5,2460.79,169,434,108.25,115.5
14257.0,0.21256799454098502,LOW,8,5580.57,32,524,74.42857142857143,61.0
14258.0,0.1314213824909767,LOW,23,28767.68,60,584,26.045454545454547,27.5
14260.0,0.8791309575744605,HIGH,3,824.2800000000001,380,77,38.5,38.5
14262.0,0.34640688042228285,LOW,3,854.9999999999999,16,133,66.5,66.5
14264.0,0.3870987529490634,LOW,6,1517.36,63,456,91.0,90.0
14265.0,0.6416504946711777,MEDIUM,4,1373.35,18,502,167.0,147.0
14267.0,0.30540778620857656,LOW,3,1516.24,71,97,48.5,48.5
14271.0,0.6106670301643748,MEDIUM,2,214.18,134,183,183.0,183.0
14272.0,0.5804130118316101,MEDIUM,3,614.94,163,327,163.5,163.5
14273.0,0.35196382005749544,LOW,3,450.05000000000007,45,106,52.5,52.5
14275.0,0.6357794133801177,MEDIUM,6,1189.38,304,211,42.0,40.0
14276.0,0.44750692631612554,MEDIUM,7,2102.6800000000003,7,561,93.16666666666669,95.0
14277.0,0.18597094843541853,LOW,7,14638.64,121,513,85.16666666666667,83.0
14279.0,0.9032913870342212,HIGH,2,191.86,429,160,160.0,160.0
14282.0,0.07756753036793707,LOW,19,6016.860000000001,18,552,30.27777777777778,23.5
14283.0,0.8807143267807886,HIGH,4,628.4399999999999,372,106,35.333333333333336,24.0
14285.0,0.40202844084509154,MEDIUM,5,1380.3100000000002,85,554,138.0,84.0
14286.0,0.4427384382483637,MEDIUM,5,5901.09,151,492,123.0,128.5
14287.0,0.6397047969134502,MEDIUM,2,83.28,107,0,0.0,0.0
14289.0,0.3110813612887802,LOW,5,832.78,43,154,38.0,41.0
14290.0,0.368155763059338,LOW,4,2979.47,270,369,122.66666666666669,89.0
14291.0,0.0658107094152326,LOW,19,6376.389999999999,29,610,33.666666666666664,31.0
14292.0,0.16720774272222846,LOW,11,6944.53,54,485,48.1,49.5
14293.0,0.22745781584745856,LOW,8,2595.86,56,582,82.57142857142857,30.0
14295.0,0.3752544328434955,LOW,4,2196.71,347,292,97.0,90.0
14296.0,0.7102109077941877,HIGH,2,456.4,330,152,152.0,152.0
14298.0,0.055256950019134006,LOW,75,80849.7,8,629,8.216216216216216,0.0
14299.0,0.053647309977183276,LOW,23,12541.77,16,630,28.227272727272727,21.0
14301.0,0.6882070708761,MEDIUM,4,1992.18,26,549,183.0,156.0
14302.0,0.7606202515943836,HIGH,3,742.9,339,306,153.0,153.0
14303.0,0.7253993650230355,HIGH,2,277.93999999999994,316,27,27.0,27.0
14304.0,0.5912581988738282,MEDIUM,3,1725.0100000000002,131,348,173.5,173.5
14305.0,0.3165236453267824,LOW,2,1048.45,22,21,21.0,21.0
14306.0,0.6090060949879076,MEDIUM,4,1058.0800000000002,287,298,99.0,110.0
14307.0,0.19310943070337097,LOW,8,3600.09,43,597,84.71428571428571,84.0
14308.0,0.8324028388017136,HIGH,2,1147.02,458,0,0.0,0.0
14309.0,0.19217517442314647,LOW,9,3061.98,2,457,56.5,52.5
14311.0,0.6477303922507999,MEDIUM,2,516.45,151,324,324.0,324.0
14312.0,0.15371521826254286,LOW,10,2525.8900000000003,0,412,45.333333333333336,37.0
14314.0,0.5328559617447165,MEDIUM,2,229.8,15,324,324.0,324.0
14315.0,0.17533816067931512,LOW,7,2266.84,38,505,83.66666666666667,53.0
14316.0,0.6897010643627861,MEDIUM,5,1370.34,331,208,51.5,41.0
14320.0,0.41616141699631526,MEDIUM,5,1346.75,115,480,120.0,120.5
14321.0,0.25052939177026945,LOW,5,1587.96,25,356,88.5,78.0
14322.0,0.7680436942077992,HIGH,4,474.1,338,230,76.66666666666667,22.0
14323.0,0.4343476379812531,MEDIUM,2,605.0600000000001,23,123,123.0,123.0
14324.0,0.6581504625942748,MEDIUM,2,701.6100000000001,318,283,283.0,283.0
14326.0,0.6057160882936931,MEDIUM,3,940.98,151,290,145.0,145.0
14327.0,0.3807030601062006,LOW,6,1894.93,72,536,106.8,54.0
14329.0,0.14834989958590056,LOW,12,8397.41,17,614,55.36363636363637,54.0
14331.0,0.2023246940534271,LOW,2,462.66,33,10,10.0,10.0
14332.0,0.47936777475952386,MEDIUM,3,1196.2400000000002,56,268,134.0,134.0
14334.0,0.20717659897695628,LOW,11,4094.980000000001,2,475,46.9,42.5
14336.0,0.4268918666609398,MEDIUM,3,1114.39,107,77,38.0,38.0
14338.0,0.6120178514323679,MEDIUM,3,928.1,70,375,187.5,187.5
14339.0,0.6235027690484409,MEDIUM,2,620.27,151,186,186.0,186.0
14341.0,0.11033421575787938,LOW,16,3424.5600000000004,39,608,40.2,17.0
14342.0,0.3706163753931941,LOW,4,669.62,46,335,111.33333333333331,73.0
14343.0,0.6603605161102732,MEDIUM,4,1079.66,330,268,89.0,87.0
14344.0,0.10354850800121222,LOW,20,2993.05,36,498,25.73684210526316,19.0
14346.0,0.4860025916344156,MEDIUM,5,2315.75,29,376,93.75,99.5
14350.0,0.5624713610596926,MEDIUM,3,972.03,183,155,77.5,77.5
14352.0,0.4159109422431344,MEDIUM,4,1078.9600000000005,66,116,38.333333333333336,38.0
14353.0,0.6249919187564174,MEDIUM,3,376.5,124,216,108.0,108.0
14355.0,0.6256178018107692,MEDIUM,3,840.05,274,261,130.5,130.5
14358.0,0.7394702389396912,HIGH,2,400.06,298,38,38.0,38.0
14363.0,0.6607754949881686,MEDIUM,2,227.47000000000003,311,49,49.0,49.0
14364.0,0.31306633856076466,LOW,8,3717.35,17,102,14.142857142857142,12.0
14365.0,0.6616911721168484,MEDIUM,2,634.68,303,287,287.0,287.0
14367.0,0.15345911273223023,LOW,10,5419.700000000001,46,138,15.11111111111111,15.0
14369.0,0.907881005332597,HIGH,2,469.13,551,19,19.0,19.0
14370.0,0.6827262554227845,MEDIUM,6,1175.7800000000002,359,226,44.8,42.0
14372.0,0.519926857891319,MEDIUM,2,860.0800000000002,352,156,156.0,156.0
14375.0,0.6060593680613406,MEDIUM,3,1106.82,94,355,177.5,177.5
14377.0,0.42588440489874646,MEDIUM,2,617.05,100,70,70.0,70.0
14379.0,0.48438270064729083,MEDIUM,3,1028.04,204,184,92.0,92.0
14388.0,0.1566597037930724,LOW,14,5453.13,0,597,45.46153846153846,48.0
14389.0,0.4690707532653917,MEDIUM,4,1165.69,99,399,132.66666666666666,103.0
14390.0,0.1761954856716924,LOW,8,3098.17,53,280,39.71428571428572,28.0
14395.0,0.15744511749004161,LOW,17,6274.34,86,422,26.0,20.5
14396.0,0.5326905186316876,MEDIUM,6,1591.7400000000002,280,366,72.8,52.0
14397.0,0.17663018409125833,LOW,10,1036.12,2,119,12.88888888888889,15.0
14398.0,0.6418028221977976,MEDIUM,2,707.7899999999998,310,126,126.0,126.0
14399.0,0.5383052261350554,MEDIUM,8,2108.21,303,280,39.57142857142857,30.0
14400.0,0.6340636956546504,MEDIUM,3,1732.47,58,482,241.0,241.0
14401.0,0.05332440529845678,LOW,19,5823.8,4,629,34.5,19.5
14403.0,0.4247823066586962,MEDIUM,6,1880.51,39,508,101.2,49.0
14404.0,0.15264935861080997,LOW,12,2597.33,17,610,55.09090909090909,49.0
14407.0,0.15238465282152314,LOW,6,2157.73,16,169,33.6,18.0
14408.0,0.14175045115540655,LOW,10,3794.05,3,637,70.44444444444444,48.0
14409.0,0.2147218789881363,LOW,8,3311.57,31,444,63.0,49.0
14410.0,0.3863130553125991,LOW,11,2631.9000000000005,1,344,34.0,45.0
14413.0,0.6915990189665441,MEDIUM,4,764.5200000000001,271,326,108.33333333333331,47.0
14414.0,0.15955503515087113,LOW,8,2399.3300000000004,0,283,40.0,10.0
14415.0,0.053647309977183276,LOW,19,9890.65,7,625,34.22222222222222,27.5
14419.0,0.5726488193959733,MEDIUM,3,509.99,161,130,64.5,64.5
14420.0,0.7205565753167662,HIGH,4,1639.1699999999998,8,592,197.0,179.0
14421.0,0.36911735951124214,LOW,5,2111.44,120,479,119.25,84.5
14422.0,0.12354616149982683,LOW,15,7040.030000000001,79,552,38.92857142857143,29.5
14423.0,0.6389346983133616,MEDIUM,3,916.61,127,476,237.5,237.5
14425.0,0.7606202515943836,HIGH,3,661.3899999999998,343,302,151.0,151.0
14426.0,0.12660920691165606,LOW,13,10131.85,49,504,41.5,36.5
14427.0,0.8642175597431232,HIGH,2,900.18,403,137,137.0,137.0
14428.0,0.6563147675047679,MEDIUM,2,330.62,148,85,85.0,85.0
14430.0,0.8706892545740573,HIGH,3,1220.9000000000003,420,95,47.5,47.5
14431.0,0.5411878868169276,MEDIUM,4,2614.2,211,384,127.66666666666669,76.0
14436.0,0.8625317275299542,HIGH,2,271.70000000000005,7,454,454.0,454.0
14437.0,0.6177319424549461,MEDIUM,5,873.3400000000001,274,217,54.0,49.0
14439.0,0.49394469081608244,MEDIUM,5,9443.04,228,367,91.5,119.5
14440.0,0.4014826403713998,MEDIUM,10,4810.06,225,420,46.22222222222222,39.0
14441.0,0.20451334476133037,LOW,9,3596.2,3,595,73.875,65.0
14442.0,0.3880036183994107,LOW,7,5367.02,113,485,80.66666666666667,103.0
14443.0,0.26232188906460524,LOW,4,1654.29,47,240,79.66666666666667,58.0
14446.0,0.5810448017948104,MEDIUM,2,492.97,155,140,140.0,140.0
14447.0,0.46603412982890957,MEDIUM,3,1149.5299999999995,105,204,101.5,101.5
14449.0,0.4052589654606117,MEDIUM,6,1745.07,155,189,37.4,20.0
14450.0,0.44153750323484225,MEDIUM,7,1128.4400000000005,89,429,71.16666666666667,60.0
14451.0,0.198811746644064,LOW,11,2974.78,103,497,49.3,32.0
14452.0,0.6462035396979763,MEDIUM,3,527.27,2,427,213.5,213.5
14454.0,0.602723651538361,MEDIUM,5,977.3,285,357,88.75,87.0
14455.0,0.7705953979334776,HIGH,4,617.72,341,63,20.666666666666668,24.0
14456.0,0.23318152712541423,LOW,3,636.65,40,11,5.5,5.5
14459.0,0.8644843769102263,HIGH,2,5375.741,64,496,496.0,496.0
14460.0,0.21324355252853677,LOW,9,1093.5,19,613,76.25,71.0
14461.0,0.12354616149982683,LOW,13,6676.91,57,542,44.75,41.5
14462.0,0.11560487694805745,LOW,10,1772.89,29,311,34.22222222222222,31.0
14463.0,0.44446441718151014,MEDIUM,4,786.5699999999999,7,401,133.33333333333334,72.0
14464.0,0.9159807230969235,HIGH,2,111.0,477,59,59.0,59.0
14465.0,0.39606624762006004,LOW,11,3925.85,155,454,45.0,39.5
14466.0,0.13339513465894284,LOW,11,3575.199999999999,24,610,60.5,57.0
14467.0,0.41342833939808604,MEDIUM,9,1738.68,221,424,52.625,50.5
14469.0,0.5977403507490157,MEDIUM,4,2093.46,325,263,87.0,77.0
14470.0,0.6036565053894163,MEDIUM,2,548.4900000000001,196,142,142.0,142.0
14471.0,0.8994197743543005,HIGH,2,400.9500000000001,500,141,141.0,141.0
14472.0,0.2642571316565366,LOW,9,2118.7200000000003,12,585,72.625,30.5
14475.0,0.45965497806746536,MEDIUM,3,847.47,95,222,111.0,111.0
14477.0,0.43943986469103663,MEDIUM,5,1183.0,93,519,129.5,125.5
14478.0,0.6234055145417795,MEDIUM,4,1276.6600000000003,291,356,118.33333333333331,104.0
14479.0,0.5798061192426004,MEDIUM,4,1124.71,162,479,159.33333333333334,111.0
14480.0,0.6462734657970912,MEDIUM,3,1020.47,311,315,157.5,157.5
14481.0,0.43484283473954716,MEDIUM,5,2284.69,73,512,127.5,120.5
14482.0,0.1801296084033075,LOW,8,2749.86,8,371,52.85714285714285,25.0
14483.0,0.8120535429905718,HIGH,2,257.1,190,455,455.0,455.0
14484.0,0.6280607964671939,MEDIUM,3,749.0599999999998,310,321,160.0,160.0
14486.0,0.932771123535748,HIGH,2,175.5,420,41,41.0,41.0
14487.0,0.5197631714003912,MEDIUM,2,225.89,277,10,10.0,10.0
14489.0,0.6218668703969249,MEDIUM,4,1574.93,116,405,134.66666666666666,120.0
14490.0,0.7105615711523969,HIGH,2,1273.47,315,22,22.0,22.0
14491.0,0.6419213303303484,MEDIUM,2,340.93,84,197,197.0,197.0
14492.0,0.7158418221456527,HIGH,7,1921.91,339,188,31.166666666666668,19.5
14493.0,0.30045634748361905,LOW,6,3315.84,64,486,97.0,56.0
14494.0,0.5908819437502519,MEDIUM,2,261.9,310,329,329.0,329.0
14495.0,0.19571988090967682,LOW,2,91.6,30,538,538.0,538.0
14496.0,0.5553890036847259,MEDIUM,7,2363.89,220,321,53.0,35.0
14497.0,0.7809663803061843,HIGH,2,697.06,218,364,364.0,364.0
14498.0,0.194064331079663,LOW,9,3225.3,25,433,53.625,34.5
14499.0,0.27306252107129125,LOW,6,1661.16,42,335,66.6,47.0
14500.0,0.32865922653880697,LOW,2,335.85,21,77,77.0,77.0
14501.0,0.5424527569605457,MEDIUM,2,251.21,92,136,136.0,136.0
14502.0,0.322295323736376,LOW,7,1163.22,58,163,26.83333333333333,20.0
14504.0,0.5360071721438268,MEDIUM,3,542.71,152,35,17.0,17.0
14505.0,0.08541528149686098,LOW,17,10242.39,18,620,38.375,38.5
14506.0,0.5100733330722755,MEDIUM,5,1818.5600000000004,71,437,108.75,103.0
14507.0,0.15548095557057817,LOW,9,2773.55,10,627,78.125,69.5
14508.0,0.6277888148240612,MEDIUM,3,554.87,285,164,82.0,82.0
14510.0,0.6290123260175051,MEDIUM,3,979.85,284,60,30.0,30.0
14511.0,0.38414029207627176,LOW,2,329.89,1,41,41.0,41.0
14512.0,0.3167090327394095,LOW,7,1215.97,96,544,90.33333333333331,97.0
14513.0,0.5368822458845306,MEDIUM,6,788.01,9,467,92.8,105.0
14514.0,0.19456711708136537,LOW,8,3792.95,110,525,74.71428571428571,72.0
14515.0,0.24157489553750172,LOW,8,2412.8200000000006,100,359,51.0,12.0
14519.0,0.9261049651659596,HIGH,2,203.14,592,45,45.0,45.0
14522.0,0.5383745225562393,MEDIUM,6,1534.58,1,592,117.8,33.0
14524.0,0.1971104732272351,LOW,9,2094.9,87,238,29.25,25.0
14525.0,0.10325902609272626,LOW,15,6630.93,9,626,44.07142857142857,35.0
14527.0,0.055256950019134006,LOW,107,24021.17,7,639,5.5,5.0
14530.0,0.18202475127444656,LOW,15,5709.08,2,594,42.0,38.0
14532.0,0.39606624762006004,LOW,11,3845.78,145,462,45.8,40.0
14533.0,0.3628186652584106,LOW,6,2251.63,21,497,99.2,70.0
14534.0,0.07629367984676255,LOW,22,4821.75,4,538,25.19047619047619,16.0
14535.0,0.2257693952087147,LOW,8,4771.200000000001,36,526,74.42857142857143,42.0
14538.0,0.6103923150702246,MEDIUM,4,1089.09,165,426,141.66666666666666,138.0
14540.0,0.3650972946746618,LOW,9,2952.88,218,423,52.375,47.5
14541.0,0.13292426835632118,LOW,13,2345.38,77,532,43.91666666666666,38.0
14543.0,0.05185517354813928,LOW,36,14222.64,17,629,17.542857142857144,15.0
14544.0,0.5525122397683289,MEDIUM,2,2036.0,270,108,108.0,108.0
14546.0,0.20627461092622454,LOW,8,3485.79,110,531,75.28571428571429,62.0
14548.0,0.16939902860781286,LOW,9,2541.29,59,582,72.625,62.5
14549.0,0.6997513791952782,MEDIUM,4,913.6,220,425,141.33333333333334,143.0
14550.0,0.6529714091165463,MEDIUM,2,587.6899999999999,297,95,95.0,95.0
14551.0,0.35162578786960486,LOW,6,817.2900000000001,113,477,95.2,90.0
14552.0,0.6112651101663905,MEDIUM,3,507.93,60,440,220.0,220.0
14553.0,0.4761330709772802,MEDIUM,6,1271.65,127,290,57.8,62.0
14555.0,0.45239707479080654,MEDIUM,5,2177.8300000000004,211,419,104.25,112.0
14556.0,0.8980895937709098,HIGH,3,815.6899999999999,505,92,45.5,45.5
14558.0,0.8891941890110577,HIGH,3,655.5,563,77,38.0,38.0
14560.0,0.05929035871065657,LOW,37,5441.46,3,643,17.5,11.0
14561.0,0.5308040023433662,MEDIUM,2,566.9899999999999,71,22,22.0,22.0
14562.0,0.14868920243576272,LOW,15,3940.76,1,578,40.785714285714285,34.0
14563.0,0.8795431145985604,HIGH,2,640.5400000000002,418,82,82.0,82.0
14564.0,0.8233012872577316,HIGH,2,2605.6200000000003,343,300,300.0,300.0
14565.0,0.375654259870527,LOW,5,3859.22,4,377,94.0,102.0
14566.0,0.4184846647402529,MEDIUM,4,4092.0,19,423,140.66666666666666,59.0
14569.0,0.6397374211464585,MEDIUM,3,369.94,361,150,75.0,75.0
14570.0,0.5823900306953345,MEDIUM,3,613.7500000000002,189,162,81.0,81.0
14572.0,0.1710245102116397,LOW,9,4785.58,19,510,63.375,59.0
14573.0,0.19655673998541337,LOW,13,2163.1200000000003,88,520,42.833333333333336,14.0
14577.0,0.38781672875737616,LOW,6,1151.0800000000002,72,564,112.8,69.0
14583.0,0.2938709877537174,LOW,7,1415.05,53,476,79.0,54.0
14584.0,0.2775720173022645,LOW,8,1738.1600000000003,78,491,69.71428571428571,30.0
14585.0,0.693730087796506,MEDIUM,4,986.22,291,34,10.666666666666666,7.0
14587.0,0.23765029364495996,LOW,8,1452.68,93,147,20.571428571428573,19.0
14590.0,0.8577576688694099,HIGH,20,2993.37,333,307,15.63157894736842,13.0
14593.0,0.2107852197814419,LOW,11,3387.9700000000003,107,531,52.9,13.0
14595.0,0.6791588707589057,MEDIUM,3,587.6500000000001,222,374,187.0,187.0
14597.0,0.3133044478679501,LOW,5,1483.4899999999998,100,245,61.0,28.5
14599.0,0.6625421767148038,MEDIUM,2,457.89,299,118,118.0,118.0
14600.0,0.7332469545941099,HIGH,2,865.17,214,87,87.0,87.0
14605.0,0.6254653168174314,MEDIUM,4,921.56,283,357,118.66666666666669,134.0
14606.0,0.055256950019134006,LOW,170,27384.13,2,643,3.3431952662721893,3.0
14607.0,0.33783137387686024,LOW,9,8048.63,170,463,57.625,46.0
14608.0,0.4202895176053233,MEDIUM,8,1771.79,271,371,52.57142857142857,30.0
14609.0,0.22970374429146032,LOW,9,1371.0,52,525,65.125,65.0
14610.0,0.3896171937416763,LOW,2,24.35,304,118,118.0,118.0
14611.0,0.5272675296270051,MEDIUM,2,604.3300000000002,352,154,154.0,154.0
14615.0,0.6712490609806511,MEDIUM,5,951.76,303,153,38.0,44.5
14616.0,0.5444186105640952,MEDIUM,5,527.78,151,306,75.75,54.0
14617.0,0.8570470885958252,HIGH,2,190.47,311,13,13.0,13.0
14618.0,0.6357794133801177,MEDIUM,5,1000.68,246,209,52.0,39.0
14619.0,0.6962365382829158,MEDIUM,2,1291.2400000000002,154,295,295.0,295.0
14620.0,0.48822694123698446,MEDIUM,2,412.78,114,78,78.0,78.0
14621.0,0.2595280676628169,LOW,7,2215.12,65,527,87.33333333333333,89.5
14623.0,0.2707811715143322,LOW,8,1736.44,25,485,68.85714285714286,70.0
14624.0,0.6750523610553234,MEDIUM,4,588.22,324,189,62.66666666666666,49.0
14625.0,0.20389852896701122,LOW,11,4497.88,105,527,52.3,37.0
14626.0,0.13306272312380457,LOW,9,4190.9400000000005,31,606,75.375,61.0
14628.0,0.6646340454463268,MEDIUM,5,1998.0,0,592,147.5,175.0
14631.0,0.38680572667697033,LOW,5,1648.79,144,252,62.25,67.0
14634.0,0.6605720586125327,MEDIUM,4,2124.46,346,104,34.0,27.0
14639.0,0.24570328907533037,LOW,7,3983.7,29,541,89.83333333333333,90.0
14640.0,0.21256799454098502,LOW,8,3025.34,36,558,79.42857142857143,61.0
14643.0,0.4984969426722856,MEDIUM,5,1679.89,79,558,139.0,144.0
14644.0,0.45756348881043546,MEDIUM,6,1604.4600000000005,207,437,87.2,76.0
14645.0,0.5935443427256883,MEDIUM,3,876.8900000000001,65,477,238.0,238.0
14646.0,0.055256950019134006,LOW,120,426699.12,1,644,5.092436974789916,1.0
14647.0,0.6437788675214766,MEDIUM,2,506.04,110,322,322.0,322.0
14648.0,0.6765980400073802,MEDIUM,15,4466.650000000001,325,312,21.928571428571427,16.5
14649.0,0.22944743508748502,LOW,7,2830.7200000000003,121,476,79.16666666666667,69.0
14651.0,0.3609437466718504,LOW,8,1787.24,120,420,59.71428571428572,33.0
14653.0,0.42007854996097754,MEDIUM,6,2011.2200000000005,247,399,79.4,37.0
14655.0,0.4545910090446592,MEDIUM,4,2756.84,131,374,124.33333333333331,134.0
14656.0,0.501571540764023,MEDIUM,5,790.0,78,434,108.25,106.0
14657.0,0.27382468502838764,LOW,5,1240.91,64,279,69.5,73.0
14659.0,0.19795463441428368,LOW,6,1641.5500000000002,54,169,33.4,33.0
14662.0,0.5304829438183049,MEDIUM,6,1147.34,143,501,100.0,103.0
14663.0,0.7478828969572633,HIGH,2,490.6,339,0,0.0,0.0
14665.0,0.496537315497999,MEDIUM,5,1645.61,205,295,73.75,65.0
14667.0,0.05765794681067279,LOW,47,17231.760000000002,3,642,13.478260869565217,13.0
14669.0,0.3248748381510769,LOW,7,3216.78,150,495,82.16666666666667,51.0
14670.0,0.6117244587985526,MEDIUM,3,583.33,189,452,225.5,225.5
14671.0,0.8984938117547627,HIGH,2,1127.45,458,18,18.0,18.0
14672.0,0.6450516317917003,MEDIUM,4,1113.1399999999996,143,445,148.0,164.0
14673.0,0.5113662034460197,MEDIUM,3,1674.41,276,42,21.0,21.0
14676.0,0.13572564503484932,LOW,10,7499.47,56,492,54.22222222222222,59.0
14679.0,0.6545985748577114,MEDIUM,3,1289.44,290,349,174.5,174.5
14680.0,0.055256950019134006,LOW,56,52356.95,4,640,11.072727272727272,7.0
14681.0,0.5887771025583066,MEDIUM,4,770.15,120,442,147.0,175.0
14682.0,0.32411939932493006,LOW,6,1514.81,96,484,96.6,89.0
14684.0,0.5514546938056596,MEDIUM,3,721.9599999999999,124,174,87.0,87.0
14685.0,0.8920973357791395,HIGH,8,4536.639999999999,485,150,21.0,27.0
14686.0,0.7427890844106952,HIGH,5,852.5300000000001,323,245,61.0,0.0
14687.0,0.7308102878675242,HIGH,3,1402.06,15,445,222.0,222.0
14688.0,0.06016088135420302,LOW,23,5797.77,1,363,16.09090909090909,14.0
14690.0,0.4733072453194562,MEDIUM,3,635.19,60,258,129.0,129.0
14691.0,0.4345727429592869,MEDIUM,2,1274.6799999999996,5,116,116.0,116.0
14692.0,0.2777417224270934,LOW,12,1715.1400000000003,46,480,43.18181818181818,42.0
14693.0,0.5799743978749504,MEDIUM,7,1165.36,173,261,43.0,21.0
14695.0,0.8359910559893365,HIGH,3,1534.22,428,213,106.5,106.5
14696.0,0.23873859275940226,LOW,6,1852.8700000000003,28,302,59.8,54.0
14697.0,0.9127074622177775,HIGH,2,188.61,127,0,0.0,0.0
14699.0,0.5502344661464003,MEDIUM,4,702.6,123,311,103.33333333333331,58.0
14700.0,0.313983412888738,LOW,4,2422.06,98,295,98.33333333333331,70.0
14701.0,0.13668653483325113,LOW,13,3902.45,81,511,42.16666666666666,18.0
14702.0,0.0633528176120245,LOW,21,4768.24,25,612,30.05,20.5
14704.0,0.5298331222028303,MEDIUM,4,466.46,51,481,160.0,199.0
14707.0,0.8857283335058225,HIGH,2,139.2,344,141,141.0,141.0
14708.0,0.3865879740905254,LOW,4,1368.03,63,301,100.33333333333331,55.0
14709.0,0.053647309977183276,LOW,21,7918.030000000001,2,640,31.5,29.5
14710.0,0.6312776514963454,MEDIUM,9,1300.31,288,356,44.125,25.5
14711.0,0.0524492154317724,LOW,9,2355.63,0,171,20.625,16.5
14712.0,0.5288577198120927,MEDIUM,2,526.72,21,305,305.0,305.0
14713.0,0.05332440529845678,LOW,19,4483.17,8,636,34.888888888888886,34.5
14714.0,0.6256178018107692,MEDIUM,3,746.05,316,280,140.0,140.0
14715.0,0.41028260806144856,MEDIUM,7,1552.8200000000002,3,594,98.66666666666669,94.5
14716.0,0.6033383766484951,MEDIUM,2,417.49,57,296,296.0,296.0
14719.0,0.4243503148810445,MEDIUM,2,488.12000000000006,88,69,69.0,69.0
14722.0,0.5323520074330517,MEDIUM,3,489.52,56,339,169.5,169.5
14723.0,0.5058444205170276,MEDIUM,8,1136.35,267,377,53.57142857142857,39.0
14725.0,0.6277888148240612,MEDIUM,3,597.1600000000001,303,140,70.0,70.0
14727.0,0.6018085437753915,MEDIUM,3,463.73,183,272,136.0,136.0
14729.0,0.6324847315238293,MEDIUM,3,586.24,282,251,125.5,125.5
14730.0,0.3368955629848611,LOW,5,872.1300000000001,16,169,42.0,38.5
14731.0,0.28528716894399325,LOW,2,251.02,114,6,6.0,6.0
14732.0,0.11306265317906096,LOW,16,4432.88,52,586,38.6,40.0
14733.0,0.05152388167432163,LOW,14,13793.44,19,291,21.923076923076923,22.0
14734.0,0.8100015629449857,HIGH,4,1056.4199999999998,334,125,41.66666666666666,45.0
14735.0,0.05999975812614373,LOW,47,9770.18,8,636,13.5,9.5
14736.0,0.835823547177923,HIGH,2,374.05,394,0,0.0,0.0
14737.0,0.34247603100092083,LOW,3,3471.3700000000003,37,271,135.5,135.5
14738.0,0.22786527764833925,LOW,7,1265.1,42,599,99.16666666666669,69.5
14739.0,0.053647309977183276,LOW,22,9918.92,3,643,30.09523809523809,19.0
14740.0,0.252235727063317,LOW,11,4161.06,106,455,45.0,27.5
14741.0,0.3054666656014757,LOW,5,1177.7099999999998,22,304,75.5,47.0
14744.0,0.43320079082924623,MEDIUM,12,3488.13,206,272,24.363636363636363,14.0
14745.0,0.21685639603487605,LOW,12,2551.4100000000003,21,524,47.27272727272727,28.0
14746.0,0.8008168379023214,HIGH,4,593.5,315,17,5.666666666666667,8.0
14748.0,0.17080029343194628,LOW,9,2384.92,32,521,64.75,70.0
14751.0,0.9361181574473292,HIGH,2,126.45000000000002,593,41,41.0,41.0
14754.0,0.5386677204491473,MEDIUM,5,1138.15,204,395,98.25,114.5
14755.0,0.053647309977183276,LOW,21,7829.95,21,623,30.75,36.5
14756.0,0.5640099144634348,MEDIUM,2,1914.8,291,41,41.0,41.0
14758.0,0.23928844930430038,LOW,7,2864.97,53,465,77.16666666666667,81.0
14759.0,0.3861902517549423,LOW,2,870.85,21,119,119.0,119.0
14761.0,0.7129513295206911,HIGH,2,289.52,243,109,109.0,109.0
14762.0,0.8212370497273623,HIGH,2,417.57,172,362,362.0,362.0
14765.0,0.2954007125226996,LOW,2,95.5,21,63,63.0,63.0
14766.0,0.18275818078854844,LOW,9,5433.68,77,383,47.375,41.0
14769.0,0.11439223005456238,LOW,15,11381.97,17,615,43.42857142857143,37.5
14770.0,0.3909365319656827,LOW,8,3637.64,141,419,59.42857142857143,41.0
14771.0,0.8770337537076031,HIGH,2,594.6199999999998,530,115,115.0,115.0
14775.0,0.5444749466613499,MEDIUM,2,701.4599999999999,46,234,234.0,234.0
14776.0,0.09312355416801062,LOW,12,3032.2200000000003,14,341,30.454545454545453,27.0
14778.0,0.5585517572794632,MEDIUM,2,730.8599999999999,36,181,181.0,181.0
14779.0,0.6463096555167381,MEDIUM,3,386.15,189,43,21.5,21.5
14784.0,0.7477101088608137,HIGH,2,274.62,232,65,65.0,65.0
14790.0,0.2766681686406704,LOW,8,2145.6,28,608,86.57142857142857,102.0
14794.0,0.38306632152920705,LOW,7,1313.53,112,283,46.66666666666666,46.0
14796.0,0.053647309977183276,LOW,24,8775.02,3,630,26.82608695652174,20.0
14798.0,0.2825076133135644,LOW,7,647.9700000000001,53,504,83.33333333333333,73.0
14800.0,0.05567726583621103,LOW,14,6692.030000000001,18,325,24.615384615384617,28.0
14802.0,0.6767705550226628,MEDIUM,2,1502.98,347,0,0.0,0.0
14803.0,0.39729668079968333,LOW,3,845.55,71,130,64.5,64.5
14805.0,0.6186940165337913,MEDIUM,4,645.4000000000002,222,307,102.33333333333331,105.0
14807.0,0.7105669839134284,HIGH,2,504.14,299,259,259.0,259.0
14808.0,0.37446146697807514,LOW,6,1833.82,53,28,5.2,5.0
14809.0,0.805893186925442,HIGH,2,686.7600000000001,530,0,0.0,0.0
14810.0,0.1289803388223532,LOW,12,2135.48,12,325,29.0,27.0
14813.0,0.6490423797353305,MEDIUM,4,888.9100000000001,278,241,80.0,16.0
14817.0,0.2439142771079514,LOW,7,3959.86,109,427,70.66666666666667,81.5
14818.0,0.43943986469103663,MEDIUM,5,905.39,78,478,119.0,104.5
14819.0,0.4296582757643433,MEDIUM,3,269.06,101,525,262.5,262.5
14820.0,0.3756632505827482,LOW,6,907.24,82,504,100.4,84.0
14821.0,0.6657423357571682,MEDIUM,7,1230.15,275,309,51.16666666666666,14.0
14823.0,0.62642470182583,MEDIUM,3,321.42999999999995,89,14,6.5,6.5
14824.0,0.2834374016441792,LOW,7,3337.1100000000006,0,546,90.5,40.0
14825.0,0.09989305757021807,LOW,19,3847.54,36,484,26.444444444444443,19.0
14826.0,0.8994197743543005,HIGH,2,385.2,490,113,113.0,113.0
14828.0,0.13717546399493286,LOW,13,9839.459999999995,105,535,44.16666666666666,43.0
14829.0,0.3374938238220345,LOW,6,1289.95,93,252,50.0,15.0
14831.0,0.8924600049990917,HIGH,3,1676.5699999999997,589,57,28.5,28.5
14834.0,0.44427001488894663,MEDIUM,3,915.16,29,286,142.5,142.5
14835.0,0.9268455274915209,HIGH,2,297.0,437,88,88.0,88.0
14837.0,0.23506332186613788,LOW,8,3156.38,14,579,82.28571428571429,61.0
14838.0,0.7987687844752461,HIGH,2,769.9200000000001,332,313,313.0,313.0
14839.0,0.6815460643385635,MEDIUM,3,915.28,327,285,142.5,142.5
14840.0,0.7420202816592616,HIGH,2,362.71,176,271,271.0,271.0
14841.0,0.16423854835433435,LOW,12,6242.81,88,557,50.27272727272727,49.0
14842.0,0.42201516499325764,MEDIUM,3,1901.52,4,212,106.0,106.0
14844.0,0.1710245102116397,LOW,9,5770.3,32,483,60.125,58.5
14847.0,0.6691442555608678,MEDIUM,3,1348.95,57,415,207.5,207.5
14849.0,0.06523797565720293,LOW,35,13261.6,4,603,17.5,10.5
14850.0,0.6698761821925151,MEDIUM,7,1770.96,220,256,42.5,0.5
14851.0,0.7004108769656906,HIGH,2,524.1899999999999,165,374,374.0,374.0
14852.0,0.07629367984676255,LOW,17,5484.16,5,547,33.9375,30.5
14853.0,0.5055047230767098,MEDIUM,4,1115.57,120,394,131.0,120.0
14854.0,0.16152063496728056,LOW,10,3844.86,42,553,61.0,57.0
14855.0,0.22682307709768873,LOW,7,6520.299999999999,28,491,81.66666666666667,24.0
14857.0,0.27468504857530956,LOW,6,3001.251,57,486,97.0,77.0
14859.0,0.5297875075729667,MEDIUM,2,648.76,113,350,350.0,350.0
14861.0,0.591410662992751,MEDIUM,9,1254.94,289,350,43.5,26.5
14865.0,0.34277377669563874,LOW,3,77.52000000000001,281,366,182.5,182.5
14866.0,0.12889121485300173,LOW,11,7520.540000000001,14,364,36.0,12.5
14867.0,0.2786236120106757,LOW,16,2952.06,94,548,36.2,22.0
14868.0,0.17315746630633502,LOW,8,2527.49,29,300,42.42857142857143,26.0
14869.0,0.40766960119056433,MEDIUM,5,2443.75,12,620,154.75,137.0
14870.0,0.6456775699292311,MEDIUM,6,1838.95,170,422,84.2,101.0
14871.0,0.37063313932394637,LOW,8,1062.1899999999998,87,560,79.42857142857143,76.0
14872.0,0.8533206897909248,HIGH,3,816.6,392,149,74.5,74.5
14873.0,0.8501691328814066,HIGH,2,854.1299999999999,119,423,423.0,423.0
14875.0,0.4802322630093786,MEDIUM,3,2862.4000000000005,16,334,167.0,167.0
14876.0,0.8744079510167494,HIGH,2,256.70000000000005,430,40,40.0,40.0
14877.0,0.6967288380486909,MEDIUM,2,425.85,327,224,224.0,224.0
14878.0,0.09937646162648972,LOW,22,3683.43,82,483,22.428571428571427,20.0
14880.0,0.5708930108961092,MEDIUM,2,347.67,94,103,103.0,103.0
14882.0,0.5236555070969474,MEDIUM,12,2956.95,299,228,20.454545454545453,4.0
14883.0,0.547820294139355,MEDIUM,2,358.48,72,47,47.0,47.0
14885.0,0.5558370544316075,MEDIUM,3,1598.12,40,334,166.5,166.5
14890.0,0.6561410689505529,MEDIUM,3,817.25,162,406,203.0,203.0
14891.0,0.46284065110075473,MEDIUM,4,1106.73,57,288,95.33333333333331,39.0
14894.0,0.3869804466547787,LOW,2,837.0599999999998,352,294,294.0,294.0
14895.0,0.05185517354813928,LOW,31,21955.620000000003,0,638,20.9,13.5
14896.0,0.2548308503917407,LOW,8,1826.0,113,528,75.0,55.0
14897.0,0.4861756851351136,MEDIUM,5,1949.66,205,427,106.25,121.5
14898.0,0.10590945506949265,LOW,13,3087.82,43,601,49.583333333333336,45.5
14901.0,0.2562618631613923,LOW,8,1319.8300000000002,10,397,56.285714285714285,34.0
14902.0,0.6442002674699928,MEDIUM,2,702.9600000000002,304,157,157.0,157.0
14903.0,0.1585276238692023,LOW,4,2398.62,33,154,51.0,46.0
14904.0,0.7290516029936355,HIGH,2,605.05,317,19,19.0,19.0
14905.0,0.25109970438499296,LOW,8,1971.39,66,578,82.28571428571429,76.0
14907.0,0.11702744374131355,LOW,14,4654.800000000001,8,503,38.30769230769231,9.0
14909.0,0.7114376832194267,HIGH,3,1404.6799999999998,346,226,112.5,112.5
14911.0,0.055256950019134006,LOW,309,229613.43,2,645,1.707792207792208,1.0
14912.0,0.6123771551687776,MEDIUM,5,1504.19,155,435,108.5,123.0
14913.0,0.22422184156378394,LOW,7,3762.85,92,302,49.833333333333336,32.5
14915.0,0.3697661944456447,LOW,11,1811.25,0,645,64.2,58.0
14916.0,0.29399206270968653,LOW,7,2741.7300000000005,2,523,86.83333333333333,81.0
14917.0,0.8324028388017136,HIGH,2,1123.7500000000002,505,0,0.0,0.0
14918.0,0.18224300079269556,LOW,9,5955.81,24,495,61.625,36.0
14920.0,0.6168966555337402,MEDIUM,3,1607.1700000000003,121,352,176.0,176.0
14922.0,0.6418028221977976,MEDIUM,2,843.7400000000001,302,114,114.0,114.0
14924.0,0.6385592631250282,MEDIUM,3,931.01,154,393,196.5,196.5
14926.0,0.7006658141321729,HIGH,2,359.4,290,216,216.0,216.0
14930.0,0.3396667714188205,LOW,6,5236.73,17,497,99.2,92.0
14931.0,0.41126505698860233,MEDIUM,2,586.0,115,34,34.0,34.0
14932.0,0.7231993548362323,HIGH,2,666.1300000000001,274,20,20.0,20.0
14933.0,0.6119138862361377,MEDIUM,4,1770.0,352,0,0.0,0.0
14934.0,0.3495756888297045,LOW,4,2441.4,191,158,52.66666666666666,62.0
14935.0,0.7830123955488878,HIGH,2,2849.83,206,322,322.0,322.0
14936.0,0.17996300778238924,LOW,7,9346.67,17,475,78.83333333333333,83.0
14938.0,0.8406887001058357,HIGH,2,2322.43,471,0,0.0,0.0
14940.0,0.7404296902892735,HIGH,2,531.49,326,315,315.0,315.0
14942.0,0.61655584569486,MEDIUM,4,746.5600000000002,310,328,109.0,91.0
14944.0,0.13667778497333408,LOW,14,7048.610000000001,3,566,43.30769230769231,41.0
14947.0,0.4661438182765215,MEDIUM,5,937.47,39,493,123.0,107.0
14948.0,0.40488493461636993,MEDIUM,4,639.2300000000001,7,120,40.0,28.0
14949.0,0.8368887933902944,HIGH,4,515.0000000000001,378,252,83.33333333333333,41.0
14952.0,0.12198802727359573,LOW,28,13064.47,115,529,19.296296296296298,16.0
14953.0,0.799677365388342,HIGH,3,685.65,327,17,8.5,8.5
14957.0,0.8117002127346372,HIGH,2,261.68999999999994,162,391,391.0,391.0
14958.0,0.41994713691450947,MEDIUM,6,941.99,56,588,117.2,60.0
14959.0,0.3067655904786214,LOW,3,537.3199999999999,18,186,92.5,92.5
14961.0,0.053647309977183276,LOW,20,14283.4,0,644,33.421052631578945,20.0
14962.0,0.7396314620809098,HIGH,4,366.91,179,313,104.0,32.0
14963.0,0.29960600677652294,LOW,8,1945.43,92,341,48.57142857142857,19.0
14965.0,0.4369060153891293,MEDIUM,2,596.09,5,0,0.0,0.0
14966.0,0.549028688138048,MEDIUM,5,881.2400000000001,296,336,84.0,7.5
14967.0,0.4675721746844875,MEDIUM,5,1518.8100000000002,350,294,73.25,38.0
14970.0,0.20262294224468858,LOW,11,4447.04,46,526,52.2,45.0
14972.0,0.7352000184170422,HIGH,2,145.06999999999996,37,252,252.0,252.0
14973.0,0.32989182666570854,LOW,3,1314.4499999999998,16,118,58.5,58.5
14976.0,0.3787341274299337,LOW,4,559.96,10,225,75.0,78.0
14978.0,0.30438988609029916,LOW,9,2718.05,144,355,43.875,40.5
14981.0,0.6828201177047507,MEDIUM,2,372.92,155,177,177.0,177.0
14984.0,0.43943986469103663,MEDIUM,5,1160.37,89,516,128.75,153.5
14985.0,0.629937568182724,MEDIUM,2,292.01,107,159,159.0,159.0
14986.0,0.6918574035317441,MEDIUM,2,563.1,285,307,307.0,307.0
14987.0,0.5381920888935816,MEDIUM,7,1387.4499999999996,274,371,61.333333333333336,9.5
14988.0,0.34014878094618817,LOW,7,2038.65,120,390,64.5,26.0
14990.0,0.8994197743543005,HIGH,2,304.17,521,118,118.0,118.0
14994.0,0.6357794133801177,MEDIUM,5,946.72,291,240,59.75,41.0
14996.0,0.8120421541586333,HIGH,2,442.29,390,0,0.0,0.0
14997.0,0.5700732795399842,MEDIUM,2,385.68,87,477,477.0,477.0
14998.0,0.5865554788474595,MEDIUM,4,753.1800000000001,79,435,144.66666666666666,177.0
15001.0,0.7907917194323393,HIGH,2,199.11,303,0,0.0,0.0
15002.0,0.19206698134875733,LOW,9,4138.08,24,580,72.25,34.5
15003.0,0.8111196317875194,HIGH,6,1027.0300000000002,382,209,41.2,20.0
15005.0,0.059647113848081065,LOW,48,11966.759999999998,4,642,13.170212765957446,12.0
15008.0,0.891519609851665,HIGH,2,359.99999999999994,389,157,157.0,157.0
15011.0,0.776990293108249,HIGH,2,416.6,304,20,20.0,20.0
15012.0,0.6599775499482232,MEDIUM,2,429.78,282,203,203.0,203.0
15013.0,0.6899711274088975,MEDIUM,10,1610.8200000000002,396,189,20.666666666666668,20.0
15015.0,0.7114237152189391,HIGH,13,2354.97,410,223,18.166666666666668,20.5
15016.0,0.42383695486334505,MEDIUM,5,620.8900000000001,81,370,92.5,75.0
15018.0,0.6629389461974661,MEDIUM,2,291.34000000000003,161,114,114.0,114.0
15021.0,0.29960600677652294,LOW,8,1709.0500000000002,65,341,48.142857142857146,42.0
15023.0,0.07948117346968546,LOW,17,9886.21,25,557,34.4375,37.0
15024.0,0.12747176014426326,LOW,11,2753.58,22,311,30.7,8.0
15026.0,0.498902084677952,MEDIUM,4,810.6700000000001,149,208,68.66666666666667,72.0
15027.0,0.20718936980927988,LOW,9,3096.4200000000005,77,455,56.5,30.0
15028.0,0.7259429314789738,HIGH,3,521.78,277,25,12.0,12.0
15030.0,0.4119311905739573,MEDIUM,7,1614.39,177,376,62.333333333333336,53.5
15031.0,0.14753098677350016,LOW,12,2711.54,19,621,56.09090909090909,37.0
15032.0,0.3677182923286742,LOW,8,11010.05,165,472,67.14285714285714,55.0
15033.0,0.23873859275940226,LOW,6,1608.9499999999998,18,220,43.4,48.0
15034.0,0.2859677163135992,LOW,11,6597.42,141,344,34.0,27.0
15036.0,0.578603165575403,MEDIUM,2,212.49,86,2,2.0,2.0
15037.0,0.8190496543060768,HIGH,2,397.75999999999993,285,0,0.0,0.0
15038.0,0.40362769955233246,MEDIUM,7,958.4900000000002,96,237,39.0,23.5
15039.0,0.055256950019134006,LOW,84,37759.54000000001,0,637,7.216867469879518,7.0
15041.0,0.6516555929097282,MEDIUM,2,289.4,79,274,274.0,274.0
15042.0,0.869587880251988,HIGH,2,315.45,108,396,396.0,396.0
15043.0,0.5213811108946473,MEDIUM,5,2333.32,372,69,16.75,15.5
15044.0,0.07694299548321303,LOW,31,13542.100000000002,45,586,19.266666666666666,16.0
15045.0,0.5112217134806327,MEDIUM,2,735.6600000000001,60,105,105.0,105.0
15046.0,0.07134896396110976,LOW,21,6477.049999999999,5,597,29.4,19.5
15048.0,0.4063127248533052,MEDIUM,3,321.48,25,251,125.0,125.0
15050.0,0.455962260891555,MEDIUM,2,2349.5,330,59,59.0,59.0
15051.0,0.27962601687671645,LOW,7,2921.29,59,588,97.5,69.0
15053.0,0.4728023627732087,MEDIUM,2,478.6,65,125,125.0,125.0
15055.0,0.8477296729062062,HIGH,3,549.1200000000001,383,248,123.5,123.5
15057.0,0.5243434617268512,MEDIUM,5,3255.96,184,458,114.25,117.5
15058.0,0.20403881698556497,LOW,12,2519.8,33,528,47.72727272727273,58.0
15059.0,0.08312613202294641,LOW,17,3162.0800000000004,16,626,38.6875,41.0
15061.0,0.09485772703159796,LOW,116,108429.88,36,610,5.034782608695652,1.0
15062.0,0.3262638675640043,LOW,7,2411.8,126,392,64.66666666666667,70.0
15064.0,0.6734591517891367,MEDIUM,4,1254.41,319,306,101.66666666666669,83.0
15065.0,0.2220428872763333,LOW,4,3027.48,73,246,81.66666666666667,63.0
15067.0,0.5155879899312255,MEDIUM,3,2966.17,191,324,161.5,161.5
15068.0,0.6201828342301041,MEDIUM,3,861.5,165,365,182.0,182.0
15070.0,0.6218944347926093,MEDIUM,3,737.0500000000001,281,351,175.5,175.5
15071.0,0.6520823239710516,MEDIUM,4,1455.5600000000004,2,476,158.66666666666666,182.0
15073.0,0.21062635317127054,LOW,7,2606.57,94,496,82.16666666666667,50.5
15074.0,0.6270257603044165,MEDIUM,3,1553.13,14,362,180.5,180.5
15076.0,0.6250035593301637,MEDIUM,3,1447.74,81,349,174.0,174.0
15077.0,0.8039612289554093,HIGH,2,2428.08,403,235,235.0,235.0
15078.0,0.059647113848081065,LOW,43,14246.21,14,629,14.61904761904762,12.0
15079.0,0.20402920234543004,LOW,11,3625.400000000001,121,519,51.6,47.5
15080.0,0.786500958150197,HIGH,2,546.25,336,74,74.0,74.0
15081.0,0.23914771812451888,LOW,9,1597.8200000000004,117,327,40.5,29.0
15084.0,0.7365983523028902,HIGH,2,965.2,288,266,266.0,266.0
15086.0,0.8767123666519006,HIGH,2,218.53,473,60,60.0,60.0
15089.0,0.153010214652226,LOW,3,2036.28,3,34,16.5,16.5
15091.0,0.6421911083169308,MEDIUM,2,565.9000000000001,583,0,0.0,0.0
15092.0,0.5397639604606947,MEDIUM,3,776.4599999999998,124,247,123.0,123.0
15093.0,0.0658107094152326,LOW,22,13132.46,25,614,28.904761904761905,27.0
15094.0,0.9056425605462547,HIGH,2,83.0,372,181,181.0,181.0
15095.0,0.17984764037864343,LOW,10,3141.6400000000003,12,584,64.55555555555556,67.0
15097.0,0.805893186925442,HIGH,2,660.27,492,0,0.0,0.0
15098.0,0.6063508668963852,MEDIUM,3,39916.5,91,0,0.0,0.0
15100.0,0.5046814545226894,MEDIUM,7,2193.9,242,367,60.66666666666666,6.5
15101.0,0.6212406830444215,MEDIUM,5,1262.69,268,230,57.25,35.0
15102.0,0.8839950076554055,HIGH,2,554.6700000000001,439,16,16.0,16.0
15104.0,0.43342050006508165,MEDIUM,2,993.54,105,85,85.0,85.0
15105.0,0.6456836225190395,MEDIUM,3,1328.9600000000005,43,491,245.5,245.5
15106.0,0.3362777051236589,LOW,3,1032.83,50,128,63.5,63.5
15107.0,0.671075346084873,MEDIUM,9,824.3499999999999,220,140,17.0,12.5
15108.0,0.35307825207078103,LOW,4,1300.25,50,85,28.33333333333333,40.0
15109.0,0.6053725160652609,MEDIUM,3,983.1,154,489,244.5,244.5
15110.0,0.32120266524556595,LOW,4,886.3000000000001,35,358,119.0,85.0
15111.0,0.6316079397999098,MEDIUM,3,1163.3900000000003,281,219,109.5,109.5
15114.0,0.13450142977251003,LOW,9,2318.53,2,327,40.375,34.0
15116.0,0.3318750493817314,LOW,2,790.97,43,70,70.0,70.0
15117.0,0.48708080655266306,MEDIUM,5,1609.92,29,513,128.0,140.0
15122.0,0.21013861162359582,LOW,11,4487.27,23,505,50.2,38.0
15123.0,0.46490197828856517,MEDIUM,4,3526.33,115,427,142.0,195.0
15124.0,0.5333692074499561,MEDIUM,3,357.37999999999994,100,459,229.5,229.5
15125.0,0.2677015558272016,LOW,21,16291.87,22,505,25.05,12.0
15126.0,0.8835671914014844,HIGH,2,449.49,445,150,150.0,150.0
15128.0,0.3161026778978338,LOW,4,1482.92,35,303,100.33333333333331,50.0
15129.0,0.07071753421806491,LOW,22,6209.51,15,503,23.52380952380953,17.0
15132.0,0.34448848622611455,LOW,3,842.23,14,156,78.0,78.0
15133.0,0.4388531129467247,MEDIUM,5,1806.9,36,392,97.75,104.5
15134.0,0.3647676300878048,LOW,6,823.1600000000001,36,295,58.6,41.0
15135.0,0.7014176289959159,HIGH,2,305.68,148,317,317.0,317.0
15137.0,0.8642175597431232,HIGH,2,823.4,429,159,159.0,159.0
15139.0,0.8335959547514356,HIGH,2,178.96,148,96,96.0,96.0
15140.0,0.1825816126384751,LOW,6,2617.55,24,326,65.0,35.0
15141.0,0.81543805192008,HIGH,7,1388.47,366,163,26.83333333333333,23.0
15142.0,0.5587796776749802,MEDIUM,5,2121.18,319,90,22.5,20.0
15143.0,0.6111259184474721,MEDIUM,2,563.63,134,206,206.0,206.0
15144.0,0.053647309977183276,LOW,22,9140.71,1,634,29.857142857142858,24.0
15145.0,0.652301269954618,MEDIUM,2,724.03,136,21,21.0,21.0
15146.0,0.4576714397572773,MEDIUM,2,1327.16,73,126,126.0,126.0
15149.0,0.4580310490546698,MEDIUM,5,1554.61,42,515,128.75,36.5
15150.0,0.20821536854879258,LOW,8,7256.23,18,434,61.57142857142857,31.0
15151.0,0.6689394580363546,MEDIUM,2,2085.61,332,86,86.0,86.0
15152.0,0.3875799053436915,LOW,7,2901.3500000000004,22,587,97.5,9.0
15154.0,0.7976850768661341,HIGH,2,1089.4400000000005,387,0,0.0,0.0
15157.0,0.5990396174420228,MEDIUM,4,2223.41,63,574,191.0,203.0
15159.0,0.06223120121520418,LOW,22,12445.69,21,319,14.761904761904765,13.0
15160.0,0.6166836802723238,MEDIUM,4,589.27,266,63,20.666666666666668,20.0
15164.0,0.24276118065326613,LOW,8,1566.7599999999998,117,481,68.28571428571429,62.0
15167.0,0.6075496487322708,MEDIUM,5,1627.62,229,352,87.75,61.5
15169.0,0.669088886199977,MEDIUM,2,569.22,291,344,344.0,344.0
15172.0,0.3546697010577219,LOW,3,886.74,44,100,50.0,50.0
15173.0,0.6147004904873177,MEDIUM,7,1494.6,289,236,38.833333333333336,26.0
15174.0,0.6892601236242595,MEDIUM,2,481.46,231,87,87.0,87.0
15179.0,0.2909850938218275,LOW,11,6740.09,142,502,49.8,47.5
15180.0,0.6256178018107692,MEDIUM,3,816.9300000000001,276,221,110.5,110.5
15181.0,0.5832772813524213,MEDIUM,4,945.72,84,555,185.0,151.0
15182.0,0.185828387224935,LOW,11,2998.9520000000007,63,502,50.0,56.5
15183.0,0.8487659235048858,HIGH,3,639.9300000000001,456,36,18.0,18.0
15184.0,0.5316938810391942,MEDIUM,3,518.42,99,533,266.0,266.0
15186.0,0.5771823469371294,MEDIUM,4,1221.05,77,528,175.66666666666666,120.0
15187.0,0.1223617867696732,LOW,6,1883.88,0,120,23.6,20.0
15189.0,0.0656716542665032,LOW,38,13934.76,0,418,10.783783783783784,7.0
15191.0,0.870785406525,HIGH,3,588.0500000000001,372,225,112.5,112.5
15192.0,0.5866737177516316,MEDIUM,5,1666.39,28,560,139.75,139.0
15194.0,0.07460078616629609,LOW,24,8874.529999999999,35,610,26.043478260869566,21.0
15196.0,0.8181926846892512,HIGH,2,313.70000000000005,341,293,293.0,293.0
15197.0,0.4693465964170378,MEDIUM,5,1571.15,161,475,118.5,74.0
15198.0,0.6605716279541669,MEDIUM,5,571.35,1,597,148.75,140.0
15199.0,0.19642381810881535,LOW,9,2821.4500000000003,3,480,59.5,50.0
15201.0,0.3655139042907119,LOW,6,1539.67,35,484,96.6,77.0
15202.0,0.6712210827183362,MEDIUM,3,6001.49,329,0,0.0,0.0
15203.0,0.1032068843790806,LOW,13,3900.7,14,625,51.583333333333336,52.5
15206.0,0.33632154105842776,LOW,3,236.7,8,176,88.0,88.0
15207.0,0.6934333404662839,MEDIUM,3,683.9200000000001,325,130,65.0,65.0
15208.0,0.4892492123342282,MEDIUM,3,423.9199999999999,72,260,130.0,130.0
15210.0,0.6299247730813261,MEDIUM,3,1176.1900000000005,134,350,174.5,174.5
15212.0,0.5931766828957701,MEDIUM,2,208.28000000000003,150,135,135.0,135.0
15213.0,0.6111437558886491,MEDIUM,2,328.35,227,11,11.0,11.0
15214.0,0.40690301024985714,MEDIUM,2,651.6299999999999,92,58,58.0,58.0
15215.0,0.47453848827047646,MEDIUM,5,1987.53,5,516,128.75,95.0
15218.0,0.07948117346968546,LOW,19,9577.29,25,566,31.05555555555556,34.5
15219.0,0.8439111970320734,HIGH,2,685.45,85,472,472.0,472.0
15220.0,0.2695286501379782,LOW,5,1284.0500000000002,24,165,40.75,38.0
15221.0,0.5951922616678854,MEDIUM,4,2062.2,275,271,90.0,44.0
15222.0,0.5261370797410833,MEDIUM,11,3550.9100000000003,227,404,39.8,22.0
15223.0,0.5041891680360224,MEDIUM,5,1417.9500000000005,134,509,126.75,62.0
15224.0,0.4915636823928924,MEDIUM,5,871.3600000000001,267,334,83.25,89.5
15227.0,0.40395926493502715,MEDIUM,7,2145.91,124,418,69.16666666666667,67.0
15228.0,0.29027529722545603,LOW,5,4417.590000000001,38,370,92.0,98.0
15230.0,0.7449778636348974,HIGH,2,429.6,148,1,1.0,1.0
15232.0,0.3739579297153713,LOW,2,612.0600000000001,22,27,27.0,27.0
15235.0,0.676843388163338,MEDIUM,16,2772.76,126,170,11.0,8.0
15237.0,0.4873003847657699,MEDIUM,2,1093.65,112,23,23.0,23.0
15238.0,0.368677598099368,LOW,2,772.7799999999999,4,88,88.0,88.0
15240.0,0.14640695140175186,LOW,10,3798.79,100,542,59.77777777777778,51.0
15241.0,0.17677172505301586,LOW,9,2638.5800000000004,36,527,65.375,55.5
15244.0,0.6361180541349023,MEDIUM,2,578.45,157,418,418.0,418.0
15245.0,0.2026573576704092,LOW,8,4610.84,43,461,65.42857142857143,71.0
15246.0,0.5732296331320668,MEDIUM,3,780.4000000000001,147,317,158.0,158.0
15247.0,0.6610706994321541,MEDIUM,3,976.06,31,414,207.0,207.0
15248.0,0.6083137145006439,MEDIUM,3,1893.93,320,122,60.5,60.5
15249.0,0.05849892394859572,LOW,16,8216.880000000001,0,531,35.06666666666667,19.0
15251.0,0.07739029491419921,LOW,18,19535.37,0,588,34.11764705882353,26.0
15252.0,0.585162149998307,MEDIUM,4,1663.1799999999998,92,428,142.66666666666666,155.0
15253.0,0.6005926198084354,MEDIUM,4,1310.74,78,417,138.33333333333334,118.0
15254.0,0.6610706994321541,MEDIUM,3,1088.35,36,433,216.5,216.5
15255.0,0.49253141711672005,MEDIUM,8,2815.17,305,340,48.142857142857146,22.0
15256.0,0.9252696368530654,HIGH,2,170.39999999999998,57,413,413.0,413.0
15257.0,0.5965944830859683,MEDIUM,2,685.9,192,130,130.0,130.0
15258.0,0.45077955416651355,MEDIUM,2,623.1600000000001,77,48,48.0,48.0
15259.0,0.8533206897909248,HIGH,4,1182.38,421,169,56.333333333333336,80.0
15260.0,0.053647309977183276,LOW,25,8767.73,9,633,25.95833333333333,17.5
15261.0,0.3599093542488812,LOW,4,1508.0,44,299,99.0,35.0
15262.0,0.7415261471027571,HIGH,3,418.8200000000001,232,164,81.5,81.5
15265.0,0.4693952511607206,MEDIUM,4,3345.6399999999994,60,586,195.33333333333331,133.0
15266.0,0.6764072543988203,MEDIUM,5,852.21,247,363,90.25,43.0
15267.0,0.3685898533747912,LOW,2,1407.76,64,27,27.0,27.0
15268.0,0.8655331666601216,HIGH,3,961.9000000000002,387,126,63.0,63.0
15269.0,0.5129559820698799,MEDIUM,2,816.5600000000001,289,10,10.0,10.0
15270.0,0.09086183349764342,LOW,19,7995.66,26,604,33.27777777777778,7.0
15271.0,0.06016088135420302,LOW,19,3627.78,3,396,21.444444444444443,17.5
15272.0,0.45077771303654307,MEDIUM,4,1309.0100000000002,359,213,70.66666666666667,63.0
15276.0,0.5977611067797562,MEDIUM,3,491.17,303,40,20.0,20.0
15278.0,0.8979178709084702,HIGH,4,496.16,470,103,34.333333333333336,0.0
15279.0,0.5661859164365002,MEDIUM,5,1580.5399999999995,263,321,79.75,83.0
15280.0,0.6447202397321319,MEDIUM,3,397.52,81,399,199.0,199.0
15281.0,0.08875140858323975,LOW,15,8403.2,45,290,20.285714285714285,13.0
15283.0,0.8193578564649305,HIGH,3,148.33,299,127,63.5,63.5
15287.0,0.6951188450136494,MEDIUM,3,369.34,288,357,178.5,178.5
15288.0,0.15518612744553578,LOW,9,3415.2200000000003,64,509,63.125,54.0
15289.0,0.5814311072526723,MEDIUM,4,1351.29,46,483,161.0,163.0
15290.0,0.07629367984676255,LOW,20,5945.65,12,550,28.526315789473685,29.0
15291.0,0.05999975812614373,LOW,37,12534.48,3,641,17.333333333333332,7.5
15296.0,0.14908643831945423,LOW,11,9249.66,18,578,57.4,64.5
15298.0,0.0797606863165145,LOW,18,7620.090000000001,1,638,37.0,33.0
15299.0,0.21311709314520724,LOW,8,4684.530000000001,73,532,75.85714285714286,46.0
15301.0,0.07095673539886366,LOW,14,5587.120000000001,22,336,25.384615384615383,21.0
15303.0,0.6288392636504946,MEDIUM,3,1224.1800000000003,199,393,196.5,196.5
15304.0,0.4461618852135027,MEDIUM,7,593.9000000000001,73,256,42.333333333333336,38.5
15306.0,0.24233344529850548,LOW,8,2967.45,1,566,80.42857142857143,55.0
15309.0,0.8898207811204941,HIGH,4,797.96,519,124,41.333333333333336,29.0
15311.0,0.055256950019134006,LOW,182,100354.42,3,644,3.027624309392265,2.0
15312.0,0.16040133622149502,LOW,11,2800.14,12,620,61.6,34.0
15314.0,0.45965497806746536,MEDIUM,3,820.4499999999999,108,228,114.0,114.0
15321.0,0.3818744361137226,LOW,10,5120.889999999999,200,383,42.22222222222222,21.0
15323.0,0.8961326894302694,HIGH,3,434.6,471,99,49.0,49.0
15325.0,0.3476755598415328,LOW,8,1601.46,12,557,79.14285714285714,46.0
15326.0,0.6097273379834077,MEDIUM,5,1700.52,242,404,100.75,55.5
15329.0,0.16188637493303787,LOW,10,2663.13,43,591,65.22222222222223,37.0
15331.0,0.8655331666601216,HIGH,3,767.91,408,109,54.5,54.5
15332.0,0.7072354718172545,HIGH,6,4892.68,275,147,29.0,3.0
15334.0,0.62642470182583,MEDIUM,3,350.82,65,16,8.0,8.0
15339.0,0.6436429726953178,MEDIUM,6,1504.85,227,350,69.6,46.0
15346.0,0.6612618242560209,MEDIUM,3,596.12,241,98,48.5,48.5
15347.0,0.6097036990032633,MEDIUM,4,1162.0000000000002,275,71,23.33333333333333,21.0
15349.0,0.52507766433876,MEDIUM,2,463.9099999999999,67,29,29.0,29.0
15350.0,0.5203049016890071,MEDIUM,2,547.6,282,9,9.0,9.0
15351.0,0.5113662034460197,MEDIUM,4,1770.23,278,62,20.666666666666668,17.0
15353.0,0.2939711723111868,LOW,7,2794.4700000000003,163,483,80.0,70.5
15354.0,0.8427892933732652,HIGH,3,284.4,512,0,0.0,0.0
15356.0,0.09655785777691349,LOW,11,2752.71,14,317,31.2,32.0
15358.0,0.06095018638423224,LOW,35,13718.47,29,612,17.676470588235293,16.5
15359.0,0.9351711644261614,HIGH,8,181.35,571,30,4.142857142857143,0.0
15361.0,0.6260481170770608,MEDIUM,4,689.07,270,181,60.0,9.0
15362.0,0.5158416622385464,MEDIUM,2,613.0799999999999,357,290,290.0,290.0
15363.0,0.6418028221977976,MEDIUM,2,678.11,281,120,120.0,120.0
15364.0,0.5478128913231399,MEDIUM,2,913.1900000000002,4,158,158.0,158.0
15365.0,0.21356204978065899,LOW,8,3204.09,5,576,82.14285714285714,80.0
15366.0,0.519081297631725,MEDIUM,6,1892.11,267,293,58.0,51.0
15367.0,0.2943400655528139,LOW,9,4619.92,154,483,60.0,37.0
15369.0,0.8069411425807327,HIGH,11,6251.259999999999,401,239,23.5,14.0
15370.0,0.18019452125547927,LOW,5,2866.42,50,269,66.75,69.5
15372.0,0.24958886953753368,LOW,8,6017.06,46,526,75.0,5.0
15373.0,0.13067999633670246,LOW,14,2355.53,24,470,35.84615384615385,37.0
15374.0,0.860257311955285,HIGH,2,307.32,37,495,495.0,495.0
15376.0,0.38692639235740456,LOW,2,977.22,26,105,105.0,105.0
15377.0,0.7436406562955358,HIGH,4,1211.7499999999998,291,32,10.666666666666666,13.0
15378.0,0.8939296683474898,HIGH,2,246.5,371,39,39.0,39.0
15379.0,0.1802497193770619,LOW,8,4877.84,78,231,32.42857142857143,22.0
15380.0,0.24912759971139473,LOW,8,2141.26,50,597,85.0,72.0
15381.0,0.3612260307828397,LOW,5,1890.57,122,369,92.0,85.5
15382.0,0.10739973276975569,LOW,10,9904.96,93,550,60.888888888888886,74.0
15384.0,0.585162149998307,MEDIUM,4,2027.7900000000004,78,422,140.0,189.0
15385.0,0.6616911721168484,MEDIUM,2,625.1999999999999,301,284,284.0,284.0
15389.0,0.3858414838808021,LOW,5,2733.8,81,509,126.75,137.0
15390.0,0.8061085378892492,HIGH,2,1216.6600000000003,305,12,12.0,12.0
15392.0,0.5113662034460197,MEDIUM,4,1715.07,269,71,23.33333333333333,22.0
15393.0,0.603766119598939,MEDIUM,4,783.5799999999999,190,442,147.0,125.0
15394.0,0.16754422993646528,LOW,9,4539.700000000001,113,519,64.625,41.5
15396.0,0.9135502460396574,HIGH,2,796.38,21,471,471.0,471.0
15400.0,0.4371797193442019,MEDIUM,8,1302.3000000000002,1,468,66.42857142857143,69.0
15401.0,0.590202609640271,MEDIUM,2,216.95,361,116,116.0,116.0
15402.0,0.3962099526854937,LOW,6,1830.54,57,443,88.0,60.0
15403.0,0.8959587852988347,HIGH,2,170.88,400,238,238.0,238.0
15405.0,0.7480846469643442,HIGH,2,659.84,98,386,386.0,386.0
15406.0,0.6115367096875048,MEDIUM,3,717.45,210,152,76.0,76.0
15407.0,0.4098038976669363,MEDIUM,3,740.73,92,121,60.5,60.5
15410.0,0.18929127714125504,LOW,9,4324.290000000001,8,500,62.125,30.0
15411.0,0.3578021722834873,LOW,2,382.21,33,58,58.0,58.0
15413.0,0.9426957805577569,HIGH,5,6798.72,600,47,11.0,6.5
15416.0,0.28860362907231013,LOW,6,3732.83,64,521,103.8,84.0
15418.0,0.8038959103851433,HIGH,2,449.42,334,161,161.0,161.0
15420.0,0.7759011572414689,HIGH,6,743.0,343,300,59.6,47.0
15421.0,0.2094860576644843,LOW,9,3594.34,124,516,64.125,79.5
15422.0,0.5539986599908323,MEDIUM,7,1619.9700000000005,232,347,57.333333333333336,61.0
15423.0,0.8848128854515926,HIGH,2,223.39,490,39,39.0,39.0
15424.0,0.5833837009554926,MEDIUM,3,597.78,163,208,104.0,104.0
15425.0,0.5533790545853801,MEDIUM,4,1941.12,309,263,87.33333333333333,100.0
15426.0,0.43073652236144483,MEDIUM,6,1386.41,166,329,65.4,72.0
15428.0,0.6190219635140012,MEDIUM,3,668.9700000000001,296,334,166.5,166.5
15430.0,0.8907167554898342,HIGH,2,954.75,376,60,60.0,60.0
15433.0,0.48478486399674825,MEDIUM,2,533.3,122,53,53.0,53.0
15434.0,0.2642571316565366,LOW,9,2112.86,16,577,71.875,23.5
15437.0,0.6880052667646328,MEDIUM,2,393.44999999999993,171,378,378.0,378.0
15439.0,0.747303393399261,HIGH,4,1269.0499999999995,313,248,82.66666666666667,19.0
15440.0,0.31012870350137806,LOW,2,237.66,45,72,72.0,72.0
15441.0,0.6545985748577114,MEDIUM,3,1254.2100000000005,305,334,166.5,166.5
15443.0,0.1882815840061487,LOW,9,2585.44,18,533,66.125,41.0
15445.0,0.7395921897447215,HIGH,2,284.5,173,326,326.0,326.0
15446.0,0.6925276252341943,MEDIUM,3,399.75,285,349,174.5,174.5
15447.0,0.6058762090973725,MEDIUM,5,492.88,239,294,73.25,48.5
15448.0,0.8461412161234436,HIGH,2,788.81,221,361,361.0,361.0
15449.0,0.3761029709549521,LOW,2,647.7,94,76,76.0,76.0
15451.0,0.7817100924553559,HIGH,2,226.86,343,164,164.0,164.0
15452.0,0.45495684915034995,MEDIUM,4,1493.63,173,247,82.0,82.0
15453.0,0.2424503759338412,LOW,4,701.2,1,95,31.33333333333333,37.0
15454.0,0.7667721834333696,HIGH,2,305.99,271,256,256.0,256.0
15456.0,0.42945030849477084,MEDIUM,10,2091.52,192,448,49.22222222222222,43.0
15459.0,0.7834154718400008,HIGH,2,202.83,326,80,80.0,80.0
15461.0,0.8921895965050782,HIGH,2,429.7,369,170,170.0,170.0
15462.0,0.42392934320061576,MEDIUM,4,737.05,3,351,116.66666666666669,49.0
15465.0,0.09855095703534725,LOW,29,10737.91,47,591,20.571428571428573,13.0
15466.0,0.6374217218419401,MEDIUM,3,1225.9299999999998,298,347,173.0,173.0
15467.0,0.2727448438820605,LOW,2,402.56000000000006,54,7,7.0,7.0
15469.0,0.6121844251329019,MEDIUM,2,640.0,29,318,318.0,318.0
15471.0,0.6442002674699928,MEDIUM,2,837.53,289,170,170.0,170.0
15476.0,0.5827954884774814,MEDIUM,4,2209.98,289,62,20.33333333333333,12.0
15480.0,0.46292018167298865,MEDIUM,5,6279.0,25,559,139.5,104.5
15482.0,0.17510593401674593,LOW,11,5465.9,74,571,56.7,28.0
15483.0,0.3548994990911444,LOW,10,817.8199999999999,70,522,57.77777777777778,60.0
15484.0,0.8455051971353441,HIGH,2,1061.69,449,194,194.0,194.0
15485.0,0.4023461552521917,MEDIUM,6,3514.55,245,401,80.0,39.0
15488.0,0.46725652806375767,MEDIUM,5,431.92,1,490,122.25,62.5
15489.0,0.3341204428529485,LOW,6,1633.5900000000004,120,481,96.0,78.0
15491.0,0.24452317060219012,LOW,6,3100.09,4,140,27.6,17.0
15493.0,0.47035344803186513,MEDIUM,7,3455.2200000000003,58,505,83.5,104.5
15494.0,0.7449797907897922,HIGH,4,3541.9000000000005,30,607,202.0,208.0
15497.0,0.3345494701919696,LOW,8,8365.79,228,401,56.57142857142857,62.0
15498.0,0.07721838664647945,LOW,36,20782.83,29,602,16.82857142857143,11.0
15501.0,0.5934869968639187,MEDIUM,2,399.95,313,10,10.0,10.0
15502.0,0.17914327536414282,LOW,7,8574.470000000001,32,431,71.33333333333333,80.5
15503.0,0.8290723972934628,HIGH,2,257.29999999999995,271,363,363.0,363.0
15504.0,0.8825159375856604,HIGH,3,349.87,429,144,72.0,72.0
15505.0,0.1481810728633251,LOW,3,2091.14,22,41,20.5,20.5
15506.0,0.36714484242123835,LOW,4,1267.02,47,338,112.33333333333331,59.0
15508.0,0.4517554214660192,MEDIUM,6,1000.27,98,46,8.8,6.0
15512.0,0.5399692742862658,MEDIUM,4,331.58000000000004,64,520,172.66666666666666,203.0
15513.0,0.06485666834148959,LOW,33,23030.97,3,600,18.375,12.5
15514.0,0.25496095662567175,LOW,13,4870.280000000001,134,509,41.833333333333336,34.0
15518.0,0.14762706850186844,LOW,14,3872.3,33,595,45.38461538461539,37.0
15519.0,0.7243329744284385,HIGH,2,344.61,292,63,63.0,63.0
15521.0,0.1187400881274781,LOW,15,6424.82,3,608,43.142857142857146,46.5
15523.0,0.5181652315489413,MEDIUM,15,16847.18,297,349,24.428571428571427,18.0
15525.0,0.541429482989083,MEDIUM,2,430.78,282,9,9.0,9.0
15527.0,0.09224474411328352,LOW,20,4457.15,53,579,30.05263157894737,34.0
15529.0,0.1042916449066152,LOW,9,3208.29,51,251,30.875,32.0
15530.0,0.3760074874841347,LOW,4,1475.06,58,363,120.66666666666669,77.0
15532.0,0.194064331079663,LOW,9,3388.61,40,417,51.625,31.0
15535.0,0.38520063082170664,LOW,6,1044.37,82,275,54.8,63.0
15538.0,0.8853114838022161,HIGH,6,3358.4,446,125,24.8,17.0
15542.0,0.8438918916950774,HIGH,3,855.71,421,225,112.5,112.5
15543.0,0.6293136270085093,MEDIUM,2,242.26,197,171,171.0,171.0
15544.0,0.07948117346968546,LOW,18,7033.55,28,560,32.47058823529412,23.0
15546.0,0.8324028388017136,HIGH,2,1079.1,515,0,0.0,0.0
15547.0,0.053647309977183276,LOW,20,7891.610000000001,19,623,32.36842105263158,28.0
15549.0,0.24519161321193075,LOW,7,2272.58,66,539,89.5,92.0
15550.0,0.2511170478844327,LOW,11,2068.7,15,630,62.5,46.0
15551.0,0.5432533894717062,MEDIUM,6,1243.75,303,155,30.8,23.0
15552.0,0.8570079572922116,HIGH,2,252.52,126,405,405.0,405.0
15555.0,0.059647113848081065,LOW,30,9258.68,12,630,21.344827586206897,12.0
15560.0,0.8223853605214635,HIGH,2,153.51999999999998,306,0,0.0,0.0
15561.0,0.29681160329753425,LOW,7,1583.4699999999998,58,513,85.16666666666667,74.5
15562.0,0.6727127591792412,MEDIUM,3,671.4300000000001,260,374,186.5,186.5
15563.0,0.43484283473954716,MEDIUM,5,2194.64,109,480,119.75,122.5
15564.0,0.902413857221393,HIGH,2,70.74000000000001,372,212,212.0,212.0
15566.0,0.6585336752093007,MEDIUM,2,227.87000000000003,301,331,331.0,331.0
15569.0,0.17984764037864343,LOW,10,3583.45,12,545,60.22222222222222,49.0
15570.0,0.07694299548321303,LOW,22,7397.65,50,479,22.33333333333333,18.0
15571.0,0.4481891337093804,MEDIUM,10,3241.92,295,347,38.11111111111112,11.0
15572.0,0.23057866311052982,LOW,7,2984.57,18,494,81.83333333333333,68.0
15573.0,0.8797184965163124,HIGH,3,597.23,527,110,55.0,55.0
15574.0,0.41383187642451247,MEDIUM,6,1101.44,86,286,56.8,43.0
15577.0,0.5259756551903465,MEDIUM,5,396.03,60,575,143.25,78.0
15579.0,0.6972462499449845,MEDIUM,4,1118.38,222,118,39.0,43.0
15580.0,0.6147004904873177,MEDIUM,8,1375.39,285,293,41.57142857142857,38.0
15581.0,0.2393978755881858,LOW,38,7480.4,29,616,16.216216216216218,8.0
15582.0,0.4797926881548092,MEDIUM,2,541.51,9,120,120.0,120.0
15584.0,0.5449502247953133,MEDIUM,3,697.7399999999999,71,508,253.5,253.5
15586.0,0.8820254848624177,HIGH,3,1139.1,501,108,54.0,54.0
15587.0,0.3785057063923174,LOW,5,1065.2399999999998,51,349,86.75,61.0
15589.0,0.5366449016595017,MEDIUM,3,478.53,164,54,27.0,27.0
15590.0,0.6147004904873177,MEDIUM,5,1496.6,291,224,55.75,29.0
15591.0,0.8890470253801304,HIGH,3,217.9,491,91,45.0,45.0
15594.0,0.5044455460592417,MEDIUM,2,788.22,2,141,141.0,141.0
15596.0,0.15190350328249733,LOW,9,2727.7200000000003,9,398,49.5,41.0
15599.0,0.6132248093999997,MEDIUM,2,937.15,113,241,241.0,241.0
15600.0,0.7909457371659468,HIGH,4,1199.31,337,165,54.66666666666666,51.0
15601.0,0.06095018638423224,LOW,27,13000.64,31,615,23.192307692307693,20.0
15602.0,0.20387392480365082,LOW,12,2383.04,109,537,48.18181818181818,28.0
15605.0,0.4997623069145727,MEDIUM,7,1233.9,161,441,73.16666666666667,42.5
15606.0,0.08840754431497662,LOW,16,4750.21,28,528,34.733333333333334,29.0
15607.0,0.524806753602529,MEDIUM,9,1708.97,245,364,45.125,16.5
15608.0,0.5820415416013794,MEDIUM,2,977.98,29,294,294.0,294.0
15611.0,0.08589676039001273,LOW,21,2352.97,12,579,28.4,24.0
15614.0,0.6873071627522261,MEDIUM,4,3147.36,346,188,62.66666666666666,62.0
15615.0,0.05185517354813928,LOW,43,18342.08,14,631,14.642857142857142,14.5
15617.0,0.6443866736041617,MEDIUM,3,828.5500000000001,305,111,55.0,55.0
15618.0,0.23820230119654862,LOW,3,419.041,1,44,22.0,22.0
15620.0,0.567766191218382,MEDIUM,3,1264.19,129,188,94.0,94.0
15622.0,0.16011310110620164,LOW,13,6745.049999999999,106,448,37.083333333333336,22.5
15623.0,0.13444417204669892,LOW,8,2437.0500000000006,50,588,83.57142857142857,61.0
15624.0,0.3779974705902375,LOW,4,588.13,25,139,46.0,49.0
15625.0,0.19217517442314647,LOW,9,3236.4,12,438,54.25,50.5
15626.0,0.646273187496427,MEDIUM,2,673.5999999999999,238,91,91.0,91.0
15627.0,0.8935485981798426,HIGH,2,566.9,366,65,65.0,65.0
15628.0,0.10662585885816202,LOW,13,4088.24,7,627,51.833333333333336,47.0
15629.0,0.6405798262732652,MEDIUM,4,2240.9000000000005,359,82,27.33333333333333,35.0
15630.0,0.5334952315486131,MEDIUM,2,691.91,113,439,439.0,439.0
15632.0,0.0998865547797901,LOW,6,2351.84,30,153,30.2,28.0
15633.0,0.7513766489013042,HIGH,13,4335.96,418,221,17.916666666666668,16.5
15636.0,0.5732817291619168,MEDIUM,3,1026.52,191,287,143.0,143.0
15637.0,0.6762137474096682,MEDIUM,4,574.23,322,310,103.0,84.0
15638.0,0.5145125789644097,MEDIUM,6,2265.2,287,231,46.0,17.0
15639.0,0.7110165699571576,HIGH,3,1065.08,43,471,235.0,235.0
15640.0,0.0658107094152326,LOW,25,19914.94,30,603,24.791666666666668,22.5
15641.0,0.1736912050219018,LOW,12,5345.55,14,627,56.63636363636363,50.0
15643.0,0.473134541701515,MEDIUM,3,664.0,100,90,45.0,45.0
15644.0,0.4734745991863242,MEDIUM,4,803.54,75,94,31.0,4.0
15645.0,0.5296965496299897,MEDIUM,2,443.1600000000001,323,11,11.0,11.0
15646.0,0.38520063082170664,LOW,5,784.8100000000002,66,252,63.0,55.5
15648.0,0.42520911047739846,MEDIUM,2,639.5,113,62,62.0,62.0
15649.0,0.5809813496114972,MEDIUM,4,1660.35,245,50,16.666666666666668,12.0
15650.0,0.8813298051732019,HIGH,2,553.88,430,106,106.0,106.0
15651.0,0.5867504795103055,MEDIUM,3,840.08,169,335,167.5,167.5
15652.0,0.36454434382172657,LOW,5,1405.9400000000005,0,393,97.75,44.0
15653.0,0.342524609547414,LOW,2,877.4399999999999,1,23,23.0,23.0
15656.0,0.45077955416651355,MEDIUM,3,563.63,87,105,52.5,52.5
15658.0,0.25739583763706125,LOW,8,2117.2700000000004,99,546,77.57142857142857,63.0
15659.0,0.6845808566695787,MEDIUM,2,226.04,295,266,266.0,266.0
15660.0,0.26253182491597926,LOW,12,1887.17,44,536,48.27272727272727,53.0
15661.0,0.6631740283657668,MEDIUM,8,1215.9499999999996,226,261,36.85714285714285,33.0
15662.0,0.8965831402246005,HIGH,2,283.73,570,77,77.0,77.0
15664.0,0.4616078474975425,MEDIUM,3,867.5999999999999,358,200,99.5,99.5
15665.0,0.46636213980288677,MEDIUM,5,3987.0700000000006,77,466,116.25,117.0
15666.0,0.87955346273645,HIGH,2,632.9399999999999,381,23,23.0,23.0
15669.0,0.3907561786503361,LOW,3,565.5400000000001,12,160,79.5,79.5
15670.0,0.7661517247956536,HIGH,2,325.20000000000005,205,259,259.0,259.0
15671.0,0.26974575246927784,LOW,5,1972.89,3,176,43.5,28.0
15673.0,0.19378166270145372,LOW,8,5492.790000000001,65,498,70.57142857142857,57.0
15674.0,0.2168463419552861,LOW,12,5881.29,122,517,46.54545454545455,33.0
15675.0,0.4835492318657723,MEDIUM,3,443.74,64,249,124.5,124.5
15677.0,0.6875274511575781,MEDIUM,2,648.4000000000001,330,42,42.0,42.0
15678.0,0.628180456976411,MEDIUM,2,1473.24,304,127,127.0,127.0
15679.0,0.4448563150819476,MEDIUM,2,260.26,63,28,28.0,28.0
15680.0,0.3703772057208786,LOW,8,3173.9,275,371,52.57142857142857,48.0
15681.0,0.21239050453663147,LOW,12,2266.76,92,381,34.36363636363637,14.0
15682.0,0.9077356294463286,HIGH,2,318.23999999999995,508,88,88.0,88.0
15683.0,0.6145275119227864,MEDIUM,2,524.54,26,356,356.0,356.0
15684.0,0.9142054667348695,HIGH,3,173.95000000000002,456,188,93.5,93.5
15687.0,0.2651772286565821,LOW,5,1679.4499999999998,95,143,35.25,21.0
15689.0,0.618124998563016,MEDIUM,3,521.03,28,497,248.5,248.5
15691.0,0.5501630715974076,MEDIUM,4,571.3,161,480,160.0,143.0
15694.0,0.09635141157740494,LOW,19,6804.860000000001,85,556,30.38888888888889,21.0
15695.0,0.6022328989270043,MEDIUM,4,1131.04,175,414,137.66666666666666,83.0
15696.0,0.3790633363964379,LOW,11,2800.0600000000004,129,463,45.9,35.0
15700.0,0.5932058036320305,MEDIUM,2,696.6799999999998,81,1,1.0,1.0
15702.0,0.8965134318785253,HIGH,2,140.39,385,205,205.0,205.0
15704.0,0.3485860511182613,LOW,6,3734.66,49,442,88.2,46.0
15708.0,0.1761954856716924,LOW,8,3241.24,47,287,40.57142857142857,34.0
15709.0,0.7289498983790171,HIGH,2,327.85,192,305,305.0,305.0
15711.0,0.8851512420976958,HIGH,2,420.25,465,128,128.0,128.0
15712.0,0.10239496747841591,LOW,10,3166.36,18,629,69.33333333333333,73.0
15713.0,0.6160476269812236,MEDIUM,4,839.6400000000001,52,580,193.0,222.0
15714.0,0.6684291002695688,MEDIUM,3,453.93,362,102,50.5,50.5
15715.0,0.8610573607956309,HIGH,5,658.0200000000001,464,63,15.75,11.5
15716.0,0.16641183127298487,LOW,11,2485.26,54,586,58.1,48.5
15717.0,0.5736853231611818,MEDIUM,5,607.0,143,358,89.0,65.0
15719.0,0.05185517354813928,LOW,29,9227.87,8,638,22.392857142857142,22.5
15722.0,0.19018528108514254,LOW,9,4436.24,17,531,65.875,50.0
15723.0,0.6455001098828641,MEDIUM,4,930.7,273,209,69.33333333333333,46.0
15724.0,0.5408655681389709,MEDIUM,3,310.85,110,199,99.5,99.5
15727.0,0.13667778497333408,LOW,14,8802.04,16,577,43.92307692307692,36.0
15728.0,0.6612618242560209,MEDIUM,2,544.6,288,64,64.0,64.0
15729.0,0.7491983875661862,HIGH,3,192.55,121,190,95.0,95.0
15730.0,0.44490438310986297,MEDIUM,4,1382.92,1,339,112.66666666666669,114.0
15732.0,0.3125310797093914,LOW,10,1543.97,121,461,50.77777777777778,19.0
15734.0,0.6339036646243799,MEDIUM,4,2263.3,23,432,143.66666666666666,110.0
15736.0,0.6780847061060392,MEDIUM,2,1767.12,344,0,0.0,0.0
15737.0,0.31422833387763166,LOW,5,880.93,56,95,23.5,20.5
15738.0,0.05185517354813928,LOW,38,12084.35,5,632,16.54054054054054,15.0
15741.0,0.8805942027215902,HIGH,2,208.62,367,160,160.0,160.0
15743.0,0.3462781120665067,LOW,2,434.05,22,71,71.0,71.0
15747.0,0.2802058785196074,LOW,8,2078.54,29,570,81.0,58.0
15748.0,0.7092190891694911,HIGH,2,465.45,358,0,0.0,0.0
15749.0,0.637314623766932,MEDIUM,3,44534.3,144,97,48.5,48.5
15750.0,0.13668653483325113,LOW,14,5098.120999999999,79,567,43.07692307692308,20.0
15751.0,0.826079609730172,HIGH,11,1380.44,369,272,27.0,20.0
15752.0,0.17429633598606814,LOW,8,3391.6800000000003,2,364,51.42857142857143,33.0
15754.0,0.3892274072705719,LOW,7,2670.84,155,408,67.66666666666667,18.0
15755.0,0.10266990378887357,LOW,14,4773.700000000001,17,627,47.84615384615385,41.0
15756.0,0.4799946879603405,MEDIUM,3,359.89,61,96,48.0,48.0
15757.0,0.3327577844526746,LOW,5,2487.3,126,329,82.0,57.5
15759.0,0.4812657151424497,MEDIUM,7,830.9300000000001,127,519,86.16666666666667,69.5
15760.0,0.8786895848999138,HIGH,2,13916.34,539,0,0.0,0.0
15764.0,0.19455757838101326,LOW,7,4499.7300000000005,16,371,61.66666666666666,60.5
15766.0,0.5325307502932104,MEDIUM,2,516.0,365,225,225.0,225.0
15768.0,0.2393978755881858,LOW,34,15308.89,24,620,18.363636363636363,7.0
15769.0,0.05765794681067279,LOW,39,74223.52,10,627,16.07894736842105,13.0
15771.0,0.8980895937709098,HIGH,3,1006.54,513,89,44.5,44.5
15774.0,0.6685640076651205,MEDIUM,5,1017.54,327,238,59.25,56.5
15775.0,0.9090491134165534,HIGH,2,150.5,154,386,386.0,386.0
15777.0,0.4052589654606117,MEDIUM,7,1762.61,150,327,54.16666666666666,39.0
15779.0,0.9379552508053483,HIGH,2,124.08,372,69,69.0,69.0
15780.0,0.4228941227844676,MEDIUM,3,475.28,92,174,86.5,86.5
15781.0,0.42208103576983075,MEDIUM,2,211.3,46,168,168.0,168.0
15784.0,0.8702890242394684,HIGH,2,848.3299999999999,376,204,204.0,204.0
15785.0,0.14174613640290673,LOW,15,5306.789999999999,66,566,40.142857142857146,45.0
15786.0,0.5078784855104813,MEDIUM,3,6730.26,23,422,210.5,210.5
15789.0,0.519081297631725,MEDIUM,6,1962.01,267,265,52.8,61.0
15791.0,0.4378131622026118,MEDIUM,4,3218.8900000000003,113,437,145.66666666666666,61.0
15792.0,0.6519729834505383,MEDIUM,2,933.84,308,218,218.0,218.0
15793.0,0.5272838446832855,MEDIUM,6,1740.6,177,469,93.6,110.0
15794.0,0.8662423945610102,HIGH,2,777.0000000000001,645,0,0.0,0.0
15795.0,0.29070798380478724,LOW,8,1979.87,58,540,77.0,27.0
15796.0,0.11921198447130725,LOW,14,4035.789999999999,18,509,38.69230769230769,35.0
15797.0,0.4382683679439585,MEDIUM,6,2821.08,22,568,113.4,100.0
15798.0,0.8594863528197746,HIGH,3,1535.37,401,188,94.0,94.0
15799.0,0.46603412982890957,MEDIUM,3,1018.44,94,233,116.5,116.5
15800.0,0.45099337591302247,MEDIUM,7,1227.07,16,511,85.0,69.5
15803.0,0.4644789352083163,MEDIUM,3,1513.8400000000004,354,230,115.0,115.0
15804.0,0.11163025570985184,LOW,5,2554.84,3,104,25.75,25.0
15805.0,0.053647309977183276,LOW,24,8209.25,15,623,26.82608695652174,16.0
15806.0,0.4926136921326535,MEDIUM,2,521.8800000000001,66,119,119.0,119.0
15807.0,0.5368191031912293,MEDIUM,2,913.62,317,257,257.0,257.0
15808.0,0.5091098826571935,MEDIUM,21,17180.25,215,431,21.05,21.0
15809.0,0.3665249001095086,LOW,6,1157.88,93,351,69.6,52.0
15810.0,0.16072445550650938,LOW,7,2968.25,79,502,83.16666666666667,70.5
15811.0,0.18281322072681877,LOW,6,3041.33,14,282,55.8,59.0
15812.0,0.15218439846374376,LOW,12,5201.470000000001,16,617,55.63636363636363,44.0
15813.0,0.4205277026832162,MEDIUM,2,1303.91,116,31,31.0,31.0
15814.0,0.6338875282679222,MEDIUM,2,689.1100000000001,302,210,210.0,210.0
15815.0,0.2747658775745244,LOW,4,1874.7,49,119,39.333333333333336,33.0
15816.0,0.8590127980934154,HIGH,2,144.15,451,0,0.0,0.0
15817.0,0.7157600703707608,HIGH,3,2766.4,329,122,60.5,60.5
15819.0,0.1710245102116397,LOW,9,3614.81,40,500,62.25,59.5
15822.0,0.4795641745660317,MEDIUM,5,1394.79,268,373,93.0,95.5
15823.0,0.6105140363922462,MEDIUM,3,3882.17,281,358,179.0,179.0
15824.0,0.46653964846646384,MEDIUM,2,890.94,362,78,78.0,78.0
15826.0,0.5265084437986276,MEDIUM,2,1663.9699999999998,119,357,357.0,357.0
15827.0,0.07817524666892649,LOW,27,3365.21,23,586,22.192307692307693,21.5
15829.0,0.3994622710191378,LOW,2,636.1399999999998,8,41,41.0,41.0
15831.0,0.5402197489767369,MEDIUM,2,451.1100000000001,33,199,199.0,199.0
15834.0,0.23165221390506938,LOW,6,3322.46,74,258,51.4,47.0
15835.0,0.3646095243725313,LOW,3,675.5099999999999,46,193,96.0,96.0
15838.0,0.05328006045930395,LOW,27,53715.92,17,616,23.26923076923077,17.0
15841.0,0.36617845362676193,LOW,7,2131.61,127,511,84.83333333333333,67.0
15842.0,0.6485396595979432,MEDIUM,2,548.8,302,134,134.0,134.0
15845.0,0.1981922709537429,LOW,8,3241.2700000000004,53,537,76.28571428571429,55.0
15847.0,0.5898116793937461,MEDIUM,4,613.9800000000001,197,353,117.33333333333331,139.0
15850.0,0.4899951234031264,MEDIUM,5,888.0300000000001,77,558,139.0,168.5
15852.0,0.5706264613653712,MEDIUM,3,257.26,95,340,169.5,169.5
15854.0,0.08796167981429626,LOW,18,5002.85,49,589,34.11764705882353,31.0
15855.0,0.3312334398328944,LOW,6,1052.72,45,339,67.6,34.0
15856.0,0.059647113848081065,LOW,42,27380.24,4,641,15.170731707317072,12.0
15858.0,0.36624271343112264,LOW,10,2941.0599999999995,198,440,48.22222222222222,51.0
15860.0,0.15023327994745303,LOW,15,2163.28,7,634,44.71428571428572,24.0
15861.0,0.30150820848929505,LOW,7,2346.04,43,545,90.66666666666669,101.0
15862.0,0.13194353846642867,LOW,12,2339.14,21,610,55.27272727272727,42.0
15863.0,0.4366084829290025,MEDIUM,4,295.46,101,530,176.33333333333334,69.0
15864.0,0.3481677535642439,LOW,4,1202.3000000000002,7,282,93.66666666666669,78.0
15865.0,0.5890904171211384,MEDIUM,3,1660.22,122,489,244.5,244.5
15867.0,0.06095018638423224,LOW,28,8060.57,22,612,22.185185185185187,20.0
15869.0,0.6811026627456579,MEDIUM,3,321.11000000000007,186,349,174.5,174.5
15870.0,0.6391174790112344,MEDIUM,3,506.02,305,49,24.5,24.5
15872.0,0.7376644767663532,HIGH,2,413.0,287,171,171.0,171.0
15873.0,0.8520929713624522,HIGH,4,313.92,408,1,0.3333333333333333,0.0
15874.0,0.09635141157740494,LOW,20,9086.63,86,523,27.157894736842103,26.0
15876.0,0.6390042144617821,MEDIUM,2,1449.14,318,39,39.0,39.0
15878.0,0.8994197743543005,HIGH,2,330.7699999999999,470,171,171.0,171.0
15879.0,0.6316079397999098,MEDIUM,4,1137.8000000000002,313,317,105.0,116.0
15881.0,0.7868926237857052,HIGH,5,501.39,221,52,12.75,1.0
15882.0,0.39451795098391174,LOW,8,1124.66,107,530,75.42857142857143,53.0
15884.0,0.7696287376003083,HIGH,2,244.6,341,303,303.0,303.0
15885.0,0.37970599190428944,LOW,15,1951.82,1,594,42.07142857142857,33.0
15886.0,0.5995147764254952,MEDIUM,3,871.78,325,181,90.5,90.5
15887.0,0.6208867359258998,MEDIUM,3,1027.15,315,148,74.0,74.0
15888.0,0.648044786688404,MEDIUM,2,260.85,309,125,125.0,125.0
15889.0,0.30275615632066716,LOW,8,1427.6,65,572,81.28571428571429,20.0
15890.0,0.704366762250776,HIGH,5,535.65,303,210,52.25,3.5
15894.0,0.5931766828957701,MEDIUM,2,258.25,162,115,115.0,115.0
15897.0,0.6154189702794128,MEDIUM,2,208.59000000000003,103,0,0.0,0.0
15898.0,0.3020440698329844,LOW,24,4610.56,135,501,21.26086956521739,16.0
15900.0,0.6717866285231906,MEDIUM,3,549.29,322,148,73.5,73.5
15901.0,0.5069874241119117,MEDIUM,5,446.48,63,388,96.75,45.5
15903.0,0.41062621068405086,MEDIUM,7,4454.72,136,467,77.33333333333333,56.0
15906.0,0.2647615890526972,LOW,7,1760.21,53,305,50.5,39.5
15907.0,0.41722268419576786,MEDIUM,2,477.5899999999999,85,33,33.0,33.0
15908.0,0.8764008167214478,HIGH,2,758.6200000000001,399,21,21.0,21.0
15910.0,0.2524438124277957,LOW,12,2095.65,8,588,53.09090909090909,42.0
15911.0,0.846676026012976,HIGH,8,1700.24,532,106,14.857142857142858,15.0
15912.0,0.37075059249880105,LOW,9,1074.7,87,551,68.625,47.5
15914.0,0.7704080230908346,HIGH,2,205.99,287,0,0.0,0.0
15916.0,0.15147806767222188,LOW,10,2489.33,100,537,59.22222222222222,49.0
15917.0,0.5507743736647138,MEDIUM,5,530.17,156,489,122.0,65.0
15918.0,0.5946274045243067,MEDIUM,3,582.88,99,441,220.0,220.0
15920.0,0.4305992871435281,MEDIUM,9,569.1400000000001,63,571,71.25,45.0
15921.0,0.6093175030992419,MEDIUM,4,775.2600000000001,81,468,155.66666666666666,223.0
15932.0,0.1575397678513498,LOW,6,1885.95,16,181,35.8,28.0
15934.0,0.7521091559277477,HIGH,2,2190.66,326,11,11.0,11.0
15935.0,0.7526573320611571,HIGH,2,416.86,148,2,2.0,2.0
15936.0,0.7320919538045425,HIGH,2,282.79,288,88,88.0,88.0
15938.0,0.44035529351387326,MEDIUM,9,734.8100000000001,21,444,55.125,47.0
15939.0,0.054211443495400365,LOW,15,8805.63,16,267,18.714285714285715,16.5
15943.0,0.9060482671472241,HIGH,2,271.29,558,28,28.0,28.0
15944.0,0.5556781850241271,MEDIUM,4,2164.24,185,449,149.66666666666666,117.0
15945.0,0.6306901918928637,MEDIUM,4,646.2700000000001,274,372,124.0,76.0
15946.0,0.8770057533448165,HIGH,3,2304.18,411,131,65.5,65.5
15950.0,0.18886394194112935,LOW,8,6467.58,15,576,82.0,69.0
15951.0,0.6012064886209776,MEDIUM,2,680.12,194,95,95.0,95.0
15952.0,0.5111019194740516,MEDIUM,2,309.2,68,66,66.0,66.0
15953.0,0.1585042772937392,LOW,14,2607.1,120,524,40.0,35.0
15955.0,0.09849891993915505,LOW,16,6133.37,15,547,36.13333333333333,17.0
15956.0,0.8569763860681151,HIGH,2,617.6,460,175,175.0,175.0
15957.0,0.6427737392345363,MEDIUM,2,492.36,329,0,0.0,0.0
15958.0,0.6942103407329934,MEDIUM,3,357.77000000000004,312,147,73.0,73.0
15959.0,0.8467286785440857,HIGH,3,542.89,591,0,0.0,0.0
15960.0,0.7330056785652563,HIGH,4,410.95,283,61,19.666666666666668,14.0
15965.0,0.36928744301082866,LOW,10,2119.26,276,369,40.55555555555556,41.0
15967.0,0.4257984672066984,MEDIUM,11,2730.22,227,419,41.5,37.5
15969.0,0.5453068906251121,MEDIUM,3,769.65,94,336,168.0,168.0
15970.0,0.7958935072074779,HIGH,2,1017.32,212,295,295.0,295.0
15971.0,0.10266990378887357,LOW,13,3812.4300000000007,17,623,51.5,25.0
15972.0,0.6206444049371708,MEDIUM,5,1769.33,365,143,35.5,23.5
15973.0,0.6290123260175051,MEDIUM,3,680.62,275,62,31.0,31.0
15974.0,0.1561834038433994,LOW,6,2895.01,4,193,38.2,38.0
15976.0,0.3132243611601271,LOW,6,1694.41,74,385,76.6,55.0
15978.0,0.6677865185358876,MEDIUM,2,2180.6400000000003,341,211,211.0,211.0
15980.0,0.36657555741799064,LOW,5,4905.0,163,302,75.25,32.5
15981.0,0.08296619870878995,LOW,19,8412.49,46,483,26.444444444444443,24.0
15983.0,0.42423386973667326,MEDIUM,7,2783.62,269,372,61.66666666666666,6.0
15984.0,0.05185517354813928,LOW,27,7419.9,9,637,24.192307692307693,20.5
15985.0,0.24459752118924902,LOW,7,2715.28,32,438,72.5,49.0
15987.0,0.25964678032080707,LOW,7,1296.85,29,258,42.66666666666666,23.0
15988.0,0.8818090731676043,HIGH,2,582.1100000000002,460,105,105.0,105.0
15989.0,0.8674241210123408,HIGH,2,368.31,284,361,361.0,361.0
15990.0,0.4631158452655132,MEDIUM,6,1607.01,196,362,72.0,32.0
15992.0,0.6546389863231615,MEDIUM,2,854.6099999999999,305,57,57.0,57.0
15994.0,0.6752486673474107,MEDIUM,2,761.4100000000001,320,224,224.0,224.0
15996.0,0.21830824436863075,LOW,6,1233.58,25,280,56.0,49.0
15998.0,0.12354616149982683,LOW,14,7299.179999999999,80,566,43.0,37.0
16003.0,0.18798395780560404,LOW,8,4672.360000000001,43,601,85.57142857142857,31.0
16004.0,0.7841750227376025,HIGH,5,2146.39,383,208,52.0,60.0
16005.0,0.29960600677652294,LOW,8,2062.19,91,267,37.71428571428572,20.0
16006.0,0.659847898266549,MEDIUM,2,332.81999999999994,120,176,176.0,176.0
16007.0,0.2871209259344838,LOW,5,2086.92,89,362,90.0,79.0
16008.0,0.18238672263473352,LOW,13,4999.5,113,425,34.916666666666664,17.0
16010.0,0.44513827745445916,MEDIUM,11,1694.86,154,165,16.1,5.5
16011.0,0.05332440529845678,LOW,25,4433.71,1,646,26.45833333333333,21.5
16012.0,0.3741089256472899,LOW,4,2695.42,37,401,133.33333333333334,128.0
16013.0,0.055256950019134006,LOW,72,42357.18,7,633,8.633802816901408,4.0
16014.0,0.5706936785931274,MEDIUM,4,967.83,61,525,174.66666666666666,138.0
16016.0,0.2553991168900704,LOW,7,1408.96,105,206,34.0,14.0
16017.0,0.6778053346371078,MEDIUM,4,1333.6999999999998,326,286,95.0,59.0
16018.0,0.45576397979745864,MEDIUM,3,451.13,89,551,275.5,275.5
16019.0,0.2180940120707837,LOW,25,16495.170000000002,45,588,24.041666666666668,20.0
16021.0,0.6436465542551338,MEDIUM,2,487.03,304,149,149.0,149.0
16023.0,0.4425496892780108,MEDIUM,2,500.69,101,74,74.0,74.0
16024.0,0.6441969559153228,MEDIUM,2,232.96,320,0,0.0,0.0
16027.0,0.26093273491121194,LOW,15,2048.36,0,608,42.85714285714285,29.5
16029.0,0.055256950019134006,LOW,96,91042.92,2,637,6.3578947368421055,5.0
16031.0,0.5510199818638256,MEDIUM,2,547.9000000000001,1,154,154.0,154.0
16032.0,0.584474901402771,MEDIUM,6,1965.72,365,67,13.0,16.0
16033.0,0.06618868616934095,LOW,23,7694.540000000001,17,376,16.681818181818183,13.0
16034.0,0.42252023945584866,MEDIUM,6,911.32,105,213,42.4,12.0
16036.0,0.5853468114438201,MEDIUM,3,1986.65,172,356,178.0,178.0
16037.0,0.4839466579673462,MEDIUM,5,1509.34,178,378,94.0,78.5
16038.0,0.3862339045989621,LOW,2,393.3299999999999,86,24,24.0,24.0
16039.0,0.7234302263525979,HIGH,2,456.4,332,204,204.0,204.0
16040.0,0.3870987529490634,LOW,6,1979.53,57,461,91.8,80.0
16041.0,0.3078983695786877,LOW,2,2739.8,50,0,0.0,0.0
16042.0,0.3282518588174799,LOW,5,1508.3300000000004,16,346,86.0,60.0
16043.0,0.3203881447529019,LOW,7,1759.0899999999997,120,270,44.66666666666666,48.0
16045.0,0.17523089087128327,LOW,8,3434.9300000000003,28,378,53.71428571428572,44.0
16048.0,0.6618645650545362,MEDIUM,4,818.79,282,176,58.333333333333336,26.0
16049.0,0.6208867359258998,MEDIUM,3,777.34,284,141,70.0,70.0
16050.0,0.5472751119063313,MEDIUM,3,300.7,82,227,113.0,113.0
16053.0,0.38404371999087117,LOW,5,3247.08,31,488,121.75,98.0
16054.0,0.6541876832265394,MEDIUM,4,2111.88,54,471,157.0,104.0
16057.0,0.15547127395023233,LOW,9,3135.96,5,604,75.375,59.0
16059.0,0.261439537687135,LOW,10,2545.01,72,405,44.44444444444444,40.0
16060.0,0.6874677410221034,MEDIUM,3,541.95,309,93,46.5,46.5
16062.0,0.262526939542428,LOW,7,2487.97,42,402,66.66666666666667,78.0
16065.0,0.49671658473975305,MEDIUM,8,1992.13,274,97,13.571428571428571,14.0
16067.0,0.9102679674482957,HIGH,3,3269.11,471,112,55.5,55.5
16071.0,0.6489065252948242,MEDIUM,3,750.5600000000002,436,127,63.5,63.5
16072.0,0.539193069959905,MEDIUM,4,4180.09,197,260,86.33333333333333,120.0
16075.0,0.8706892545740573,HIGH,2,736.9300000000001,411,61,61.0,61.0
16076.0,0.15421507293451303,LOW,5,1357.9799999999998,1,115,28.5,20.5
16078.0,0.8729988280423274,HIGH,2,362.99,192,385,385.0,385.0
16080.0,0.6160790531617215,MEDIUM,3,515.66,183,176,87.5,87.5
16081.0,0.326376818146315,LOW,6,2471.91,94,489,97.2,99.0
16083.0,0.40104275649182236,MEDIUM,4,2351.4200000000005,9,287,95.33333333333331,21.0
16085.0,0.3745279169294216,LOW,9,1684.5600000000002,145,451,56.125,57.5
16086.0,0.13992749295885612,LOW,9,2466.04,7,639,79.25,83.0
16087.0,0.5632477757132637,MEDIUM,5,1739.9199999999998,298,300,74.5,43.5
16088.0,0.8936466097659873,HIGH,2,1437.43,484,15,15.0,15.0
16089.0,0.648044786688404,MEDIUM,2,263.48999999999995,295,122,122.0,122.0
16091.0,0.547820294139355,MEDIUM,2,315.06,63,43,43.0,43.0
16092.0,0.41431382266409533,MEDIUM,6,1587.9399999999998,23,464,92.4,74.0
16094.0,0.33830877623793276,LOW,8,2869.43,128,382,54.285714285714285,32.0
16096.0,0.5664327750167463,MEDIUM,4,1584.97,173,380,126.33333333333331,151.0
16098.0,0.1381793978004845,LOW,13,3717.56,37,596,49.25,51.0
16099.0,0.37032740730550695,LOW,6,1433.4,46,508,101.4,88.0
16101.0,0.7276784259706706,HIGH,3,1938.46,343,126,63.0,63.0
16102.0,0.21609833902679973,LOW,2,1392.84,7,29,29.0,29.0
16103.0,0.10695230982439004,LOW,20,5918.47,66,542,28.105263157894736,18.0
16104.0,0.5520722002254353,MEDIUM,8,2476.25,327,314,44.71428571428572,48.0
16105.0,0.39077090080954235,LOW,5,2386.19,157,355,88.25,60.5
16107.0,0.2546245984924052,LOW,3,1494.12,12,79,39.5,39.5
16108.0,0.7313179392224934,HIGH,3,1393.42,343,197,98.0,98.0
16109.0,0.6389346983133616,MEDIUM,3,939.48,127,479,239.5,239.5
16110.0,0.5697775705269327,MEDIUM,3,1138.82,171,260,129.5,129.5
16112.0,0.7089251926872777,HIGH,4,195.74,52,195,64.33333333333333,11.0
16115.0,0.2602906142363835,LOW,9,1817.51,26,457,56.75,51.5
16117.0,0.5796903281412208,MEDIUM,3,654.3999999999999,98,401,200.5,200.5
16119.0,0.593668231857074,MEDIUM,6,1297.45,303,329,65.6,49.0
16120.0,0.5842904053519733,MEDIUM,2,1658.37,331,0,0.0,0.0
16121.0,0.5397639604606947,MEDIUM,4,881.3199999999999,124,350,116.66666666666669,175.0
16122.0,0.332010579557275,LOW,5,761.46,21,312,77.5,41.5
16124.0,0.6456371686968772,MEDIUM,4,1772.49,226,415,138.33333333333334,149.0
16125.0,0.5587519010939599,MEDIUM,14,4292.35,276,358,26.923076923076923,26.0
16126.0,0.10723496784897314,LOW,14,12063.53,10,635,48.30769230769231,46.0
16128.0,0.18390193381757136,LOW,8,2615.5300000000007,52,367,52.0,27.0
16129.0,0.6210212858507421,MEDIUM,3,1396.05,316,100,49.5,49.5
16130.0,0.7086218122968035,HIGH,4,987.48,331,195,64.33333333333333,38.0
16131.0,0.11851656094401124,LOW,10,8729.380000000001,24,622,68.77777777777777,50.0
16132.0,0.8220360884249187,HIGH,2,664.1999999999999,453,83,83.0,83.0
16133.0,0.0911744856417087,LOW,46,19022.49,10,517,11.0,7.0
16134.0,0.4538578660487139,MEDIUM,4,1810.78,268,181,60.0,64.0
16135.0,0.7556665167981486,HIGH,2,819.4499999999999,171,321,321.0,321.0
16136.0,0.704800988624529,HIGH,2,396.72,186,385,385.0,385.0
16138.0,0.6316079397999098,MEDIUM,3,910.35,287,212,106.0,106.0
16139.0,0.28496101409231034,LOW,4,782.11,21,624,207.33333333333331,94.0
16140.0,0.6314290386169477,MEDIUM,2,832.4200000000001,280,70,70.0,70.0
16143.0,0.1558496020009974,LOW,11,4079.5,17,621,61.9,62.5
16145.0,0.07629367984676255,LOW,16,5606.26,8,484,31.933333333333334,26.0
16146.0,0.4799729058536715,MEDIUM,4,946.38,66,291,96.66666666666669,46.0
16147.0,0.4693165600263205,MEDIUM,5,2398.91,42,538,134.25,132.5
16148.0,0.7090760076299782,HIGH,2,386.62,205,140,140.0,140.0
16149.0,0.5376435532109364,MEDIUM,2,305.38,51,286,286.0,286.0
16150.0,0.1609938172674138,LOW,8,3357.85,37,593,84.14285714285714,85.0
16153.0,0.18356363589462385,LOW,10,4332.8,24,446,49.11111111111112,40.0
16155.0,0.6712490609806511,MEDIUM,5,796.9,290,158,39.25,44.0
16156.0,0.12488846537053848,LOW,16,4511.31,60,585,38.6,42.0
16158.0,0.7445739753038112,HIGH,9,628.32,431,211,26.125,23.0
16159.0,0.6716039616178124,MEDIUM,4,1232.79,190,455,151.0,176.0
16161.0,0.11653112845031503,LOW,36,10083.05,49,529,14.685714285714283,10.0
16163.0,0.5017977768323081,MEDIUM,6,2407.98,141,505,100.6,129.0
16166.0,0.8255546821634735,HIGH,2,435.8300000000001,337,263,263.0,263.0
16167.0,0.6314974151925012,MEDIUM,5,1386.1199999999997,323,324,80.75,72.5
16168.0,0.055256950019134006,LOW,57,9205.19,3,641,11.035714285714286,7.0
16170.0,0.06965203131681673,LOW,19,6544.61,21,546,29.83333333333333,16.0
16172.0,0.32818237008115775,LOW,8,1884.55,4,417,59.0,34.0
16173.0,0.19998184824534296,LOW,2,635.0500000000001,0,6,6.0,6.0
16174.0,0.30163238512551227,LOW,7,2246.75,35,476,79.0,32.5
16175.0,0.40306682251856163,MEDIUM,7,1836.44,3,469,77.66666666666667,45.5
16176.0,0.5875720906430164,MEDIUM,4,2052.69,330,198,65.66666666666667,67.0
16177.0,0.5918744860736389,MEDIUM,7,1915.36,345,210,34.5,30.5
16178.0,0.5743120110875374,MEDIUM,2,612.5999999999999,47,263,263.0,263.0
16180.0,0.2636602135663928,LOW,13,16249.87,9,434,35.75,20.5
16182.0,0.15922151828560976,LOW,8,8198.0,39,510,72.57142857142857,73.0
16183.0,0.5129559820698799,MEDIUM,3,739.1,303,12,5.5,5.5
16184.0,0.2126402223117644,LOW,5,985.8,14,105,26.0,24.5
16185.0,0.6047681571130197,MEDIUM,2,450.31,141,332,332.0,332.0
16186.0,0.053647309977183276,LOW,23,7408.02,12,626,28.09090909090909,21.5
16187.0,0.08171371196543735,LOW,12,5395.699999999999,8,185,16.363636363636363,13.0
16188.0,0.3284389040337717,LOW,4,860.83,50,267,88.66666666666667,85.0
16190.0,0.49253141711672005,MEDIUM,7,2508.47,303,330,54.5,40.5
16191.0,0.5111879818346646,MEDIUM,19,13112.98,171,465,25.5,10.0
16193.0,0.6216971722831239,MEDIUM,2,630.4300000000002,145,174,174.0,174.0
16197.0,0.8017372606447507,HIGH,9,2016.71,378,254,31.25,24.5
16199.0,0.6357794133801177,MEDIUM,7,942.75,301,238,39.16666666666666,31.5
16200.0,0.17510593401674593,LOW,11,5089.8,73,573,56.9,32.5
16201.0,0.5288577198120927,MEDIUM,2,552.4499999999999,18,305,305.0,305.0
16202.0,0.35169606087071964,LOW,9,2501.99,269,376,46.75,37.0
16203.0,0.36695061653480987,LOW,5,729.24,56,356,88.75,95.0
16204.0,0.669088886199977,MEDIUM,2,534.53,289,350,350.0,350.0
16205.0,0.4690707532653917,MEDIUM,4,1174.8300000000004,88,362,120.33333333333331,111.0
16206.0,0.18680486977127145,LOW,12,2462.67,33,559,50.27272727272727,48.0
16208.0,0.39397620986022625,LOW,9,3273.78,198,363,45.125,36.0
16209.0,0.2147218789881363,LOW,8,4001.06,28,427,60.71428571428572,59.0
16210.0,0.05999975812614373,LOW,28,23913.63,7,638,23.14814814814815,8.0
16211.0,0.7334341610503635,HIGH,2,543.5699999999999,330,16,16.0,16.0
16212.0,0.6288392636504946,MEDIUM,3,1101.5200000000002,192,386,193.0,193.0
16214.0,0.3196969928157467,LOW,4,2038.25,79,264,87.66666666666667,82.0
16217.0,0.6741673071854232,MEDIUM,2,304.25000000000006,144,46,46.0,46.0
16218.0,0.22327536524458155,LOW,12,3519.4700000000003,23,446,40.18181818181818,23.0
16221.0,0.43664699211005586,MEDIUM,8,1474.43,184,210,29.428571428571427,21.0
16222.0,0.9207281716532552,HIGH,2,1272.0500000000002,227,402,402.0,402.0
16223.0,0.7231993548362323,HIGH,2,1087.05,283,20,20.0,20.0
16224.0,0.29531634816075386,LOW,4,1187.12,50,246,81.66666666666667,99.0
16225.0,0.14147676723816968,LOW,14,2716.63,58,520,39.46153846153846,30.0
16226.0,0.438902020331469,MEDIUM,5,672.17,112,210,52.0,31.0
16227.0,0.6057160882936931,MEDIUM,3,1027.22,134,310,154.5,154.5
16228.0,0.7960810957178271,HIGH,3,885.7099999999999,294,14,7.0,7.0
16229.0,0.2924395308026922,LOW,5,2215.46,121,351,87.5,81.0
16230.0,0.5214579217519276,MEDIUM,2,542.03,98,30,30.0,30.0
16231.0,0.6357794133801177,MEDIUM,4,1074.47,288,218,72.33333333333333,26.0
16232.0,0.24137208894385362,LOW,6,2447.13,52,406,80.8,65.0
16233.0,0.434552519317738,MEDIUM,8,1608.13,238,407,57.71428571428572,50.0
16234.0,0.9037682460903832,HIGH,3,333.18,385,85,42.5,42.5
16235.0,0.3133044478679501,LOW,7,1851.69,95,283,47.0,40.5
16239.0,0.3133044478679501,LOW,5,1425.9,98,273,68.0,39.0
16241.0,0.06422580228329078,LOW,13,3180.98,5,313,25.75,17.5
16242.0,0.19893186425652473,LOW,10,4671.379999999999,74,468,51.55555555555556,48.0
16244.0,0.576899381420645,MEDIUM,2,1522.75,120,160,160.0,160.0
16245.0,0.43208441960724653,MEDIUM,2,769.7000000000002,30,135,135.0,135.0
16246.0,0.8702890242394684,HIGH,2,821.35,368,209,209.0,209.0
16249.0,0.26276274458206916,LOW,4,1440.7700000000002,21,126,41.66666666666666,38.0
16250.0,0.5726488193959733,MEDIUM,3,565.24,170,125,62.0,62.0
16253.0,0.40524502827603437,MEDIUM,6,5288.74,164,475,94.6,111.0
16254.0,0.6316079397999098,MEDIUM,3,967.44,287,253,126.0,126.0
16255.0,0.14868920243576272,LOW,14,4092.880000000001,4,588,44.69230769230769,37.0
16256.0,0.5716574348407875,MEDIUM,3,1629.37,175,331,165.0,165.0
16258.0,0.13667778497333408,LOW,14,10480.070000000002,36,512,39.0,33.0
16259.0,0.7151416468236784,HIGH,3,340.93999999999994,319,194,97.0,97.0
16261.0,0.39985312992390015,LOW,4,722.6099999999999,22,329,109.0,132.0
16264.0,0.7590525073684958,HIGH,2,823.5300000000001,347,7,7.0,7.0
16265.0,0.071922110365036,LOW,10,5550.1900000000005,19,296,32.666666666666664,22.0
16266.0,0.32847574676759056,LOW,13,1657.18,24,557,45.91666666666666,23.0
16271.0,0.24046699894066156,LOW,8,2861.61,35,516,73.14285714285714,43.0
16273.0,0.7645725104060113,HIGH,2,318.34,557,7,7.0,7.0
16275.0,0.6690481400717463,MEDIUM,3,2151.11,105,444,222.0,222.0
16276.0,0.5609624178309637,MEDIUM,3,2629.3900000000003,85,430,215.0,215.0
16278.0,0.6254816531961089,MEDIUM,3,1117.8400000000004,9,399,199.0,199.0
16279.0,0.25479258126055004,LOW,7,4554.580000000001,85,419,69.5,41.5
16281.0,0.6244006047506148,MEDIUM,2,1361.96,332,258,258.0,258.0
16282.0,0.7369352848607116,HIGH,3,1307.5800000000002,248,378,189.0,189.0
16283.0,0.42032426093731917,MEDIUM,6,3365.86,29,528,105.2,109.0
16286.0,0.891519609851665,HIGH,2,328.95,386,146,146.0,146.0
16287.0,0.43943986469103663,MEDIUM,5,1006.98,78,519,129.5,132.0
16290.0,0.863062615008301,HIGH,4,1957.7000000000005,373,101,33.0,20.0
16292.0,0.4115700440405503,MEDIUM,5,1253.76,30,482,120.0,81.5
16293.0,0.18315025705199747,LOW,11,3484.54,0,637,63.4,59.5
16296.0,0.8763571928235244,HIGH,4,1313.67,535,95,31.33333333333333,21.0
16298.0,0.4461618852135027,MEDIUM,5,601.8,95,255,63.25,19.0
16300.0,0.7668357942744778,HIGH,3,1367.3200000000002,339,245,122.5,122.5
16303.0,0.29217630715000176,LOW,6,6603.969999999999,24,515,102.4,62.0
16306.0,0.5382255609765095,MEDIUM,7,1124.72,122,221,36.5,32.5
16307.0,0.773730033303245,HIGH,3,1194.92,338,147,73.5,73.5
16308.0,0.31105509711477713,LOW,6,4160.0,16,616,122.8,137.0
16309.0,0.5282053451522628,MEDIUM,2,706.57,15,134,134.0,134.0
16310.0,0.7009231971141721,HIGH,2,460.08,323,227,227.0,227.0
16314.0,0.6390042144617821,MEDIUM,3,1491.4000000000003,298,83,41.0,41.0
16315.0,0.7006658141321729,HIGH,2,402.71,239,205,205.0,205.0
16316.0,0.16890704390392358,LOW,12,5018.81,66,336,30.0,22.0
16317.0,0.41755929330764896,MEDIUM,5,2192.51,28,465,116.0,88.5
16320.0,0.3180710049306253,LOW,6,5628.99,81,509,101.4,60.0
16321.0,0.43558956729945014,MEDIUM,5,454.55000000000007,214,433,108.0,65.0
16323.0,0.8518325073322843,HIGH,2,353.66,105,381,381.0,381.0
16324.0,0.3374083703600384,LOW,3,408.5899999999999,37,48,24.0,24.0
16325.0,0.18128903427793755,LOW,11,3419.2800000000007,64,580,57.4,46.5
16326.0,0.07629367984676255,LOW,18,3206.7,5,583,34.0,27.0
16327.0,0.13225387098802033,LOW,14,8809.01,108,526,39.92307692307692,39.0
16329.0,0.7100248217677084,HIGH,4,1664.9199999999998,336,311,103.0,93.0
16330.0,0.4491962630858664,MEDIUM,6,422.43,21,550,109.8,14.0
16331.0,0.744904534484647,HIGH,6,2037.7000000000005,341,210,41.6,9.0
16332.0,0.3790649545780426,LOW,7,1068.98,39,458,75.83333333333333,77.0
16333.0,0.06273530439808149,LOW,18,15619.6,7,210,12.058823529411764,6.0
16335.0,0.7338299647653557,HIGH,7,2753.52,460,184,30.33333333333333,34.5
16336.0,0.5885196342176449,MEDIUM,4,3517.69,329,211,70.0,37.0
16340.0,0.7308102878675242,HIGH,3,1496.24,16,444,221.5,221.5
16341.0,0.4543783909798359,MEDIUM,4,2676.57,110,408,135.66666666666666,166.0
16342.0,0.2532447251487725,LOW,3,283.71000000000004,16,71,35.5,35.5
16344.0,0.5048403483487174,MEDIUM,4,842.4200000000002,67,510,169.66666666666666,86.0
16347.0,0.3871151536808304,LOW,9,2595.51,297,249,30.625,18.0
16348.0,0.32845485322758083,LOW,5,1067.06,37,302,75.25,55.5
16350.0,0.5745546189691746,MEDIUM,6,1514.12,242,94,18.2,14.0
16351.0,0.4482480057317921,MEDIUM,13,3330.03,241,402,33.0,26.0
16353.0,0.059647113848081065,LOW,29,6587.56,0,640,22.535714285714285,12.0
16354.0,0.6256178018107692,MEDIUM,3,723.6600000000001,288,211,105.5,105.5
16356.0,0.5854427014618755,MEDIUM,6,415.87,106,354,70.2,49.0
16357.0,0.5184090077320713,MEDIUM,3,467.44,71,218,109.0,109.0
16358.0,0.5547418170315876,MEDIUM,2,1354.3000000000002,93,210,210.0,210.0
16359.0,0.16576937760042837,LOW,14,2358.0600000000004,3,567,43.15384615384615,31.0
16362.0,0.4306629503599508,MEDIUM,4,572.8199999999999,0,346,115.33333333333331,0.0
16365.0,0.11866880442554112,LOW,13,2489.48,32,605,50.0,43.5
16366.0,0.7667026823250824,HIGH,3,1220.8299999999997,491,141,70.5,70.5
16367.0,0.7231993548362323,HIGH,2,716.9,271,20,20.0,20.0
16369.0,0.4255245933745691,MEDIUM,5,1465.6,105,414,103.0,69.5
16370.0,0.2732849631347619,LOW,3,944.49,26,107,53.5,53.5
16372.0,0.6090060949879076,MEDIUM,3,934.58,318,197,98.5,98.5
16373.0,0.7253993650230355,HIGH,2,309.49,291,29,29.0,29.0
16374.0,0.5718241781738133,MEDIUM,4,1410.87,171,326,108.33333333333331,135.0
16375.0,0.8826449591852756,HIGH,2,104.0,379,0,0.0,0.0
16377.0,0.8065197995012472,HIGH,2,1308.48,176,350,350.0,350.0
16378.0,0.6215653945570495,MEDIUM,3,362.9500000000001,156,63,31.0,31.0
16381.0,0.6703098661989679,MEDIUM,2,247.85,304,22,22.0,22.0
16382.0,0.7129513295206911,HIGH,2,353.1,317,142,142.0,142.0
16383.0,0.4513301095747478,MEDIUM,6,2562.39,177,404,80.4,76.0
16384.0,0.6109581689405252,MEDIUM,3,1183.55,172,326,162.5,162.5
16385.0,0.5219896356995632,MEDIUM,4,600.3100000000001,67,473,157.33333333333334,208.0
16386.0,0.5805472039892932,MEDIUM,2,826.6900000000002,162,134,134.0,134.0
16387.0,0.6457275925039393,MEDIUM,5,882.46,231,315,78.75,55.0
16389.0,0.3869399732537019,LOW,2,670.17,114,77,77.0,77.0
16390.0,0.8899410747723049,HIGH,3,467.50000000000006,445,142,70.5,70.5
16391.0,0.6618645650545362,MEDIUM,4,1052.26,309,161,53.333333333333336,38.0
16392.0,0.5786031449908227,MEDIUM,3,756.7,178,292,146.0,146.0
16393.0,0.05332440529845678,LOW,19,4018.78,3,644,35.333333333333336,29.0
16394.0,0.39729668079968333,LOW,3,933.1,80,118,58.5,58.5
16395.0,0.18096036353066183,LOW,12,3000.6500000000005,77,565,50.90909090909091,24.0
16398.0,0.3916127151238113,LOW,2,1705.8,63,99,99.0,99.0
16399.0,0.6602051176742757,MEDIUM,2,400.61,144,153,153.0,153.0
16400.0,0.1502995691611613,LOW,9,3059.8500000000004,3,636,79.125,52.0
16401.0,0.0994887164275075,LOW,18,5206.25,40,423,24.58823529411765,25.0
16402.0,0.6777517674817435,MEDIUM,2,293.45,173,104,104.0,104.0
16405.0,0.7861452109204639,HIGH,2,167.25,211,7,7.0,7.0
16406.0,0.5429047331759794,MEDIUM,2,374.01,359,203,203.0,203.0
16407.0,0.11494408661857675,LOW,12,2164.34,19,322,28.90909090909091,28.0
16409.0,0.14640695140175186,LOW,10,4663.130000000001,59,575,63.44444444444444,64.0
16411.0,0.6290123260175051,MEDIUM,3,673.24,278,58,29.0,29.0
16412.0,0.6632787718342603,MEDIUM,4,457.19999999999993,302,279,93.0,63.0
16414.0,0.5068118764516186,MEDIUM,4,475.76,189,414,138.0,151.0
16415.0,0.870432114545192,HIGH,2,496.49,492,92,92.0,92.0
16416.0,0.5383052261350554,MEDIUM,6,1906.48,299,264,52.4,23.0
16418.0,0.41802563628564127,MEDIUM,4,765.98,1,329,109.66666666666669,133.0
16419.0,0.3278114969650948,LOW,8,1463.6999999999998,21,555,79.0,39.0
16421.0,0.6874677410221034,MEDIUM,3,526.27,285,93,46.0,46.0
16422.0,0.09334316094586617,LOW,97,56354.17,8,597,5.78125,5.0
16424.0,0.5874039250998201,MEDIUM,2,443.06,100,191,191.0,191.0
16426.0,0.3441751036906985,LOW,4,689.83,1,183,61.0,0.0
16427.0,0.622458867100267,MEDIUM,2,241.06,172,21,21.0,21.0
16428.0,0.7190221387481007,HIGH,3,638.4900000000001,322,84,42.0,42.0
16430.0,0.6357794133801177,MEDIUM,6,817.0899999999999,290,300,59.4,14.0
16431.0,0.5040699371150521,MEDIUM,3,623.2799999999999,122,84,42.0,42.0
16434.0,0.2886795438539327,LOW,9,2060.7300000000005,5,594,73.625,63.0
16435.0,0.7976850768661341,HIGH,3,1003.0700000000002,421,2,0.5,0.5
16436.0,0.8956176259181152,HIGH,3,319.14,577,64,32.0,32.0
16437.0,0.7243329744284385,HIGH,2,301.24999999999994,290,48,48.0,48.0
16440.0,0.5696685807223597,MEDIUM,2,488.76,123,279,279.0,279.0
16441.0,0.5669933793375631,MEDIUM,4,848.9299999999998,200,335,111.66666666666669,126.0
16442.0,0.5467821918890167,MEDIUM,4,715.11,136,499,166.0,133.0
16444.0,0.07629367984676255,LOW,16,3512.61,4,530,34.86666666666667,22.0
16445.0,0.6304448677601971,MEDIUM,3,352.65,295,24,12.0,12.0
16447.0,0.6377567816194377,MEDIUM,3,727.1000000000001,44,524,261.5,261.5
16448.0,0.6516555929097282,MEDIUM,2,361.12,107,272,272.0,272.0
16449.0,0.411858063304628,MEDIUM,2,707.69,106,82,82.0,82.0
16450.0,0.6003319592221681,MEDIUM,3,1505.7299999999998,58,506,252.5,252.5
16451.0,0.7277564027233452,HIGH,2,746.1800000000001,470,174,174.0,174.0
16452.0,0.9055921105739804,HIGH,2,332.17,539,63,63.0,63.0
16453.0,0.8428532049960438,HIGH,2,251.71,439,17,17.0,17.0
16454.0,0.16672019846282593,LOW,2,24.05,515,4,4.0,4.0
16455.0,0.16970260106003207,LOW,10,3477.77,3,525,58.0,28.0
16456.0,0.14868920243576272,LOW,13,6000.94,8,521,43.0,35.0
16458.0,0.07597679979024577,LOW,23,4359.65,15,456,20.13636363636364,17.5
16461.0,0.689671386003009,MEDIUM,3,1545.83,86,468,234.0,234.0
16462.0,0.14790636896222872,LOW,2,68.0,94,98,98.0,98.0
16465.0,0.765334566424376,HIGH,2,746.24,329,23,23.0,23.0
16466.0,0.14868920243576272,LOW,13,3170.76,12,538,44.41666666666666,37.5
16467.0,0.77424187404665,HIGH,7,2869.16,417,228,37.66666666666666,30.5
16468.0,0.6950882250375128,MEDIUM,2,712.62,379,11,11.0,11.0
16469.0,0.5869061027465559,MEDIUM,3,446.78,155,267,133.5,133.5
16470.0,0.14973395059158506,LOW,10,2203.21,24,612,67.66666666666667,55.0
16471.0,0.5624880012547028,MEDIUM,4,1189.9800000000002,183,377,125.66666666666669,118.0
16472.0,0.7890782098507363,HIGH,2,789.5999999999998,343,163,163.0,163.0
16473.0,0.46522040623510147,MEDIUM,4,470.83,73,209,69.33333333333333,49.0
16475.0,0.40771769139952263,MEDIUM,3,459.3,52,130,64.5,64.5
16477.0,0.12493968832282547,LOW,10,3599.17,40,353,38.77777777777778,32.0
16484.0,0.5287975147784276,MEDIUM,2,404.30000000000007,82,17,17.0,17.0
16485.0,0.6869074436977212,MEDIUM,4,1923.54,341,301,100.0,77.0
16487.0,0.8653572589486933,HIGH,2,209.4,486,81,81.0,81.0
16488.0,0.28489711314543636,LOW,2,354.56999999999994,23,33,33.0,33.0
16489.0,0.7243329744284385,HIGH,2,303.70000000000005,289,55,55.0,55.0
16493.0,0.43238187699634556,MEDIUM,6,1562.75,82,450,89.4,101.0
16495.0,0.7316121938796422,HIGH,2,246.51,185,0,0.0,0.0
16496.0,0.2640861171191817,LOW,5,1916.29,116,301,75.0,93.0
16497.0,0.11464344360968085,LOW,22,5280.290000000001,112,532,25.09523809523809,15.0
16498.0,0.8595942202353556,HIGH,2,100.97,70,0,0.0,0.0
16499.0,0.38656049874930015,LOW,8,2578.34,269,186,26.142857142857142,17.0
16500.0,0.6522050925074756,MEDIUM,4,608.05,239,212,70.33333333333333,44.0
16502.0,0.7989628122588166,HIGH,2,258.54999999999995,529,0,0.0,0.0
16503.0,0.2201798005956402,LOW,11,3614.34,15,429,42.5,35.0
16510.0,0.5336910642379753,MEDIUM,6,1777.5,281,319,63.2,59.0
16511.0,0.46510572126458444,MEDIUM,5,1407.86,53,503,125.5,125.5
16515.0,0.17046308562818244,LOW,9,2802.28,0,448,55.625,61.0
16518.0,0.5797044515054198,MEDIUM,3,665.7499999999999,193,272,135.5,135.5
16519.0,0.6984707560883262,MEDIUM,3,327.67999999999995,274,283,141.0,141.0
16520.0,0.42710819566594704,MEDIUM,6,2148.38,95,460,91.6,59.0
16521.0,0.6815460643385635,MEDIUM,3,1140.11,324,232,116.0,116.0
16522.0,0.838444643260679,HIGH,2,433.36,344,14,14.0,14.0
16523.0,0.06965203131681673,LOW,20,7743.81,4,588,30.526315789473685,22.0
16524.0,0.5596896012206704,MEDIUM,2,306.19000000000005,355,245,245.0,245.0
16525.0,0.05185517354813928,LOW,43,21496.2,8,638,14.69047619047619,13.5
16526.0,0.7970549922858663,HIGH,2,717.21,80,412,412.0,412.0
16529.0,0.4392263254769683,MEDIUM,4,1986.8,99,340,113.0,29.0
16531.0,0.2813160730156608,LOW,8,1738.2700000000002,36,314,44.42857142857143,24.0
16532.0,0.38689748601716056,LOW,4,6524.639999999999,44,485,161.33333333333334,189.0
16535.0,0.7196952527444687,HIGH,2,378.29,294,294,294.0,294.0
16538.0,0.8676423483817038,HIGH,3,395.07,450,54,27.0,27.0
16539.0,0.30181332252644133,LOW,9,2954.46,128,312,38.625,27.0
16544.0,0.926768389906699,HIGH,4,376.7000000000001,428,142,47.333333333333336,0.0
16545.0,0.5767154612023583,MEDIUM,2,689.82,73,210,210.0,210.0
16546.0,0.5695030538647583,MEDIUM,5,5307.07,199,151,37.25,34.0
16549.0,0.11180809717032539,LOW,26,9527.260000000002,33,496,19.4,8.0
16550.0,0.0797606863165145,LOW,18,8813.58,17,628,36.588235294117645,32.0
16551.0,0.3378711763938224,LOW,7,2237.12,4,630,104.5,71.0
16552.0,0.6629389461974661,MEDIUM,2,379.73,151,130,130.0,130.0
16553.0,0.5511004141876978,MEDIUM,33,16584.01,72,502,15.4375,0.0
16554.0,0.1970014163993421,LOW,7,2318.73,131,502,83.33333333333333,92.0
16555.0,0.40096280308155274,MEDIUM,5,1781.77,18,395,98.75,0.0
16556.0,0.10723496784897314,LOW,16,7255.160000000001,14,627,41.266666666666666,43.0
16558.0,0.05185517354813928,LOW,32,9650.79,1,643,20.32258064516129,17.0
16560.0,0.3716646035676426,LOW,7,2539.15,267,373,61.833333333333336,42.0
16563.0,0.3757444949234936,LOW,5,3334.82,309,337,84.0,76.0
16565.0,0.6110824914514844,MEDIUM,4,773.0500000000001,273,191,63.0,68.0
16566.0,0.44323339288265323,MEDIUM,3,463.88,79,122,60.5,60.5
16567.0,0.5480415083471486,MEDIUM,2,865.6,103,142,142.0,142.0
16568.0,0.7697262418884188,HIGH,2,1020.9,336,213,213.0,213.0
16569.0,0.8691224961653005,HIGH,4,1331.03,540,92,30.0,25.0
16570.0,0.09989305757021807,LOW,16,5829.98,36,492,32.53333333333333,37.0
16571.0,0.21421116472720236,LOW,9,3723.84,85,455,56.5,47.0
16572.0,0.3503156693623402,LOW,3,1009.6,36,148,74.0,74.0
16574.0,0.7047654231502845,HIGH,2,850.3400000000001,332,234,234.0,234.0
16576.0,0.7067040532082518,HIGH,2,540.87,329,101,101.0,101.0
16583.0,0.7466695429009287,HIGH,2,297.95,282,299,299.0,299.0
16584.0,0.49342092091862555,MEDIUM,4,2832.0299999999997,163,407,135.33333333333334,162.0
16585.0,0.9034214784205556,HIGH,2,341.59000000000003,502,101,101.0,101.0
16586.0,0.6595697292296147,MEDIUM,3,1462.78,157,386,192.5,192.5
16588.0,0.6617039912997068,MEDIUM,4,1361.28,295,188,62.333333333333336,69.0
16589.0,0.565387053958726,MEDIUM,3,367.8,15,343,171.0,171.0
16590.0,0.7651126838125537,HIGH,2,605.9000000000001,309,13,13.0,13.0
16592.0,0.08796167981429626,LOW,22,5908.56,45,584,27.52380952380953,21.0
16593.0,0.4004132128295644,MEDIUM,7,996.61,98,545,90.33333333333331,48.0
16595.0,0.6111288172613757,MEDIUM,4,1397.59,285,315,104.66666666666669,85.0
16596.0,0.6951188450136494,MEDIUM,3,329.48,275,363,181.0,181.0
16600.0,0.4785145885095833,MEDIUM,9,1577.35,162,468,58.0,29.5
16601.0,0.6772744349667172,MEDIUM,2,434.3,299,232,232.0,232.0
16604.0,0.7449626006700508,HIGH,2,432.45,471,5,5.0,5.0
16606.0,0.7253993650230355,HIGH,2,357.66,313,30,30.0,30.0
16607.0,0.0994887164275075,LOW,21,4626.74,37,461,22.7,19.5
16608.0,0.41340421861990856,MEDIUM,2,1286.62,362,209,209.0,209.0
16609.0,0.15270807095087924,LOW,5,2710.04,44,117,29.0,27.5
16611.0,0.34003285400218924,LOW,6,1785.13,95,452,90.2,76.0
16612.0,0.18695203970980015,LOW,8,2928.07,28,616,87.71428571428571,67.0
16614.0,0.6120178514323679,MEDIUM,3,1179.79,91,395,197.5,197.5
16618.0,0.28598003165494423,LOW,4,1441.2900000000002,119,111,37.0,48.0
16619.0,0.48843184172948656,MEDIUM,4,1938.33,172,391,130.33333333333334,119.0
16620.0,0.4817453969964658,MEDIUM,5,1675.73,169,477,119.0,111.5
16621.0,0.4013182482123241,MEDIUM,3,609.4100000000001,56,130,64.5,64.5
16623.0,0.5697775705269327,MEDIUM,4,1015.24,154,346,114.66666666666669,134.0
16625.0,0.47058957684023905,MEDIUM,5,1654.03,183,269,66.75,46.0
16626.0,0.15386674760765373,LOW,7,2165.34,22,153,25.166666666666668,15.0
16628.0,0.4304834036651222,MEDIUM,6,1749.8900000000003,15,534,106.6,82.0
16631.0,0.7841642993542897,HIGH,7,1892.52,390,170,28.0,26.5
16632.0,0.8933911433130577,HIGH,2,406.4,394,95,95.0,95.0
16633.0,0.2779639415636579,LOW,3,1168.2600000000002,23,119,59.5,59.5
16634.0,0.5011474341117279,MEDIUM,6,1649.81,131,465,92.6,67.0
16636.0,0.4359746662185032,MEDIUM,4,3802.04,347,207,68.66666666666667,47.0
16637.0,0.4206930505605185,MEDIUM,2,530.55,32,102,102.0,102.0
16638.0,0.09694505028540255,LOW,14,2250.35,8,379,28.692307692307693,20.0
16639.0,0.4402920658884483,MEDIUM,3,961.62,115,202,101.0,101.0
16641.0,0.8625392684343083,HIGH,2,554.5000000000001,14,596,596.0,596.0
16642.0,0.5511703802986839,MEDIUM,2,696.85,116,207,207.0,207.0
16643.0,0.6460289461818849,MEDIUM,2,923.11,154,176,176.0,176.0
16644.0,0.3943613154918429,LOW,2,833.78,86,34,34.0,34.0
16647.0,0.48297174100369256,MEDIUM,4,541.9,78,374,124.33333333333331,101.0
16648.0,0.5415020023322983,MEDIUM,2,382.14,364,134,134.0,134.0
16650.0,0.6276675464283545,MEDIUM,6,1397.69,329,99,19.2,16.0
16652.0,0.13667778497333408,LOW,14,15302.29,18,523,39.76923076923077,33.0
16654.0,0.32180721157459935,LOW,8,1484.07,50,471,66.85714285714286,54.0
16655.0,0.16152063496728056,LOW,10,4500.93,40,545,60.22222222222222,54.0
16656.0,0.053647309977183276,LOW,26,15324.05,4,639,25.04,24.0
16657.0,0.5822399129757309,MEDIUM,2,414.79,57,105,105.0,105.0
16658.0,0.6177319424549461,MEDIUM,6,690.8299999999999,277,250,49.8,56.0
16660.0,0.41402775775074124,MEDIUM,5,996.26,119,483,120.5,105.5
16661.0,0.8347084892218416,HIGH,4,932.76,449,181,60.333333333333336,38.0
16668.0,0.4521563822971042,MEDIUM,12,822.22,25,514,46.36363636363637,44.0
16670.0,0.08361356120036557,LOW,17,7174.22,15,623,38.5,36.5
16672.0,0.0710006685354396,LOW,17,6911.84,8,167,10.0,9.0
16675.0,0.7228133291684071,HIGH,2,608.86,350,36,36.0,36.0
16676.0,0.33741635300811207,LOW,5,1868.28,122,205,50.75,41.5
16677.0,0.6739394367857092,MEDIUM,2,880.6200000000001,320,240,240.0,240.0
16678.0,0.109805882711732,LOW,8,2137.3,7,184,25.857142857142858,21.0
16679.0,0.5452951911496444,MEDIUM,3,663.31,275,180,90.0,90.0
16680.0,0.4026713212022619,MEDIUM,2,637.75,437,6,6.0,6.0
16681.0,0.4362518633231949,MEDIUM,5,1484.1799999999998,53,496,123.5,42.5
16682.0,0.341304023731862,LOW,3,810.2199999999999,1,95,47.0,47.0
16684.0,0.10263029974854698,LOW,45,114372.71,42,599,13.363636363636363,4.5
16686.0,0.10662585885816202,LOW,15,4321.13,7,635,44.85714285714285,46.5
16690.0,0.47261779818621924,MEDIUM,3,213.95,110,249,124.5,124.5
16691.0,0.8225055675927401,HIGH,2,178.82999999999998,327,143,143.0,143.0
16692.0,0.3310004292486616,LOW,4,1914.7,165,185,61.0,32.0
16693.0,0.556163735620822,MEDIUM,4,855.03,180,384,127.66666666666669,139.0
16695.0,0.8590127980934154,HIGH,2,191.9,470,0,0.0,0.0
16696.0,0.3699363702544139,LOW,4,657.9000000000001,44,112,37.0,34.0
16698.0,0.4670405594726783,MEDIUM,2,1998.0,135,26,26.0,26.0
16699.0,0.6115002641581136,MEDIUM,7,994.6,289,355,58.833333333333336,61.5
16700.0,0.0658107094152326,LOW,22,7850.170000000001,30,615,28.952380952380956,29.0
16701.0,0.07460078616629609,LOW,23,8568.85,38,608,27.227272727272727,21.0
16702.0,0.6815460643385635,MEDIUM,4,1110.83,324,316,105.0,88.0
16704.0,0.8813604714776255,HIGH,2,664.1600000000001,527,53,53.0,53.0
16705.0,0.059647113848081065,LOW,32,39260.411,7,631,20.0,11.0
16706.0,0.2903281513710873,LOW,2,411.55,7,15,15.0,15.0
16707.0,0.624656735575989,MEDIUM,4,533.4099999999999,309,239,79.33333333333333,57.0
16709.0,0.13225387098802033,LOW,13,8010.73,108,530,43.75,40.5
16710.0,0.09006150829258702,LOW,19,5288.44,47,597,32.72222222222222,23.0
16711.0,0.3393971650653485,LOW,7,2127.32,49,597,99.0,77.0
16712.0,0.07434490314240343,LOW,10,3111.37,4,306,33.55555555555556,21.0
16713.0,0.06095018638423224,LOW,28,11175.55,24,608,22.03703703703704,15.0
16714.0,0.6320543787232996,MEDIUM,4,1497.3300000000002,127,451,150.33333333333334,98.0
16716.0,0.5914073693580463,MEDIUM,3,2149.6800000000003,175,363,181.5,181.5
16717.0,0.17285818490236338,LOW,12,4380.26,4,636,57.45454545454545,39.0
16718.0,0.5271705219173215,MEDIUM,5,3006.08,278,363,90.25,51.5
16719.0,0.18128903427793755,LOW,12,3027.28,57,577,51.81818181818182,46.0
16720.0,0.6937679611043649,MEDIUM,2,605.79,285,345,345.0,345.0
16722.0,0.053647309977183276,LOW,19,7115.33,8,636,35.0,31.0
16723.0,0.8839782948127444,HIGH,4,1231.36,0,643,214.33333333333331,291.0
16725.0,0.515629814074502,MEDIUM,14,1688.2599999999998,211,424,32.23076923076923,12.0
16726.0,0.3133044478679501,LOW,6,1482.3000000000002,105,214,42.2,27.0
16727.0,0.6437285680685285,MEDIUM,4,1377.77,273,324,107.66666666666669,67.0
16728.0,0.45077955416651355,MEDIUM,3,548.3099999999998,75,97,48.5,48.5
16729.0,0.10232651297865743,LOW,17,5343.27,8,142,8.4375,7.5
16730.0,0.4460066180092189,MEDIUM,2,480.9400000000001,143,84,84.0,84.0
16732.0,0.5632976486129757,MEDIUM,3,3783.89,312,328,163.5,163.5
16734.0,0.45859157777764836,MEDIUM,2,302.41,23,0,0.0,0.0
16735.0,0.10662585885816202,LOW,13,5911.150000000001,7,633,52.333333333333336,44.5
16736.0,0.7604704909394022,HIGH,5,2956.5600000000004,414,230,57.0,48.5
16739.0,0.8156318281897936,HIGH,2,786.4299999999998,85,359,359.0,359.0
16742.0,0.5514284706593644,MEDIUM,13,2334.97,401,230,18.75,14.5
16743.0,0.15097425196410721,LOW,13,3859.92,22,483,39.75,34.5
16744.0,0.3327647066075909,LOW,3,399.11,5,76,37.5,37.5
16745.0,0.06543873908548793,LOW,16,6359.099999999999,7,213,13.8,13.0
16746.0,0.05185517354813928,LOW,36,15770.170000000002,9,634,17.65714285714286,16.0
16748.0,0.28816212630425075,LOW,12,3031.63,126,511,46.09090909090909,53.0
16749.0,0.9070764210837761,HIGH,2,4157.879999999999,500,132,132.0,132.0
16750.0,0.4069182263689049,MEDIUM,3,416.12,30,110,55.0,55.0
16754.0,0.8244458065290952,HIGH,29,65500.07,281,269,9.285714285714286,5.5
16755.0,0.4288713823024415,MEDIUM,7,2864.6800000000003,23,615,102.0,100.0
16756.0,0.5330240709203293,MEDIUM,7,1312.37,123,425,70.16666666666667,51.0
16757.0,0.7407058275688662,HIGH,2,270.48,227,90,90.0,90.0
16763.0,0.8747960048196479,HIGH,2,964.7000000000002,107,539,539.0,539.0
16764.0,0.23961275721545616,LOW,4,782.55,8,43,14.333333333333334,11.0
16765.0,0.6410661789332088,MEDIUM,2,454.75,203,88,88.0,88.0
16766.0,0.749199873711053,HIGH,2,1145.5999999999997,182,0,0.0,0.0
16767.0,0.19812631786143706,LOW,11,7301.66,2,496,49.2,44.0
16768.0,0.19389267618560005,LOW,8,1506.97,12,628,89.28571428571429,77.0
16769.0,0.6664246686900775,MEDIUM,4,1117.05,169,465,154.66666666666666,217.0
16770.0,0.32445693589290053,LOW,8,1671.21,145,237,33.142857142857146,27.0
16771.0,0.42027523464301425,MEDIUM,8,3358.74,184,455,64.85714285714286,57.0
16772.0,0.6667801688872399,MEDIUM,3,3698.05,332,298,149.0,149.0
16773.0,0.6547356848363843,MEDIUM,2,249.64999999999995,345,297,297.0,297.0
16774.0,0.3269759093456523,LOW,7,1448.16,25,544,90.33333333333331,74.5
16775.0,0.08480225060197594,LOW,13,2303.88,31,319,26.166666666666668,18.5
16777.0,0.5333928670358561,MEDIUM,4,1243.08,166,375,124.33333333333331,116.0
16779.0,0.059647113848081065,LOW,46,28574.04,15,629,13.533333333333331,12.0
16780.0,0.538424782274201,MEDIUM,3,596.4000000000001,9,306,152.5,152.5
16781.0,0.6786956770503259,MEDIUM,2,623.0,281,297,297.0,297.0
16782.0,0.09855095703534725,LOW,34,8998.570000000002,47,592,17.393939393939394,13.0
16784.0,0.5935815226650575,MEDIUM,4,784.73,285,244,81.0,89.0
16787.0,0.6196171873057054,MEDIUM,4,1017.53,306,300,100.0,77.0
16788.0,0.560294714805887,MEDIUM,5,1928.93,32,547,136.25,138.0
16791.0,0.10298481572624597,LOW,13,3043.7200000000003,31,613,50.5,52.0
16792.0,0.6099363155265172,MEDIUM,5,623.46,191,422,105.25,108.5
16794.0,0.2693138054152202,LOW,9,1463.25,17,515,64.0,40.5
16795.0,0.5739276672941835,MEDIUM,3,2062.41,274,318,158.5,158.5
16797.0,0.5583410364474408,MEDIUM,5,1802.02,302,344,85.75,98.5
16798.0,0.8846359170143013,HIGH,3,841.16,463,174,87.0,87.0
16799.0,0.8566836213074366,HIGH,2,452.78,341,21,21.0,21.0
16801.0,0.30484216558159677,LOW,4,1594.23,72,110,36.0,29.0
16802.0,0.9053128560497126,HIGH,2,582.6099999999999,588,51,51.0,51.0
16805.0,0.49640851274118714,MEDIUM,5,1091.34,82,557,138.75,166.5
16806.0,0.3381958760538085,LOW,4,762.1600000000001,12,135,44.66666666666666,50.0
16807.0,0.3453308264962209,LOW,6,2123.88,51,480,95.6,73.0
16808.0,0.5604630285114693,MEDIUM,2,288.42,8,175,175.0,175.0
16809.0,0.34189492272965477,LOW,7,1283.4299999999998,45,468,77.66666666666667,71.0
16810.0,0.5902048206325403,MEDIUM,2,842.04,101,228,228.0,228.0
16812.0,0.6652170561188668,MEDIUM,4,2392.0,269,21,7.0,3.0
16813.0,0.16069936161104084,LOW,7,1146.84,5,107,17.5,17.0
16814.0,0.06452739959611105,LOW,31,10639.84,17,498,16.066666666666666,14.0
16815.0,0.5303490533800839,MEDIUM,2,406.02,362,82,82.0,82.0
16816.0,0.6687697342578632,MEDIUM,4,417.06000000000006,12,254,84.33333333333333,46.0
16817.0,0.21261509621051689,LOW,11,2135.38,94,246,24.1,15.0
16818.0,0.101918542652965,LOW,9,2528.47,2,112,13.625,10.5
16819.0,0.901031250018681,HIGH,2,182.59,374,0,0.0,0.0
16823.0,0.5364528686714519,MEDIUM,7,2243.09,136,510,84.5,70.0
16824.0,0.5874039250998201,MEDIUM,2,448.5,73,229,229.0,229.0
16825.0,0.46811355715811515,MEDIUM,4,1370.41,94,348,115.66666666666669,119.0
16827.0,0.7603318005252199,HIGH,5,392.13000000000005,302,195,48.25,31.5
16828.0,0.5842024917783725,MEDIUM,2,128.5,2,19,19.0,19.0
16829.0,0.5838827585603573,MEDIUM,2,513.3199999999999,65,231,231.0,231.0
16830.0,0.4791258044492338,MEDIUM,3,881.59,351,284,141.5,141.5
16832.0,0.6078578412201846,MEDIUM,5,417.61,93,274,68.25,24.0
16833.0,0.3679438898301026,LOW,5,1973.8000000000004,168,363,90.5,89.5
16834.0,0.8803873675052724,HIGH,2,898.96,136,446,446.0,446.0
16835.0,0.4253229933214855,MEDIUM,6,1456.66,37,441,87.8,41.0
16836.0,0.6160499933383152,MEDIUM,3,621.8199999999999,25,457,228.0,228.0
16837.0,0.27610116580238875,LOW,9,1911.74,66,88,10.625,6.5
16838.0,0.6407783755037622,MEDIUM,4,1159.61,106,465,154.66666666666666,132.0
16839.0,0.08080220813573608,LOW,32,16033.18,18,556,17.419354838709676,10.0
16840.0,0.9078622343882002,HIGH,2,139.85000000000002,512,71,71.0,71.0
16841.0,0.1681169514243233,LOW,11,3697.3,46,559,55.4,51.5
16842.0,0.47534836569536254,MEDIUM,3,1264.19,9,201,100.5,100.5
16843.0,0.05185517354813928,LOW,32,18184.1,2,635,20.096774193548388,16.0
16844.0,0.8895859355244653,HIGH,2,614.3399999999999,471,20,20.0,20.0
16846.0,0.8844032975698259,HIGH,2,628.09,486,62,62.0,62.0
16848.0,0.6290123260175051,MEDIUM,3,1130.1999999999998,285,56,28.0,28.0
16854.0,0.6369509466681817,MEDIUM,2,1408.9600000000005,326,223,223.0,223.0
16856.0,0.6413417205266678,MEDIUM,2,323.09,326,24,24.0,24.0
16858.0,0.49316755417171254,MEDIUM,10,4292.589999999999,277,355,39.0,37.0
16859.0,0.27729762029669724,LOW,7,1932.41,53,500,83.0,100.5
16860.0,0.49681800507558177,MEDIUM,3,1610.62,361,209,104.5,104.5
16861.0,0.45965497806746536,MEDIUM,4,843.6299999999999,67,350,116.33333333333331,108.0
16862.0,0.8765695640058507,HIGH,4,662.3300000000002,456,154,50.66666666666666,48.0
16863.0,0.6607708319541509,MEDIUM,2,495.7199999999999,275,42,42.0,42.0
16864.0,0.8440432090160576,HIGH,2,409.25,343,164,164.0,164.0
16866.0,0.4383252140564331,MEDIUM,3,207.74,49,20,9.5,9.5
16868.0,0.6834560288797141,MEDIUM,3,384.56000000000006,303,199,99.0,99.0
16869.0,0.37398110205554014,LOW,2,387.68,74,9,9.0,9.0
16871.0,0.2461954233001682,LOW,4,2037.82,119,60,20.0,15.0
16872.0,0.3885681041871767,LOW,5,997.79,14,357,89.0,52.5
16873.0,0.14639768481636514,LOW,10,11365.24,36,541,59.66666666666666,52.0
16875.0,0.14993981558533845,LOW,10,3277.2000000000003,53,559,61.77777777777778,66.0
16877.0,0.7236031712762954,HIGH,2,188.98,61,56,56.0,56.0
16880.0,0.2748877435537098,LOW,7,1414.9,8,393,65.16666666666667,23.0
16882.0,0.5516309618497189,MEDIUM,2,215.7,148,77,77.0,77.0
16883.0,0.2124682148594926,LOW,19,2246.0600000000004,96,548,30.0,6.0
16884.0,0.8917971244746168,HIGH,2,641.1300000000001,465,14,14.0,14.0
16885.0,0.7176158226962678,HIGH,2,412.13999999999993,266,28,28.0,28.0
16887.0,0.5405998517724909,MEDIUM,2,465.84,309,337,337.0,337.0
16888.0,0.6717806748093276,MEDIUM,3,434.2,309,300,150.0,150.0
16889.0,0.2323403769032626,LOW,6,2526.65,103,371,73.8,61.0
16890.0,0.896845350770906,HIGH,3,285.41,385,105,52.0,52.0
16891.0,0.15500965539480263,LOW,9,1501.3000000000002,4,639,79.5,52.5
16892.0,0.4674155730090463,MEDIUM,3,339.54,92,547,273.5,273.5
16893.0,0.5197631714003912,MEDIUM,2,249.89,275,9,9.0,9.0
16894.0,0.8050567349463508,HIGH,3,1306.96,411,33,16.5,16.5
16895.0,0.4666031434518405,MEDIUM,4,900.6300000000001,347,227,75.0,81.0
16897.0,0.7290348153720115,HIGH,2,289.78,208,14,14.0,14.0
16898.0,0.4756272929050827,MEDIUM,4,697.95,86,399,132.66666666666666,161.0
16899.0,0.3972569812063916,LOW,5,934.89,58,247,61.5,37.5
16903.0,0.6290123260175051,MEDIUM,2,678.5500000000001,289,35,35.0,35.0
16904.0,0.07414539527317757,LOW,19,3970.16,3,316,17.11111111111111,12.5
16905.0,0.24159240043661934,LOW,13,2491.3500000000004,145,492,40.5,26.5
16906.0,0.32119548083526456,LOW,6,1244.3200000000002,95,388,77.2,42.0
16907.0,0.3493811621296421,LOW,8,1201.12,57,378,53.42857142857143,55.0
16911.0,0.8452504575693847,HIGH,2,255.25,544,25,25.0,25.0
16912.0,0.16446332613977324,LOW,11,3443.51,43,596,59.4,52.5
16913.0,0.6453834839119932,MEDIUM,3,423.91,199,361,180.5,180.5
16915.0,0.3631338872604006,LOW,9,1303.89,36,441,54.875,46.0
16916.0,0.6166836802723238,MEDIUM,3,536.04,281,43,21.0,21.0
16917.0,0.7565189070372643,HIGH,2,1851.88,185,355,355.0,355.0
16918.0,0.10641495572523463,LOW,13,2960.42,4,641,53.083333333333336,41.0
16919.0,0.2542113962389854,LOW,24,4909.66,65,320,13.478260869565217,8.0
16921.0,0.5090069126802514,MEDIUM,2,255.03,351,157,157.0,157.0
16923.0,0.06452739959611105,LOW,27,10851.990000000002,8,578,21.76923076923077,20.0
16926.0,0.6618645650545362,MEDIUM,5,1169.61,280,155,38.5,29.0
16927.0,0.42191321231965057,MEDIUM,3,543.0500000000001,24,245,122.5,122.5
16928.0,0.07071753421806491,LOW,27,3453.4800000000005,3,580,21.76923076923077,14.0
16929.0,0.44150480019225863,MEDIUM,2,428.8800000000001,36,27,27.0,27.0
16931.0,0.05947488205220239,LOW,16,3374.6800000000003,12,294,19.066666666666663,16.0
16932.0,0.7240513062605518,HIGH,2,262.32000000000005,332,147,147.0,147.0
16933.0,0.2957622807505474,LOW,8,2760.8,148,490,69.57142857142857,49.0
16934.0,0.6177319424549461,MEDIUM,4,1152.11,292,237,79.0,63.0
16935.0,0.6166836802723238,MEDIUM,3,530.86,290,39,19.0,19.0
16938.0,0.1425642227926346,LOW,8,6669.73,88,480,68.0,72.0
16939.0,0.8710735219125428,HIGH,3,433.85,397,160,79.5,79.5
16940.0,0.26678611165464083,LOW,7,5246.14,78,562,93.0,80.5
16942.0,0.21254828513638893,LOW,7,1439.44,45,91,14.833333333333334,15.5
16943.0,0.5278953224496887,MEDIUM,5,1299.49,120,412,102.75,70.5
16945.0,0.05185517354813928,LOW,27,7209.719999999999,7,631,24.0,24.5
16946.0,0.6177319424549461,MEDIUM,5,1222.04,292,264,65.5,63.5
16947.0,0.5798612627442942,MEDIUM,5,955.21,144,410,102.25,91.5
16948.0,0.4007458943356847,MEDIUM,7,868.7700000000001,47,517,85.83333333333333,90.0
16949.0,0.4159109422431344,MEDIUM,4,893.75,94,130,43.333333333333336,36.0
16950.0,0.18224300079269556,LOW,9,3141.62,33,560,69.625,36.5
16951.0,0.47687173840439745,MEDIUM,3,1277.7500000000002,43,169,84.5,84.5
16952.0,0.33703529995770515,LOW,5,795.83,18,618,154.5,143.5
16954.0,0.15097425196410721,LOW,15,5242.179999999999,33,565,39.85714285714285,28.5
16955.0,0.4877529054921844,MEDIUM,6,1120.3100000000002,93,492,98.2,123.0
16957.0,0.6896595600337494,MEDIUM,2,416.64,148,42,42.0,42.0
16960.0,0.3607271236647762,LOW,6,1685.36,161,394,78.4,90.0
16961.0,0.6507908856111285,MEDIUM,3,794.5600000000001,25,415,207.5,207.5
16964.0,0.8382421783540361,HIGH,2,207.85,642,0,0.0,0.0
16966.0,0.265982223101557,LOW,4,1486.5600000000002,79,70,23.0,27.0
16969.0,0.40470026286704597,MEDIUM,2,478.96,43,57,57.0,57.0
16972.0,0.6314290386169477,MEDIUM,2,748.9999999999999,291,73,73.0,73.0
16974.0,0.9037682460903832,HIGH,2,365.5,431,41,41.0,41.0
16975.0,0.7580138174443567,HIGH,3,926.12,332,82,40.5,40.5
16977.0,0.6472872120496413,MEDIUM,4,496.0,304,236,78.33333333333333,44.0
16978.0,0.8168365128007102,HIGH,2,424.55,575,0,0.0,0.0
16979.0,0.2832969869614699,LOW,5,1563.39,56,302,75.0,61.5
16980.0,0.487720053480082,MEDIUM,3,1422.8300000000002,164,173,86.0,86.0
16983.0,0.15033872539630555,LOW,9,2770.01,5,349,43.0,41.5
16984.0,0.20610962073006658,LOW,8,9104.2,39,512,72.71428571428571,42.0
16985.0,0.09635141157740494,LOW,20,9037.58,66,571,29.73684210526316,23.0
16986.0,0.6166085385196374,MEDIUM,9,3015.55,354,228,28.25,0.0
16987.0,0.33529564741242823,LOW,7,1534.05,79,567,94.0,70.5
16989.0,0.3331663558220856,LOW,2,890.7,7,52,52.0,52.0
16990.0,0.6675283620639603,MEDIUM,2,344.0,127,203,203.0,203.0
16992.0,0.19631768023091478,LOW,11,4834.54,7,567,56.2,44.5
16993.0,0.8790015159267534,HIGH,2,1950.95,372,112,112.0,112.0
16996.0,0.24105444231650466,LOW,8,1708.43,30,296,41.85714285714285,23.0
16997.0,0.5636323217659253,MEDIUM,3,702.0,197,37,18.5,18.5
16998.0,0.49140379687203917,MEDIUM,5,402.0,58,294,73.25,76.5
17000.0,0.5821835163006205,MEDIUM,2,406.3,305,11,11.0,11.0
17001.0,0.06415040300982662,LOW,16,5444.72,0,532,35.0,35.0
17002.0,0.4141407212788203,MEDIUM,6,2071.34,124,425,84.6,74.0
17003.0,0.6618645650545362,MEDIUM,4,828.21,311,176,58.333333333333336,20.0
17004.0,0.5766164611484815,MEDIUM,3,1917.82,1,331,165.0,165.0
17005.0,0.867634029281414,HIGH,2,622.36,379,118,118.0,118.0
17006.0,0.5038971519021771,MEDIUM,4,853.4899999999999,301,252,83.66666666666667,31.0
17007.0,0.41383187642451247,MEDIUM,6,805.6100000000001,64,282,56.2,46.0
17011.0,0.7645725104060113,HIGH,2,400.8,556,4,4.0,4.0
17017.0,0.13453703353231555,LOW,23,9314.01,71,574,25.727272727272727,6.0
17018.0,0.44987006592818524,MEDIUM,5,1772.6,234,408,101.75,92.0
17019.0,0.26500198843563677,LOW,10,3340.1399999999994,170,475,52.44444444444444,50.0
17020.0,0.8866849849106887,HIGH,2,935.62,451,104,104.0,104.0
17021.0,0.6657680727517682,MEDIUM,6,1182.22,351,146,28.8,18.0
17023.0,0.6759513294159089,MEDIUM,3,800.1800000000001,326,280,139.5,139.5
17024.0,0.1161195105025159,LOW,2,56.25,8,58,58.0,58.0
17025.0,0.6729138762895145,MEDIUM,4,1152.87,282,268,89.33333333333333,37.0
17026.0,0.7741922930662309,HIGH,3,175.82999999999998,94,231,115.5,115.5
17027.0,0.3756632505827482,LOW,7,1078.3,88,550,91.33333333333331,90.0
17028.0,0.8823968164390575,HIGH,3,1593.8300000000002,490,140,69.5,69.5
17029.0,0.4682271970817949,MEDIUM,7,2137.3,19,553,91.83333333333331,101.0
17031.0,0.3573727105267118,LOW,5,2619.45,63,426,106.0,85.0
17032.0,0.7717473288358261,HIGH,8,2984.32,456,181,25.571428571428573,35.0
17033.0,0.4256920897241566,MEDIUM,3,910.75,123,183,91.5,91.5
17034.0,0.5797044515054198,MEDIUM,3,672.7,196,225,112.5,112.5
17035.0,0.5501630715974076,MEDIUM,4,613.5899999999999,154,491,163.0,145.0
17040.0,0.7580886657372137,HIGH,2,463.25,46,412,412.0,412.0
17041.0,0.5156220046895839,MEDIUM,5,1334.6000000000004,17,491,122.25,119.0
17042.0,0.3289572887337018,LOW,4,915.02,30,125,41.333333333333336,41.0
17043.0,0.43943986469103663,MEDIUM,6,1183.4400000000005,87,551,109.8,108.0
17044.0,0.4733322520586273,MEDIUM,11,11013.820000000002,283,357,35.3,18.0
17045.0,0.2937155503993593,LOW,5,827.6800000000002,22,316,78.5,71.5
17046.0,0.4132104219930991,MEDIUM,5,1906.07,66,463,115.5,87.5
17047.0,0.41605594386102895,MEDIUM,5,1937.76,114,526,131.25,149.5
17048.0,0.4157303213528133,MEDIUM,7,2071.68,26,572,95.0,95.0
17049.0,0.10271034836049528,LOW,15,6894.150000000001,26,528,37.21428571428572,26.0
17050.0,0.20079405311054369,LOW,11,4648.59,5,585,58.1,53.0
17051.0,0.5865554788474595,MEDIUM,4,706.49,103,433,144.0,139.0
17054.0,0.18389695632945377,LOW,4,1207.3200000000002,46,107,35.333333333333336,27.0
17058.0,0.4268918666609398,MEDIUM,2,819.6600000000001,108,40,40.0,40.0
17059.0,0.19260626940774012,LOW,8,4021.28,19,572,81.14285714285714,87.0
17061.0,0.14138980196089307,LOW,10,4658.83,19,121,13.0,8.0
17062.0,0.6240298130558675,MEDIUM,6,889.7500000000001,222,125,24.6,28.0
17063.0,0.15147806767222188,LOW,10,2849.26,72,575,63.55555555555556,50.0
17064.0,0.5686769470920521,MEDIUM,2,457.4,91,144,144.0,144.0
17065.0,0.8590127980934154,HIGH,2,194.7,546,0,0.0,0.0
17067.0,0.8557426780753814,HIGH,3,454.54,633,6,3.0,3.0
17068.0,0.07411403616171329,LOW,42,7974.830000000001,3,526,12.390243902439025,11.0
17069.0,0.14640695140175186,LOW,10,4303.32,64,581,64.22222222222223,51.0
17070.0,0.5172523129134371,MEDIUM,2,437.4199999999999,23,296,296.0,296.0
17071.0,0.15511106391607216,LOW,10,2767.1000000000004,43,550,60.55555555555556,56.0
17075.0,0.4014115618380646,MEDIUM,9,2098.58,162,472,58.5,40.0
17076.0,0.60668351102451,MEDIUM,5,735.8699999999999,182,461,114.75,93.5
17080.0,0.5925782257860696,MEDIUM,6,746.23,178,256,50.8,15.0
17081.0,0.6269460294758505,MEDIUM,4,660.48,304,259,85.66666666666667,89.0
17082.0,0.4174986535571892,MEDIUM,5,3365.12,227,406,101.0,87.0
17083.0,0.1710245102116397,LOW,9,4049.79,18,559,69.5,59.5
17085.0,0.06095018638423224,LOW,28,7847.670000000001,32,610,22.14814814814815,14.0
17088.0,0.29013045642356666,LOW,2,1399.11,91,70,70.0,70.0
17090.0,0.2571942497179752,LOW,10,1917.3,7,409,45.22222222222222,45.0
17091.0,0.08361356120036557,LOW,17,6359.99,7,624,38.625,35.0
17092.0,0.1710245102116397,LOW,9,4366.7,35,548,68.5,49.0
17094.0,0.7455805859116557,HIGH,2,402.19999999999993,231,101,101.0,101.0
17095.0,0.45756348881043546,MEDIUM,6,1792.05,208,425,84.8,93.0
17096.0,0.1865126752350884,LOW,9,3119.74,52,412,51.125,28.0
17097.0,0.3256448724798273,LOW,7,828.4699999999998,9,330,54.66666666666666,25.0
17098.0,0.6277888148240612,MEDIUM,3,591.0699999999999,290,159,79.5,79.5
17101.0,0.4690707532653917,MEDIUM,4,1115.9,87,371,123.66666666666669,129.0
17105.0,0.5578685044651206,MEDIUM,2,665.7799999999999,68,147,147.0,147.0
17107.0,0.17251969490963928,LOW,7,11587.85,64,522,86.5,77.5
17109.0,0.5339363654117585,MEDIUM,4,875.01,141,265,88.0,91.0
17110.0,0.6175515094547345,MEDIUM,3,499.8999999999999,74,444,222.0,222.0
17113.0,0.8857064503684348,HIGH,6,2305.59,483,123,24.2,18.0
17114.0,0.38854660128242274,LOW,6,601.94,47,196,38.8,40.0
17115.0,0.3268115702440802,LOW,6,2536.81,91,551,110.0,54.0
17122.0,0.39265327988243975,LOW,4,570.5000000000001,28,380,126.33333333333331,90.0
17123.0,0.6483107379795626,MEDIUM,3,977.17,70,410,205.0,205.0
17126.0,0.25856238149972366,LOW,9,2016.43,61,313,39.0,25.0
17127.0,0.7759011572414689,HIGH,5,1155.03,337,306,76.0,44.0
17132.0,0.7491531026267191,HIGH,2,1220.91,361,36,36.0,36.0
17133.0,0.2220338053653025,LOW,8,12208.88,99,438,62.0,32.0
17134.0,0.555965983443082,MEDIUM,3,625.3,15,335,167.0,167.0
17135.0,0.5341158070787314,MEDIUM,5,1083.0,198,289,71.75,80.0
17137.0,0.6685640076651205,MEDIUM,6,1099.81,325,261,51.8,48.0
17138.0,0.4159997546127347,MEDIUM,7,4417.27,184,397,65.66666666666667,49.0
17139.0,0.07948117346968546,LOW,20,15767.81,31,575,29.894736842105264,30.0
17141.0,0.7729102400293136,HIGH,4,727.5800000000002,327,266,88.66666666666667,0.0
17142.0,0.6430380711066602,MEDIUM,4,1275.25,148,445,148.0,150.0
17143.0,0.6951827429800977,MEDIUM,2,880.97,326,98,98.0,98.0
17145.0,0.9145468785821638,HIGH,4,3120.91,421,145,48.333333333333336,8.0
17146.0,0.14868920243576272,LOW,13,5852.64,14,570,46.91666666666666,30.0
17147.0,0.1808241534823897,LOW,7,2458.4700000000003,115,491,81.33333333333333,85.5
17150.0,0.5597128613918343,MEDIUM,6,1357.9499999999998,285,357,70.8,73.0
17152.0,0.3106064080739341,LOW,4,2016.5,103,230,76.66666666666667,68.0
17155.0,0.4097159406754142,MEDIUM,6,784.0600000000002,86,558,111.4,57.0
17157.0,0.14864813363686546,LOW,18,4994.36,85,559,32.47058823529412,10.0
17158.0,0.6123771551687776,MEDIUM,4,1411.5799999999997,141,409,136.0,127.0
17159.0,0.5222262763548028,MEDIUM,3,1089.16,80,473,236.0,236.0
17160.0,0.10325902609272626,LOW,16,9692.31,18,626,41.2,32.0
17162.0,0.1416841080041161,LOW,9,1463.66,40,174,21.5,14.0
17163.0,0.5429047331759794,MEDIUM,2,406.68,354,229,229.0,229.0
17164.0,0.3257682742528159,LOW,3,1270.4200000000003,60,121,60.5,60.5
17165.0,0.49184219466407,MEDIUM,6,1794.3200000000002,193,444,88.4,70.0
17167.0,0.6290123260175051,MEDIUM,3,867.1099999999999,288,65,32.0,32.0
17169.0,0.5812864420791078,MEDIUM,2,629.63,92,395,395.0,395.0
17170.0,0.8320011206588688,HIGH,2,178.67999999999998,283,14,14.0,14.0
17171.0,0.8729988280423274,HIGH,2,384.59,198,372,372.0,372.0
17172.0,0.7176876232430982,HIGH,2,638.81,339,296,296.0,296.0
17173.0,0.3165236453267824,LOW,2,961.26,25,14,14.0,14.0
17175.0,0.3281688985266253,LOW,3,1132.63,50,155,77.0,77.0
17176.0,0.6124041216739162,MEDIUM,3,902.32,110,475,237.5,237.5
17179.0,0.3132243611601271,LOW,6,1507.2600000000002,87,384,76.4,54.0
17180.0,0.3628857936287396,LOW,10,2005.6,150,445,49.0,33.0
17181.0,0.6344058198646518,MEDIUM,2,225.45000000000005,282,222,222.0,222.0
17182.0,0.767301792600905,HIGH,2,321.29999999999995,331,295,295.0,295.0
17184.0,0.9104204032250388,HIGH,2,198.41,478,161,161.0,161.0
17185.0,0.7989628122588166,HIGH,3,229.46,500,6,3.0,3.0
17187.0,0.6321976141618442,MEDIUM,2,467.7099999999999,135,299,299.0,299.0
17188.0,0.16423854835433435,LOW,11,3933.79,73,566,56.3,55.5
17189.0,0.7972030487573313,HIGH,5,953.63,15,631,157.5,181.5
17190.0,0.33379942144145835,LOW,6,1476.83,116,437,87.2,94.0
17191.0,0.1032068843790806,LOW,14,3778.17,3,643,49.07692307692308,56.0
17193.0,0.5832772813524213,MEDIUM,4,1059.3,85,561,186.66666666666663,209.0
17194.0,0.5669933793375631,MEDIUM,3,812.5000000000001,182,256,127.5,127.5
17198.0,0.5203049016890071,MEDIUM,2,521.6600000000001,274,5,5.0,5.0
17200.0,0.8218970776763489,HIGH,4,356.71,296,264,88.0,0.0
17201.0,0.6255316995584687,MEDIUM,3,853.32,432,143,71.0,71.0
17203.0,0.5388823637226365,MEDIUM,4,2004.01,297,0,0.0,0.0
17204.0,0.18275818078854844,LOW,9,5504.6900000000005,84,372,46.125,31.5
17205.0,0.6972826218813573,MEDIUM,2,615.2700000000001,325,148,148.0,148.0
17209.0,0.8960597203156132,HIGH,3,595.6999999999999,558,87,43.5,43.5
17211.0,0.18096036353066183,LOW,11,2921.02,89,546,54.1,37.0
17212.0,0.5634769019747978,MEDIUM,3,794.41,162,233,116.5,116.5
17213.0,0.17162930724836153,LOW,11,3868.18,50,583,57.9,32.0
17214.0,0.5797220092420323,MEDIUM,4,611.9700000000001,158,110,36.0,43.0
17217.0,0.7905006880026508,HIGH,2,210.1,143,385,385.0,385.0
17218.0,0.30626591747137893,LOW,13,2883.0,123,469,38.66666666666666,18.5
17220.0,0.11212435570242633,LOW,17,3557.84,8,589,36.625,34.5
17221.0,0.9267978052686817,HIGH,3,642.14,500,15,7.5,7.5
17222.0,0.762653033898889,HIGH,5,1250.86,386,220,55.0,50.5
17223.0,0.7088636684549177,HIGH,3,558.04,219,64,32.0,32.0
17226.0,0.6823447600361752,MEDIUM,3,895.47,217,356,178.0,178.0
17227.0,0.21231126425426702,LOW,9,1413.36,81,520,64.5,71.0
17228.0,0.25606937898793364,LOW,9,1601.5200000000002,116,429,53.25,54.0
17229.0,0.39417743538756844,LOW,2,318.76000000000005,5,46,46.0,46.0
17230.0,0.5733323687966477,MEDIUM,18,9388.49,173,467,27.176470588235293,6.0
17231.0,0.07183984926873895,LOW,22,5845.9,35,605,28.38095238095238,27.0
17233.0,0.5976736995869298,MEDIUM,2,369.98,357,276,276.0,276.0
17235.0,0.48009839193338094,MEDIUM,7,1354.8199999999997,281,180,29.666666666666668,14.5
17236.0,0.3393759043593595,LOW,11,1710.86,88,463,45.9,46.0
17237.0,0.5129559820698799,MEDIUM,2,679.44,284,6,6.0,6.0
17238.0,0.06129539188973,LOW,26,5556.14,45,602,23.72,19.0
17239.0,0.6439681932372084,MEDIUM,4,1189.45,221,213,71.0,74.0
17241.0,0.47259955698917433,MEDIUM,12,2736.64,294,276,24.63636363636364,14.0
17242.0,0.5422467155005323,MEDIUM,5,2889.2800000000007,17,576,143.75,113.5
17243.0,0.055256950019134006,LOW,59,15995.89,1,645,10.672413793103448,8.5
17244.0,0.7327326497840644,HIGH,4,871.1399999999999,292,350,116.66666666666669,0.0
17245.0,0.8080243536033932,HIGH,2,371.63,113,484,484.0,484.0
17246.0,0.8968955489850399,HIGH,2,38.92,455,191,191.0,191.0
17248.0,0.720285297483059,HIGH,2,500.5400000000001,29,361,361.0,361.0
17251.0,0.6277605140892768,MEDIUM,3,798.98,271,362,181.0,181.0
17252.0,0.35137881112582575,LOW,2,348.91,25,69,69.0,69.0
17255.0,0.6185044211679154,MEDIUM,3,598.48,208,146,73.0,73.0
17256.0,0.5407057047852303,MEDIUM,5,498.9299999999999,16,492,122.75,143.5
17257.0,0.8540913913400112,HIGH,2,189.78,345,0,0.0,0.0
17258.0,0.7663597521818625,HIGH,2,417.2999999999999,305,268,268.0,268.0
17259.0,0.34839769013534594,LOW,6,1452.39,57,507,101.0,83.0
17262.0,0.2821754094025515,LOW,10,2190.76,136,497,55.0,34.0
17265.0,0.45503343995167916,MEDIUM,2,550.0100000000001,47,41,41.0,41.0
17266.0,0.534214313354962,MEDIUM,3,318.2,56,493,246.0,246.0
17267.0,0.544326528339281,MEDIUM,2,317.2,36,0,0.0,0.0
17268.0,0.2685045758472489,LOW,11,1733.89,16,623,62.1,44.0
17270.0,0.8892261009875464,HIGH,2,601.4499999999999,378,262,262.0,262.0
17272.0,0.30540778620857656,LOW,2,1409.44,108,63,63.0,63.0
17277.0,0.554152208511053,MEDIUM,2,1065.35,136,95,95.0,95.0
17278.0,0.7014176289959159,HIGH,2,271.24,150,323,323.0,323.0
17281.0,0.6177319424549461,MEDIUM,6,797.8499999999999,283,299,59.2,62.0
17282.0,0.6045595251571413,MEDIUM,5,2308.5400000000004,39,418,104.0,108.5
17284.0,0.17134664537575384,LOW,7,2629.62,29,324,53.66666666666666,54.0
17285.0,0.91030059367061,HIGH,2,407.94,537,34,34.0,34.0
17286.0,0.6552739221320573,MEDIUM,2,237.81,309,0,0.0,0.0
17287.0,0.09006150829258702,LOW,19,3480.21,52,593,32.55555555555556,23.5
17288.0,0.1373321842219603,LOW,9,1714.5,116,186,22.875,31.0
17289.0,0.3730779211727702,LOW,7,1275.23,89,461,76.33333333333333,69.0
17290.0,0.6018925903660572,MEDIUM,6,974.95,290,344,68.4,69.0
17292.0,0.9030202110413652,HIGH,2,271.75,381,107,107.0,107.0
17293.0,0.11432321791015347,LOW,13,2763.6,28,616,50.91666666666666,39.0
17294.0,0.8394962837187336,HIGH,2,467.79,578,0,0.0,0.0
17298.0,0.5796243416020439,MEDIUM,5,954.26,10,540,134.75,133.5
17299.0,0.43710696561302553,MEDIUM,4,604.8100000000001,9,380,126.33333333333331,72.0
17300.0,0.7169253876435916,HIGH,2,393.64,299,90,90.0,90.0
17302.0,0.29360208418390543,LOW,3,661.61,31,182,91.0,91.0
17306.0,0.054211443495400365,LOW,17,7851.100000000001,8,303,18.625,16.0
17307.0,0.5594866385807077,MEDIUM,11,3999.89,304,293,29.0,28.0
17308.0,0.6497468987508311,MEDIUM,2,4511.76,302,59,59.0,59.0
17309.0,0.6166023194201605,MEDIUM,3,320.39,4,577,288.5,288.5
17310.0,0.6620478887884236,MEDIUM,2,1025.1,296,147,147.0,147.0
17311.0,0.4979152841173978,MEDIUM,5,2738.17,225,357,88.75,94.0
17312.0,0.616443951614222,MEDIUM,3,644.3,47,20,10.0,10.0
17314.0,0.12212079636666219,LOW,14,3883.43,57,588,44.69230769230769,48.0
17315.0,0.06273530439808149,LOW,35,7686.44,9,338,9.5,8.0
17320.0,0.49373832852470784,MEDIUM,6,2444.8500000000004,9,586,116.6,131.0
17321.0,0.5733749936945071,MEDIUM,4,1008.05,303,183,60.66666666666666,22.0
17322.0,0.6670969781354652,MEDIUM,5,922.59,285,360,89.75,15.5
17323.0,0.33413270323956773,LOW,9,1175.47,33,574,71.375,73.0
17324.0,0.3791754382534392,LOW,10,1886.82,240,389,42.888888888888886,45.0
17325.0,0.6174065748498402,MEDIUM,3,609.5699999999999,189,361,180.0,180.0
17326.0,0.7129513295206911,HIGH,2,312.35,317,121,121.0,121.0
17327.0,0.8010821704131252,HIGH,2,152.35,318,152,152.0,152.0
17329.0,0.7844920866247592,HIGH,4,718.7800000000001,224,420,140.0,5.0
17330.0,0.5188043347338991,MEDIUM,2,59.900000000000006,453,103,103.0,103.0
17332.0,0.533023596727665,MEDIUM,5,838.27,437,128,31.5,31.5
17334.0,0.7313304428037118,HIGH,3,635.1500000000001,211,104,51.5,51.5
17335.0,0.6983284526269681,MEDIUM,2,497.04,292,300,300.0,300.0
17337.0,0.307659297968069,LOW,4,1981.06,60,158,52.333333333333336,59.0
17338.0,0.07948117346968546,LOW,16,10559.71,23,524,34.53333333333333,30.0
17339.0,0.5801611806916436,MEDIUM,3,302.36000000000007,3,415,207.0,207.0
17340.0,0.13667778497333408,LOW,14,14858.31,29,542,41.30769230769231,35.0
17341.0,0.3882827821957512,LOW,5,1272.21,65,383,95.5,86.5
17342.0,0.685741640314376,MEDIUM,4,1227.5400000000002,288,290,96.0,132.0
17343.0,0.47101875758019907,MEDIUM,6,1259.94,264,380,75.8,63.0
17345.0,0.14356245023369568,LOW,9,1348.12,2,644,80.375,76.0
17346.0,0.07629367984676255,LOW,19,3604.51,12,497,27.11111111111111,15.5
17348.0,0.5703443313900995,MEDIUM,5,1445.84,206,341,85.0,93.5
17349.0,0.501571540764023,MEDIUM,5,772.41,88,452,112.25,121.0
17350.0,0.6324847315238293,MEDIUM,3,612.3810000000001,303,282,140.5,140.5
17351.0,0.2590094265363764,LOW,11,1828.38,78,560,55.6,45.5
17353.0,0.512615107632173,MEDIUM,4,3242.0,38,495,164.66666666666666,132.0
17354.0,0.6780847061060392,MEDIUM,3,1740.9,337,0,0.0,0.0
17356.0,0.5131920877070126,MEDIUM,5,946.47,220,376,93.75,49.0
17358.0,0.7339879078545439,HIGH,5,861.01,212,350,87.25,43.5
17360.0,0.3149723090198094,LOW,4,953.17,93,250,83.0,48.0
17361.0,0.5185822974168023,MEDIUM,4,647.5100000000001,95,489,163.0,105.0
17362.0,0.565807897161552,MEDIUM,7,1024.04,148,463,76.66666666666667,54.0
17363.0,0.6490907430873848,MEDIUM,3,920.46,304,6,3.0,3.0
17364.0,0.08495788322170567,LOW,23,10127.65,46,594,26.545454545454547,24.0
17365.0,0.17985105034919588,LOW,12,5753.9400000000005,78,506,45.54545454545455,54.0
17366.0,0.8450859493861683,HIGH,2,1077.2400000000002,341,23,23.0,23.0
17368.0,0.17865373988961505,LOW,12,2484.49,2,630,56.90909090909091,37.0
17370.0,0.30358168994111295,LOW,2,228.06,1,77,77.0,77.0
17371.0,0.7567993978214254,HIGH,4,329.11,270,370,123.33333333333331,108.0
17372.0,0.09937646162648972,LOW,26,4065.76,75,569,22.32,17.0
17373.0,0.43796945585285796,MEDIUM,5,807.8800000000001,43,515,128.25,141.5
17374.0,0.5750395209820909,MEDIUM,3,727.11,127,176,87.5,87.5
17375.0,0.38885729354387816,LOW,4,660.5500000000003,108,232,77.0,70.0
17376.0,0.7415162728000079,HIGH,3,356.29,220,211,105.0,105.0
17377.0,0.09485772703159796,LOW,67,15626.29,35,611,8.772727272727273,6.0
17380.0,0.8260459787635025,HIGH,3,645.0,343,100,49.5,49.5
17381.0,0.11811867967570983,LOW,33,34384.689999999995,8,449,13.5625,11.5
17382.0,0.8175003647486853,HIGH,7,836.88,344,133,22.0,10.5
17384.0,0.6627052573539624,MEDIUM,2,398.80000000000007,128,248,248.0,248.0
17386.0,0.2598587545219625,LOW,6,1823.69,8,286,56.8,14.0
17388.0,0.1130994089863799,LOW,10,2368.84,40,598,65.88888888888889,75.0
17389.0,0.055256950019134006,LOW,52,34885.73,4,639,12.117647058823527,7.0
17391.0,0.6446238426242887,MEDIUM,2,508.8,72,0,0.0,0.0
17392.0,0.7016574964809719,HIGH,3,585.9200000000001,215,143,71.5,71.5
17393.0,0.734135059796639,HIGH,2,381.15,319,77,77.0,77.0
17396.0,0.23968879200695414,LOW,12,5880.6,57,292,26.272727272727277,1.0
17398.0,0.364576974337086,LOW,3,653.38,23,140,69.5,69.5
17400.0,0.24296836056627089,LOW,8,4623.280000000001,35,595,84.71428571428571,77.0
17402.0,0.07432223759866347,LOW,18,3734.16,10,621,36.05882352941177,31.0
17404.0,0.1091524248484669,LOW,18,36878.6,32,578,33.411764705882355,32.0
17406.0,0.3582857782296436,LOW,13,4186.950000000001,242,400,32.75,25.5
17408.0,0.6419213303303484,MEDIUM,3,316.09000000000003,72,350,174.5,174.5
17409.0,0.13247549983928095,LOW,10,7793.51,93,543,60.11111111111112,48.0
17410.0,0.4639519261007112,MEDIUM,2,419.55,5,119,119.0,119.0
17411.0,0.5503977780897793,MEDIUM,3,932.02,170,475,237.0,237.0
17412.0,0.15151485197151224,LOW,13,3671.980000000001,105,541,44.66666666666666,44.0
17413.0,0.6509165396939336,MEDIUM,2,560.1400000000001,313,165,165.0,165.0
17414.0,0.4984969426722856,MEDIUM,5,2069.5200000000004,93,551,137.25,136.0
17416.0,0.05756641948107896,LOW,20,15699.52,18,615,32.10526315789474,18.0
17418.0,0.7477101088608137,HIGH,2,373.99,232,63,63.0,63.0
17419.0,0.14002331794562176,LOW,14,4559.68,52,539,41.07692307692308,38.0
17420.0,0.41619659157640326,MEDIUM,5,746.26,80,230,57.25,13.5
17421.0,0.6374217218419401,MEDIUM,3,1059.41,295,349,174.0,174.0
17422.0,0.18089042486969126,LOW,10,3314.36,2,441,48.66666666666666,40.0
17423.0,0.6278109375109059,MEDIUM,2,869.96,126,175,175.0,175.0
17426.0,0.1497760870657334,LOW,11,7321.1,0,569,56.7,24.5
17428.0,0.05999975812614373,LOW,37,24871.0,19,627,17.166666666666668,10.0
17429.0,0.292954935358264,LOW,5,1357.4599999999998,37,301,74.75,44.5
17430.0,0.6953808395991136,MEDIUM,3,469.41,274,114,56.5,56.5
17432.0,0.6055408953091291,MEDIUM,7,1363.23,294,350,58.0,38.0
17436.0,0.4742667410862861,MEDIUM,4,440.16,135,505,168.0,181.0
17438.0,0.4608778465493514,MEDIUM,5,1422.7700000000004,162,387,96.5,92.0
17440.0,0.5280798553125848,MEDIUM,4,323.58,65,392,130.33333333333334,90.0
17442.0,0.14868920243576272,LOW,14,4293.43,2,568,43.23076923076923,42.0
17444.0,0.5420250530806796,MEDIUM,3,2940.04,56,25,12.5,12.5
17446.0,0.819356804489534,HIGH,2,120.90000000000002,85,133,133.0,133.0
17448.0,0.9430684831429667,HIGH,46,14523.67,406,147,3.0444444444444443,0.0
17449.0,0.14175045115540655,LOW,10,3846.4900000000007,3,635,70.11111111111111,50.0
17450.0,0.08674422455099282,LOW,28,136695.0,4,342,12.333333333333334,5.0
17454.0,0.21306482010885747,LOW,10,1547.9399999999996,101,500,55.333333333333336,51.0
17456.0,0.646273187496427,MEDIUM,2,975.56,274,90,90.0,90.0
17457.0,0.11454778522890002,LOW,14,5984.81,35,605,46.07692307692308,47.0
17460.0,0.31054558237152474,LOW,16,2157.9700000000003,3,592,38.93333333333333,34.0
17463.0,0.4255245933745691,MEDIUM,5,1886.99,85,412,102.75,68.0
17464.0,0.6483107379795626,MEDIUM,3,907.14,67,461,230.0,230.0
17465.0,0.6524673423291176,MEDIUM,7,2542.79,334,310,51.333333333333336,58.0
17469.0,0.11374764662848168,LOW,15,4230.55,17,614,43.5,31.5
17470.0,0.148693223818886,LOW,10,2317.8700000000003,36,380,41.77777777777778,28.0
17472.0,0.5673336187003588,MEDIUM,4,922.35,100,437,145.33333333333334,96.0
17473.0,0.6874677410221034,MEDIUM,2,607.0,317,47,47.0,47.0
17476.0,0.7100928195849098,HIGH,2,489.86,304,341,341.0,341.0
17477.0,0.8807422643129131,HIGH,2,1144.3000000000002,521,34,34.0,34.0
17478.0,0.6176584709142349,MEDIUM,2,1272.8,317,225,225.0,225.0
17482.0,0.866489577219498,HIGH,2,775.6400000000001,396,91,91.0,91.0
17483.0,0.5063259910568405,MEDIUM,3,452.43,43,280,139.5,139.5
17484.0,0.8890470253801304,HIGH,2,209.57,485,47,47.0,47.0
17490.0,0.6120178514323679,MEDIUM,3,963.38,85,392,196.0,196.0
17491.0,0.14868920243576272,LOW,13,4212.91,4,494,40.66666666666666,39.5
17492.0,0.5697775705269327,MEDIUM,3,1122.42,157,270,135.0,135.0
17496.0,0.6348491221242145,MEDIUM,4,1412.89,267,335,111.33333333333331,67.0
17497.0,0.7006658141321729,HIGH,2,287.25,299,220,220.0,220.0
17499.0,0.7435615465557522,HIGH,2,1341.3899999999996,198,271,271.0,271.0
17501.0,0.7866217212246331,HIGH,2,288.6,129,0,0.0,0.0
17504.0,0.19047493429094353,LOW,18,9490.17,115,463,26.88235294117647,21.0
17505.0,0.3975271813908035,LOW,5,2435.48,70,443,110.5,49.0
17507.0,0.6123236143536911,MEDIUM,2,605.58,170,47,47.0,47.0
17508.0,0.4383513236575186,MEDIUM,8,4579.23,189,451,64.0,53.0
17511.0,0.05765794681067279,LOW,50,140446.24,2,644,12.591836734693878,13.0
17512.0,0.11033421575787938,LOW,16,4434.7300000000005,30,607,40.13333333333333,30.0
17513.0,0.5959262378396977,MEDIUM,2,645.5999999999999,317,70,70.0,70.0
17514.0,0.837020731026868,HIGH,2,522.0,37,541,541.0,541.0
17515.0,0.28682529563653003,LOW,8,1534.86,115,344,48.71428571428572,47.0
17516.0,0.28049742690093,LOW,5,788.27,28,259,64.5,80.0
17518.0,0.8040292752341407,HIGH,2,329.42,334,195,195.0,195.0
17519.0,0.11033421575787938,LOW,14,4418.15,42,605,46.07692307692308,39.0
17521.0,0.4725860052254715,MEDIUM,3,714.41,108,235,117.0,117.0
17522.0,0.3091109080757665,LOW,4,912.25,47,79,26.0,23.0
17524.0,0.678324354506359,MEDIUM,3,539.14,270,76,38.0,38.0
17525.0,0.6290123260175051,MEDIUM,3,1161.9,268,69,34.5,34.5
17526.0,0.4425006228432408,MEDIUM,11,3616.14,199,431,42.7,50.0
17527.0,0.4343476379812531,MEDIUM,2,606.6199999999999,18,108,108.0,108.0
17529.0,0.8824980833995375,HIGH,2,1240.25,519,87,87.0,87.0
17530.0,0.2548308503917407,LOW,8,1789.83,115,527,75.0,64.0
17531.0,0.6652426480714917,MEDIUM,3,1266.8200000000002,99,428,213.5,213.5
17534.0,0.4463837656758714,MEDIUM,4,1445.47,360,200,66.66666666666667,84.0
17536.0,0.534585882387739,MEDIUM,3,364.83,86,505,252.5,252.5
17539.0,0.869918766299621,HIGH,4,1176.84,526,108,35.666666666666664,27.0
17540.0,0.6141910532965515,MEDIUM,5,1280.5000000000005,225,283,70.5,75.0
17542.0,0.6626310511115585,MEDIUM,3,340.85,178,371,185.5,185.5
17544.0,0.6490907430873848,MEDIUM,3,944.8200000000002,299,0,0.0,0.0
17545.0,0.5452951911496444,MEDIUM,3,767.54,299,187,93.5,93.5
17547.0,0.721028826223788,HIGH,2,727.85,284,289,289.0,289.0
17548.0,0.6030843763467286,MEDIUM,4,731.26,142,162,53.66666666666666,12.0
17550.0,0.21789932580305454,LOW,9,2506.64,106,472,58.625,60.5
17552.0,0.4475614256691687,MEDIUM,10,2154.880000000001,281,255,28.22222222222222,28.0
17553.0,0.4916418059351152,MEDIUM,4,3757.6,38,481,160.33333333333334,117.0
17554.0,0.2240914973605492,LOW,2,1249.89,31,25,25.0,25.0
17555.0,0.5011897629513512,MEDIUM,4,760.88,243,251,83.33333333333333,91.0
17556.0,0.629622854979279,MEDIUM,2,300.67,114,173,173.0,173.0
17560.0,0.30004756456193754,LOW,8,1895.8000000000004,3,565,80.14285714285714,84.0
17561.0,0.625937538635695,MEDIUM,3,537.9000000000001,299,342,170.5,170.5
17562.0,0.23791126687874653,LOW,4,661.1,18,63,20.666666666666668,16.0
17563.0,0.9005769313286109,HIGH,2,392.38000000000005,487,33,33.0,33.0
17567.0,0.18281322072681877,LOW,7,3432.05,1,348,57.66666666666666,62.5
17571.0,0.41449045388876327,MEDIUM,4,764.79,54,396,132.0,132.0
17572.0,0.25011976078257087,LOW,9,621.4600000000002,8,625,77.625,77.5
17576.0,0.05185517354813928,LOW,36,7413.37,8,636,17.771428571428572,18.0
17577.0,0.8843841367420401,HIGH,2,348.74999999999994,554,23,23.0,23.0
17578.0,0.5971429350143215,MEDIUM,7,1047.33,127,311,51.5,10.5
17579.0,0.6081578803540268,MEDIUM,3,575.2400000000001,46,440,219.5,219.5
17580.0,0.6015796521926534,MEDIUM,5,541.0200000000001,161,169,41.75,45.0
17581.0,0.05999975812614373,LOW,35,13448.22,18,626,18.147058823529413,0.0
17582.0,0.48003698764645847,MEDIUM,5,1446.95,145,387,96.25,69.0
17584.0,0.34213258782359834,LOW,5,4816.57,36,556,138.75,88.0
17585.0,0.2409625294103982,LOW,7,2064.71,18,368,61.16666666666666,68.0
17588.0,0.2851954292354981,LOW,7,2939.55,9,537,89.0,79.0
17589.0,0.09635141157740494,LOW,17,13276.84,60,491,30.3125,19.5
17591.0,0.4047657375046551,MEDIUM,7,1976.52,31,568,94.16666666666669,55.0
17593.0,0.1348208598528679,LOW,10,7414.120000000001,0,643,71.0,56.0
17594.0,0.5770225905901996,MEDIUM,3,1819.7,163,350,174.5,174.5
17596.0,0.14340107094269994,LOW,10,3421.85,45,588,64.88888888888889,57.0
17597.0,0.37655581984657904,LOW,5,3484.09,122,369,91.75,64.5
17601.0,0.6878481013108826,MEDIUM,2,413.08,148,141,141.0,141.0
17602.0,0.1722452447667204,LOW,10,3209.5600000000004,33,494,54.44444444444444,23.0
17603.0,0.8823968164390575,HIGH,3,1393.66,526,112,55.5,55.5
17604.0,0.5794750809007521,MEDIUM,6,942.38,126,464,92.0,94.0
17608.0,0.5830573922457974,MEDIUM,2,296.07,358,158,158.0,158.0
17609.0,0.7276995739719512,HIGH,8,1313.37,211,307,43.42857142857143,25.0
17610.0,0.8347220253740372,HIGH,5,1511.94,449,193,48.0,36.5
17611.0,0.0658107094152326,LOW,22,7077.56,32,614,28.714285714285715,31.0
17612.0,0.08312613202294641,LOW,17,5029.35,4,627,38.8125,36.5
17613.0,0.10839005312743012,LOW,9,2976.69,26,188,23.0,24.5
17615.0,0.36977264618746736,LOW,6,721.8,39,355,70.4,63.0
17616.0,0.41370534032424927,MEDIUM,4,734.3999999999999,82,277,92.0,83.0
17618.0,0.3390365699847708,LOW,10,3696.84,157,436,48.0,35.0
17621.0,0.49869382709021887,MEDIUM,5,2697.0,221,119,29.25,27.5
17622.0,0.8324028388017136,HIGH,2,1130.2100000000005,506,0,0.0,0.0
17623.0,0.5383052261350554,MEDIUM,6,1838.72,318,315,62.8,35.0
17624.0,0.6053725160652609,MEDIUM,3,1125.4499999999998,127,501,250.5,250.5
17625.0,0.3865565850684511,LOW,6,5185.63,49,584,116.4,117.0
17629.0,0.25304300541919317,LOW,7,1439.78,29,301,49.833333333333336,39.0
17630.0,0.47465141597026833,MEDIUM,2,503.6,78,62,62.0,62.0
17631.0,0.3801704416275998,LOW,6,886.6600000000001,46,592,118.2,95.0
17633.0,0.3016114262644579,LOW,5,1381.1600000000003,12,286,71.25,12.5
17634.0,0.24284523281425263,LOW,7,2077.07,1,245,40.333333333333336,35.5
17635.0,0.7676854248929045,HIGH,3,1265.58,333,166,82.5,82.5
17638.0,0.8760613714137157,HIGH,2,842.4,556,74,74.0,74.0
17639.0,0.6493165448885384,MEDIUM,6,615.1700000000001,185,207,41.0,8.0
17640.0,0.45210313260836554,MEDIUM,5,2547.28,288,247,61.5,75.0
17642.0,0.7876730149909498,HIGH,5,1824.49,28,614,153.0,152.0
17643.0,0.684718260413473,MEDIUM,2,439.7,282,132,132.0,132.0
17644.0,0.09159373273053159,LOW,16,4758.59,29,541,35.6,29.0
17646.0,0.34185510488853843,LOW,12,3898.79,128,504,45.36363636363637,43.0
17647.0,0.7234664193862892,HIGH,2,198.6,578,0,0.0,0.0
17648.0,0.29694773415164327,LOW,4,1526.26,101,192,64.0,57.0
17649.0,0.5558370544316075,MEDIUM,3,1578.89,47,334,166.5,166.5
17651.0,0.21304468004390043,LOW,10,2906.53,64,370,40.888888888888886,7.0
17652.0,0.15270807095087924,LOW,6,2713.57,53,136,26.8,24.0
17653.0,0.2835266936150274,LOW,2,343.34,8,20,20.0,20.0
17655.0,0.2066065100360389,LOW,7,2240.77,25,300,49.333333333333336,47.5
17656.0,0.3322956292450463,LOW,3,927.65,15,22,11.0,11.0
17659.0,0.11863088267239848,LOW,11,2240.5600000000004,9,286,28.2,14.5
17660.0,0.8908227712524877,HIGH,2,342.22,50,595,595.0,595.0
17662.0,0.9148716482151349,HIGH,2,412.9200000000001,570,60,60.0,60.0
17663.0,0.13071188889583946,LOW,14,4389.45,63,491,37.38461538461539,36.0
17664.0,0.6322771756675569,MEDIUM,3,887.7800000000002,121,407,203.5,203.5
17666.0,0.7856415159747415,HIGH,3,1319.64,386,50,24.5,24.5
17667.0,0.1838899402378681,LOW,8,3646.2,70,492,69.85714285714286,63.0
17669.0,0.22188422748904116,LOW,8,5168.849999999999,31,494,70.0,47.0
17671.0,0.3106064080739341,LOW,4,1535.0000000000002,66,218,72.33333333333333,53.0
17672.0,0.3885433080251292,LOW,6,3778.3,218,372,74.0,40.0
17673.0,0.2634931234344387,LOW,11,3754.53,71,468,46.4,47.0
17675.0,0.055256950019134006,LOW,62,31342.39,10,627,9.868852459016392,10.0
17676.0,0.298803900820576,LOW,8,1808.3,18,510,72.42857142857143,50.0
17677.0,0.05765794681067279,LOW,44,30379.58,9,623,14.209302325581396,13.0
17678.0,0.6940189020119931,MEDIUM,2,599.7600000000001,172,339,339.0,339.0
17679.0,0.7841750227376025,HIGH,5,1585.5,430,214,53.25,51.0
17680.0,0.7129513295206911,HIGH,2,313.05,292,127,127.0,127.0
17681.0,0.6824527471353541,MEDIUM,5,731.2,506,96,23.75,20.5
17682.0,0.16152063496728056,LOW,10,3490.3,24,526,58.11111111111112,53.0
17683.0,0.5297850738414362,MEDIUM,3,819.01,294,168,83.5,83.5
17685.0,0.3474594868894363,LOW,10,3811.8399999999992,175,399,44.0,31.0
17686.0,0.16304161466640504,LOW,7,7146.7,29,413,68.5,90.5
17689.0,0.7320919538045425,HIGH,2,317.08000000000004,297,85,85.0,85.0
17690.0,0.11212435570242633,LOW,16,5732.530000000001,10,572,37.66666666666666,17.0
17691.0,0.7042175405483527,HIGH,4,637.5500000000001,267,188,62.333333333333336,30.0
17692.0,0.18992063661725422,LOW,12,2975.8,36,413,37.0,34.0
17694.0,0.6976052856616147,MEDIUM,3,1695.97,50,421,210.5,210.5
17695.0,0.560294714805887,MEDIUM,5,1746.0400000000002,40,549,136.75,143.0
17696.0,0.05328006045930395,LOW,26,7309.47,17,620,24.36,19.0
17699.0,0.8210297065006242,HIGH,2,442.0,385,84,84.0,84.0
17700.0,0.1032068843790806,LOW,13,5827.16,3,643,53.25,48.5
17702.0,0.20944686266880191,LOW,5,2658.44,17,291,72.5,48.0
17703.0,0.45598592687009526,MEDIUM,3,787.06,18,308,154.0,154.0
17704.0,0.39933057188744553,LOW,2,885.1899999999999,77,71,71.0,71.0
17705.0,0.44910882214347875,MEDIUM,8,1228.38,15,470,66.57142857142857,46.0
17706.0,0.0981219145554282,LOW,26,17795.16,9,589,23.16,11.0
17707.0,0.3860648189135796,LOW,8,609.3000000000001,94,547,77.71428571428571,84.0
17708.0,0.37658146045087854,LOW,4,884.1800000000001,96,235,78.33333333333333,78.0
17709.0,0.49055271021205904,MEDIUM,5,671.01,78,433,107.75,60.0
17713.0,0.6443866736041617,MEDIUM,4,1198.09,291,166,55.333333333333336,61.0
17714.0,0.6427897709850108,MEDIUM,5,1410.1800000000003,229,192,48.0,37.0
17715.0,0.7770332914890038,HIGH,2,489.6,109,392,392.0,392.0
17716.0,0.053647309977183276,LOW,20,14437.64,3,642,33.421052631578945,24.0
17718.0,0.732095198614516,HIGH,2,439.18,141,412,412.0,412.0
17719.0,0.15691437762274085,LOW,12,4477.400000000001,15,149,12.909090909090908,10.0
17720.0,0.22138340653441155,LOW,9,2358.5699999999997,22,465,57.75,41.0
17722.0,0.192653225831202,LOW,5,3520.2200000000003,5,279,69.5,67.0
17723.0,0.2091595703701172,LOW,7,3378.4,36,248,41.0,17.5
17725.0,0.07704250572984625,LOW,8,2507.12,9,166,23.142857142857142,23.0
17726.0,0.6357794133801177,MEDIUM,7,1092.06,304,286,47.5,31.5
17728.0,0.6210212858507421,MEDIUM,2,1362.75,313,49,49.0,49.0
17730.0,0.07629367984676255,LOW,15,5531.09,15,483,34.142857142857146,33.5
17731.0,0.49771870483285213,MEDIUM,5,1432.62,37,540,134.75,50.5
17732.0,0.5108046576837396,MEDIUM,8,2166.42,281,115,16.142857142857142,14.0
17734.0,0.39040865610442976,LOW,5,1281.9,45,505,125.75,88.5
17735.0,0.05590982752346294,LOW,23,14771.55,2,403,17.727272727272727,16.0
17738.0,0.191514764671935,LOW,12,3876.000000000001,57,481,43.54545454545455,21.0
17739.0,0.14616594242711292,LOW,14,6010.01,105,535,40.92307692307692,35.0
17740.0,0.6443272656958537,MEDIUM,6,426.9,298,308,61.2,50.0
17741.0,0.8010821704131252,HIGH,2,101.1,315,153,153.0,153.0
17742.0,0.2329876957997742,LOW,11,2098.48,22,625,62.0,45.0
17744.0,0.36484822373226644,LOW,5,1615.7,159,130,32.25,25.0
17745.0,0.8623983295875085,HIGH,2,600.34,386,78,78.0,78.0
17746.0,0.5727650756780904,MEDIUM,4,904.18,149,370,123.33333333333331,139.0
17749.0,0.6120178514323679,MEDIUM,3,1026.1799999999998,87,368,183.5,183.5
17750.0,0.16619540209408087,LOW,5,1204.5,8,65,15.75,15.0
17753.0,0.9136537059374701,HIGH,4,382.06,373,238,79.0,15.0
17754.0,0.14340107094269994,LOW,10,3361.63,51,586,64.77777777777777,56.0
17756.0,0.7960810957178271,HIGH,3,728.7499999999999,284,18,8.5,8.5
17757.0,0.08807403307636866,LOW,46,6789.21,23,580,12.422222222222222,11.0
17758.0,0.2501781316448919,LOW,8,2989.08,61,416,59.0,41.0
17759.0,0.5481323309271866,MEDIUM,4,609.07,78,414,137.66666666666666,190.0
17760.0,0.6425664454132352,MEDIUM,5,631.3399999999999,282,276,68.75,32.0
17763.0,0.8312181758493458,HIGH,4,86.14999999999999,172,395,131.66666666666666,5.0
17764.0,0.5474769422875401,MEDIUM,4,971.69,120,525,174.66666666666666,190.0
17765.0,0.4561424464603878,MEDIUM,4,524.0000000000001,67,289,96.33333333333331,52.0
17766.0,0.8190496543060768,HIGH,2,299.61,290,0,0.0,0.0
17768.0,0.5171484680871782,MEDIUM,5,1596.66,75,571,142.5,139.0
17769.0,0.17918594392828935,LOW,11,4913.83,47,550,54.4,41.5
17770.0,0.4734745991863242,MEDIUM,5,1143.2699999999998,107,83,20.5,9.5
17771.0,0.6595074183831734,MEDIUM,3,257.3999999999999,232,266,132.5,132.5
17773.0,0.846312120855962,HIGH,2,575.3699999999999,423,175,175.0,175.0
17774.0,0.20033251379308878,LOW,9,3273.83,5,572,71.0,64.5
17776.0,0.7078409200471643,HIGH,2,330.56000000000006,295,336,336.0,336.0
17780.0,0.9116422133260571,HIGH,3,346.56,576,17,8.5,8.5
17781.0,0.748205160527729,HIGH,2,188.02,68,93,93.0,93.0
17782.0,0.7655510785005827,HIGH,2,679.02,291,0,0.0,0.0
17783.0,0.608338447613161,MEDIUM,2,205.9,156,264,264.0,264.0
17785.0,0.5830573922457974,MEDIUM,2,271.44000000000005,354,120,120.0,120.0
17787.0,0.3367299380805093,LOW,4,1817.54,61,218,72.0,47.0
17789.0,0.801344919465877,HIGH,2,397.15,190,379,379.0,379.0
17790.0,0.1298135183061241,LOW,18,2178.620000000001,29,424,24.47058823529412,17.0
17792.0,0.7808489176141618,HIGH,2,368.35,376,11,11.0,11.0
17794.0,0.8872860201661956,HIGH,2,147.3,595,1,1.0,1.0
17795.0,0.52086030417239,MEDIUM,2,342.82999999999987,88,85,85.0,85.0
17796.0,0.5589293817133497,MEDIUM,6,1160.4900000000002,222,107,21.2,21.0
17797.0,0.3807030601062006,LOW,6,1463.85,91,541,107.8,57.0
17799.0,0.05332440529845678,LOW,19,5722.75,8,626,34.333333333333336,37.5
17800.0,0.28729569929131243,LOW,7,904.8,0,242,40.0,48.5
17801.0,0.5610011409850951,MEDIUM,3,770.0300000000001,360,240,120.0,120.0
17802.0,0.15518612744553578,LOW,9,4293.6,89,546,68.0,55.5
17804.0,0.6951188450136494,MEDIUM,3,383.78,285,362,181.0,181.0
17807.0,0.6717806748093276,MEDIUM,3,437.87,304,309,154.5,154.5
17808.0,0.8903656286532248,HIGH,4,262.64,457,32,10.0,8.0
17809.0,0.1187400881274781,LOW,16,7530.69,38,608,40.13333333333333,43.0
17810.0,0.8785657661062034,HIGH,2,373.16,577,15,15.0,15.0
17811.0,0.06345637300690797,LOW,32,6592.29,1,353,10.806451612903226,7.0
17812.0,0.7397471648962609,HIGH,4,405.48,277,162,53.333333333333336,50.0
17814.0,0.5886250217584105,MEDIUM,2,1609.37,284,47,47.0,47.0
17816.0,0.17382201569827246,LOW,4,80.86,178,454,151.33333333333334,96.0
17817.0,0.5965343437244114,MEDIUM,5,670.1700000000001,186,145,36.0,21.5
17819.0,0.17985105034919588,LOW,11,5784.649999999999,91,543,53.9,60.5
17822.0,0.6847438442840641,MEDIUM,5,2162.9300000000003,329,140,35.0,0.0
17823.0,0.6745400137511524,MEDIUM,2,449.25,330,0,0.0,0.0
17825.0,0.9011891182447511,HIGH,4,701.9599999999999,507,126,42.0,0.0
17827.0,0.42444872748817175,MEDIUM,5,1969.31,151,379,94.5,61.0
17828.0,0.2770474319793895,LOW,3,1076.6600000000003,18,75,37.5,37.5
17829.0,0.47661716413693567,MEDIUM,5,4756.74,207,356,88.75,81.0
17830.0,0.6486377190034917,MEDIUM,2,287.65,170,27,27.0,27.0
17834.0,0.758535008075291,HIGH,2,689.6700000000001,323,30,30.0,30.0
17837.0,0.6105749022173848,MEDIUM,3,376.51,57,15,7.5,7.5
17838.0,0.4011029848255354,MEDIUM,11,4538.84,201,338,33.3,23.0
17841.0,0.055256950019134006,LOW,168,51353.0,0,645,3.407185628742515,3.0
17843.0,0.7759505765336209,HIGH,2,320.4,212,108,108.0,108.0
17845.0,0.9199342428410107,HIGH,4,596.09,464,21,7.0,0.0
17847.0,0.9032913870342212,HIGH,2,129.69,424,129,129.0,129.0
17848.0,0.06656576652471988,LOW,29,3479.51,37,605,21.071428571428573,14.0
17849.0,0.6144595711084124,MEDIUM,8,1063.76,127,416,59.285714285714285,45.0
17850.0,0.8295508263130236,HIGH,155,51208.87000000001,281,362,2.25974025974026,0.0
17851.0,0.6897010643627861,MEDIUM,6,1552.35,331,313,62.2,26.0
17852.0,0.625937538635695,MEDIUM,3,543.47,297,342,171.0,171.0
17853.0,0.6585605664165086,MEDIUM,3,1596.2900000000002,316,329,164.0,164.0
17854.0,0.4159355215994461,MEDIUM,6,1068.5,94,546,108.8,51.0
17856.0,0.5157158294484873,MEDIUM,3,1142.63,142,48,23.5,23.5
17857.0,0.10271034836049528,LOW,15,14722.52,7,542,38.21428571428572,15.5
17858.0,0.06095018638423224,LOW,27,11019.240000000002,25,616,23.307692307692307,13.5
17860.0,0.6466098712880944,MEDIUM,4,717.3900000000001,277,359,119.33333333333331,59.0
17861.0,0.13687978051485541,LOW,15,4289.9,45,593,41.92857142857143,40.0
17862.0,0.6313557136725284,MEDIUM,4,1254.89,232,239,79.66666666666667,62.0
17863.0,0.14993981558533845,LOW,10,3985.76,54,507,55.888888888888886,56.0
17864.0,0.5823900306953345,MEDIUM,3,522.57,184,151,75.5,75.5
17865.0,0.059647113848081065,LOW,38,22803.21,16,631,16.72972972972973,11.0
17866.0,0.678959821114161,MEDIUM,3,1134.9499999999998,51,582,290.5,290.5
17867.0,0.28767204287134246,LOW,13,1381.66,52,593,49.083333333333336,52.5
17869.0,0.4100056752455269,MEDIUM,7,813.64,16,440,73.0,89.0
17870.0,0.22323375676086873,LOW,8,1632.7699999999998,0,289,41.0,11.0
17871.0,0.41402775775074124,MEDIUM,5,1068.9499999999998,113,488,121.75,140.5
17873.0,0.10695230982439004,LOW,17,5993.290000000001,93,538,33.375,38.0
17874.0,0.5251150483433935,MEDIUM,6,683.4600000000002,94,70,13.8,0.0
17876.0,0.5571211188985837,MEDIUM,3,3424.02,308,275,137.5,137.5
17878.0,0.6490907430873848,MEDIUM,2,999.48,304,0,0.0,0.0
17880.0,0.6539796975335889,MEDIUM,3,824.9200000000002,273,365,182.0,182.0
17882.0,0.8190496543060768,HIGH,2,291.56,288,0,0.0,0.0
17883.0,0.6742784683169056,MEDIUM,4,443.43,155,405,135.0,112.0
17884.0,0.4471225361742826,MEDIUM,19,2593.94,220,423,23.05555555555556,13.5
17886.0,0.37934247485210804,LOW,5,1080.98,119,378,94.0,78.5
17888.0,0.2338492444844202,LOW,21,1388.44,70,556,27.3,19.0
17889.0,0.4988270339611512,MEDIUM,7,746.4200000000001,121,406,67.33333333333333,33.0
17890.0,0.7040087555977071,HIGH,2,586.8900000000001,231,38,38.0,38.0
17894.0,0.11193870746627874,LOW,17,2181.5200000000004,5,373,22.75,6.5
17897.0,0.3443741738529335,LOW,9,2099.89,81,403,50.0,16.5
17898.0,0.5480268973850209,MEDIUM,3,246.96,116,359,179.5,179.5
17900.0,0.8595942202353556,HIGH,2,112.2,99,0,0.0,0.0
17901.0,0.8526402015810725,HIGH,2,149.7,430,0,0.0,0.0
17905.0,0.2721617105527897,LOW,12,1997.62,65,523,47.09090909090909,28.0
17908.0,0.6207723454986178,MEDIUM,5,1142.4699999999998,282,351,87.5,85.0
17912.0,0.8623401138579113,HIGH,6,374.55,219,65,12.6,4.0
17913.0,0.3415038005967079,LOW,13,3238.69,264,380,31.33333333333333,30.5
17916.0,0.9467590020890242,HIGH,2,43.870000000000005,537,104,104.0,104.0
17917.0,0.547149067371278,MEDIUM,2,226.71,165,106,106.0,106.0
17918.0,0.835823547177923,HIGH,3,396.39,409,4,2.0,2.0
17920.0,0.05999975812614373,LOW,46,21791.08,14,628,13.511111111111113,5.0
17921.0,0.2266803207871818,LOW,9,2169.6,57,363,44.875,25.5
17923.0,0.5674950773470021,MEDIUM,3,497.0,191,262,130.5,130.5
17924.0,0.6231528086382034,MEDIUM,3,797.4000000000001,210,112,56.0,56.0
17926.0,0.4325915574630232,MEDIUM,5,1035.4900000000002,42,446,111.0,92.0
17928.0,0.6053213858496198,MEDIUM,2,206.96,155,325,325.0,325.0
17929.0,0.13808846884632345,LOW,11,2946.1,21,617,61.4,58.0
17930.0,0.14640695140175186,LOW,10,3228.880000000001,71,483,53.22222222222222,57.0
17931.0,0.14002331794562176,LOW,14,3402.24,43,527,40.07692307692308,18.0
17932.0,0.4268918666609398,MEDIUM,2,934.51,82,37,37.0,37.0
17935.0,0.4328368226647216,MEDIUM,7,686.1400000000001,47,596,99.0,64.5
17937.0,0.16574030046105248,LOW,5,3614.52,23,247,61.75,51.5
17940.0,0.10325902609272626,LOW,15,30114.79,17,628,44.42857142857143,31.0
17941.0,0.6030229805810795,MEDIUM,4,1433.2800000000002,39,571,190.0,68.0
17945.0,0.874431988695942,HIGH,3,360.35,605,0,0.0,0.0
17946.0,0.8396365103635178,HIGH,2,149.58,142,26,26.0,26.0
17949.0,0.055256950019134006,LOW,106,107012.80000000002,2,644,5.819047619047619,2.0
17950.0,0.6085985261991712,MEDIUM,6,947.26,274,338,67.4,54.0
17951.0,0.6097036990032633,MEDIUM,3,741.5400000000002,267,45,22.5,22.5
17952.0,0.7217729804745061,HIGH,4,788.46,287,163,54.333333333333336,0.0
17954.0,0.08228969629386741,LOW,17,3375.46,32,607,37.5,35.0
17955.0,0.5890421778357473,MEDIUM,6,949.9,107,466,93.0,9.0
17958.0,0.9539340496212473,HIGH,2,973.88,25,611,611.0,611.0
17960.0,0.8164349244861744,HIGH,3,135.07999999999998,80,470,234.5,234.5
17961.0,0.0838448469756076,LOW,92,2749.92,32,614,6.318681318681318,5.0
17962.0,0.6028365025047596,MEDIUM,4,666.96,51,552,184.0,146.0
17963.0,0.8713883581393551,HIGH,4,643.1600000000002,380,217,72.0,41.0
17965.0,0.05185517354813928,LOW,27,6658.87,0,633,23.884615384615383,19.0
17966.0,0.23851892986497264,LOW,9,1459.9199999999998,60,539,67.125,32.0
17967.0,0.687001227004867,MEDIUM,2,223.42,280,44,44.0,44.0
17968.0,0.6684190240884829,MEDIUM,4,590.4399999999999,282,138,46.0,15.0
17969.0,0.142583374212732,LOW,20,2354.29,75,566,29.31578947368421,13.0
17974.0,0.45619792361589384,MEDIUM,4,1199.1700000000003,128,187,62.0,13.0
17975.0,0.06649607850500423,LOW,22,6163.52,23,375,17.285714285714285,14.0
17978.0,0.5979986260978929,MEDIUM,4,1159.99,274,366,121.66666666666669,56.0
17979.0,0.46070934528654056,MEDIUM,3,494.54,77,90,45.0,45.0
17980.0,0.4192670499430007,MEDIUM,4,1012.72,74,227,75.33333333333333,38.0
17984.0,0.5783558576225124,MEDIUM,5,1152.19,54,593,147.75,170.5
17987.0,0.404093796073667,MEDIUM,5,965.44,94,365,91.0,81.5
17988.0,0.2940555116657292,LOW,12,434.42,26,615,55.54545454545455,8.0
17990.0,0.5070827766723017,MEDIUM,6,1527.61,145,495,98.6,116.0
17991.0,0.6702299400749845,MEDIUM,3,300.29999999999995,134,366,182.5,182.5
17994.0,0.2585591874709337,LOW,11,2270.03,30,499,49.5,38.5
17995.0,0.5985487284120137,MEDIUM,3,495.48,190,105,52.0,52.0
17996.0,0.5291834369258049,MEDIUM,3,482.33,288,166,83.0,83.0
17997.0,0.1790322671862392,LOW,6,1711.75,1,71,13.6,7.0
17998.0,0.6287891362470737,MEDIUM,3,639.24,289,358,178.5,178.5
17999.0,0.5821835163006205,MEDIUM,2,338.41,275,12,12.0,12.0
18001.0,0.4689294063109334,MEDIUM,4,509.0100000000001,358,287,95.33333333333331,96.0
18002.0,0.6543118912197562,MEDIUM,4,244.37,284,355,118.0,112.0
18006.0,0.625937538635695,MEDIUM,3,524.8299999999999,290,340,170.0,170.0
18008.0,0.11683369216865927,LOW,21,19708.300000000003,112,499,24.45,19.0
18009.0,0.41613805774060114,MEDIUM,8,2144.23,144,417,59.142857142857146,25.0
18011.0,0.7239478792227257,HIGH,2,410.7900000000001,282,194,194.0,194.0
18013.0,0.8595942202353556,HIGH,2,187.29,64,0,0.0,0.0
18016.0,0.38781672875737616,LOW,5,959.76,95,494,123.0,88.0
18017.0,0.479926472758408,MEDIUM,3,509.0,78,262,130.5,130.5
18018.0,0.4291314755483016,MEDIUM,4,297.99,17,312,103.66666666666669,91.0
18021.0,0.7905378110511384,HIGH,2,216.41,418,2,2.0,2.0
18022.0,0.6618645650545362,MEDIUM,4,894.53,294,160,53.0,20.0
18024.0,0.6495148765398314,MEDIUM,2,389.78,61,0,0.0,0.0
18025.0,0.6357794133801177,MEDIUM,6,1177.7199999999998,288,239,47.4,14.0
18026.0,0.8951822567529013,HIGH,2,2074.07,409,4,4.0,4.0
18035.0,0.6557640297663498,MEDIUM,2,546.3399999999999,294,0,0.0,0.0
18036.0,0.14771269546659932,LOW,10,1396.06,14,616,68.11111111111111,46.0
18037.0,0.8050939711494334,HIGH,15,167.41999999999996,63,583,41.21428571428572,35.0
18039.0,0.6398944281888458,MEDIUM,4,548.22,283,266,88.33333333333333,68.0
18041.0,0.06610835247265687,LOW,33,6919.51,12,591,17.96875,14.0
18043.0,0.5574419764518675,MEDIUM,2,421.59,115,160,160.0,160.0
18044.0,0.12520075507855383,LOW,15,2522.54,75,393,27.5,22.0
18047.0,0.8190496543060768,HIGH,2,326.09,290,0,0.0,0.0
18048.0,0.6180215376239463,MEDIUM,3,394.93,112,290,145.0,145.0
18049.0,0.7772859012222885,HIGH,2,500.92,346,153,153.0,153.0
18050.0,0.7354405763957639,HIGH,2,412.06,268,33,33.0,33.0
18051.0,0.8363755263699812,HIGH,7,2282.28,543,96,15.5,15.0
18053.0,0.5824959119221653,MEDIUM,2,271.05,434,1,1.0,1.0
18055.0,0.11012440274456771,LOW,11,7054.16,37,284,27.9,15.5
18056.0,0.6880842607104098,MEDIUM,2,554.6,197,330,330.0,330.0
18057.0,0.6462734657970912,MEDIUM,3,1188.46,302,297,148.5,148.5
18058.0,0.8770337537076031,HIGH,2,603.9000000000001,450,126,126.0,126.0
18060.0,0.6620478887884236,MEDIUM,2,1185.46,317,156,156.0,156.0
18061.0,0.05332440529845678,LOW,26,5757.910000000001,16,627,24.6,23.0
18062.0,0.5413483789291843,MEDIUM,6,1632.67,82,424,84.2,48.0
18063.0,0.7887442246329917,HIGH,2,186.6,299,242,242.0,242.0
18064.0,0.21013861162359582,LOW,11,4481.83,42,543,53.9,35.5
18065.0,0.10695230982439004,LOW,23,4885.950000000001,92,546,24.63636363636364,19.5
18066.0,0.7156325395772072,HIGH,2,1122.4,295,28,28.0,28.0
18069.0,0.2100854748002934,LOW,9,3434.0,89,468,58.125,54.5
18071.0,0.519314330648523,MEDIUM,6,1169.68,166,477,95.2,106.0
18073.0,0.3492538142329626,LOW,12,3859.82,23,82,7.181818181818182,9.0
18074.0,0.6476798343864758,MEDIUM,2,1019.4400000000002,282,131,131.0,131.0
18075.0,0.06016088135420302,LOW,18,5129.29,15,392,22.529411764705884,14.0
18077.0,0.10266990378887357,LOW,14,3116.7200000000003,12,629,47.84615384615385,36.0
18078.0,0.6166300000604394,MEDIUM,4,725.5300000000001,126,410,136.33333333333334,165.0
18079.0,0.4611193186158954,MEDIUM,3,2796.96,35,364,181.5,181.5
18081.0,0.22061508401556573,LOW,2,208.05,21,21,21.0,21.0
18084.0,0.5129559820698799,MEDIUM,2,704.7500000000001,292,5,5.0,5.0
18085.0,0.6679803686684813,MEDIUM,4,1341.8500000000004,239,298,99.0,43.0
18087.0,0.10704384643674218,LOW,17,14761.52,7,640,39.5625,25.0
18092.0,0.11439223005456238,LOW,15,11476.94,28,616,43.42857142857143,38.5
18093.0,0.23401932217592045,LOW,8,4452.710000000001,2,525,74.57142857142857,27.0
18094.0,0.17918594392828935,LOW,11,5776.52,45,565,56.1,36.0
18095.0,0.6503460918225443,MEDIUM,5,2303.09,221,286,71.25,57.0
18096.0,0.6965196238733714,MEDIUM,3,808.81,351,70,35.0,35.0
18097.0,0.1685200756828959,LOW,10,3951.72,35,595,65.77777777777777,35.0
18101.0,0.5803689915376398,MEDIUM,4,509.8400000000001,52,530,176.33333333333334,230.0
18102.0,0.055256950019134006,LOW,112,456780.49,7,640,5.4774774774774775,0.0
18106.0,0.6184630853360944,MEDIUM,6,1441.06,238,364,72.6,44.0
18108.0,0.6205660152414088,MEDIUM,3,848.8100000000002,163,483,241.0,241.0
18109.0,0.07124096801834615,LOW,30,6377.66,0,435,14.413793103448276,9.0
18112.0,0.5868433397544669,MEDIUM,3,617.3100000000001,75,385,192.5,192.5
18116.0,0.40607866277884547,MEDIUM,12,1970.9300000000003,143,177,15.636363636363637,11.0
18118.0,0.06110478652006778,LOW,22,4818.88,0,289,13.285714285714286,9.0
18121.0,0.3195639482724765,LOW,2,653.3000000000001,58,5,5.0,5.0
18125.0,0.39729668079968333,LOW,3,933.9,110,114,56.5,56.5
18127.0,0.5401836127891549,MEDIUM,2,348.65,42,269,269.0,269.0
18134.0,0.8855583105631472,HIGH,2,445.00000000000006,507,96,96.0,96.0
18135.0,0.4641232548008367,MEDIUM,6,677.53,99,444,88.2,75.0
18136.0,0.3058004774540176,LOW,4,1447.88,120,239,79.33333333333333,89.0
18137.0,0.8590127980934154,HIGH,2,145.99,460,0,0.0,0.0
18141.0,0.6459596237034637,MEDIUM,2,882.4700000000001,310,187,187.0,187.0
18142.0,0.4081295519390851,MEDIUM,2,1019.52,66,58,58.0,58.0
18143.0,0.30847000214332027,LOW,2,1000.16,25,25,25.0,25.0
18144.0,0.11033421575787938,LOW,16,4169.75,18,613,40.266666666666666,41.0
18145.0,0.15705678545911195,LOW,9,3771.97,113,526,65.25,58.5
18146.0,0.6600000808701401,MEDIUM,2,160.35,49,79,79.0,79.0
18149.0,0.3529938552780326,LOW,6,1491.56,124,420,83.6,83.0
18150.0,0.46600842265811443,MEDIUM,2,413.28,49,61,61.0,61.0
18151.0,0.46510572126458444,MEDIUM,6,1879.4400000000005,43,511,101.8,130.0
18154.0,0.6612618242560209,MEDIUM,3,533.41,297,102,50.5,50.5
18155.0,0.4852920960564071,MEDIUM,2,266.56,79,121,121.0,121.0
18160.0,0.5894517659550363,MEDIUM,2,684.3699999999999,109,185,185.0,185.0
18161.0,0.33310053122566,LOW,4,955.67,49,238,79.0,66.0
18168.0,0.13071188889583946,LOW,16,3435.5,85,560,36.86666666666667,35.0
18170.0,0.2130419867502703,LOW,8,2553.2,21,588,83.42857142857143,101.0
18171.0,0.21192630955941688,LOW,8,2200.3100000000004,8,604,85.85714285714286,75.0
18172.0,0.05999975812614373,LOW,43,15540.84,8,629,14.61904761904762,8.0
18173.0,0.39276736094899506,LOW,4,2318.36,108,413,137.33333333333334,40.0
18177.0,0.311743229805027,LOW,8,1912.72,66,566,80.28571428571429,46.0
18178.0,0.19761790125980236,LOW,11,6103.74,37,530,52.5,50.0
18179.0,0.39545924656852716,LOW,6,1857.54,161,410,81.8,71.0
18180.0,0.26163793260397095,LOW,2,601.8499999999999,45,5,5.0,5.0
18181.0,0.61655584569486,MEDIUM,4,821.49,309,335,111.33333333333331,161.0
18183.0,0.6123236143536911,MEDIUM,2,632.0700000000002,136,47,47.0,47.0
18188.0,0.5122613867254074,MEDIUM,4,1706.15,199,333,110.33333333333331,140.0
18189.0,0.5896307554844772,MEDIUM,2,946.59,176,357,357.0,357.0
18190.0,0.44593009739760897,MEDIUM,5,745.6200000000001,101,525,131.0,106.5
18191.0,0.6111259184474721,MEDIUM,2,529.4000000000001,170,215,215.0,215.0
18193.0,0.5232323580504242,MEDIUM,3,1207.35,74,277,138.0,138.0
18194.0,0.4280157985259662,MEDIUM,5,3188.2000000000003,347,241,59.75,54.5
18196.0,0.6983999894947285,MEDIUM,4,1457.19,4,537,179.0,181.0
18198.0,0.05947488205220239,LOW,14,4427.389999999999,9,235,17.615384615384617,15.0
18202.0,0.307659297968069,LOW,3,1396.9900000000002,108,111,55.5,55.5
18203.0,0.4990971449806573,MEDIUM,4,492.52,66,573,190.66666666666663,180.0
18204.0,0.22338265837200424,LOW,2,1358.87,18,82,82.0,82.0
18210.0,0.6678374393120332,MEDIUM,2,289.85,176,115,115.0,115.0
18211.0,0.4612172432749508,MEDIUM,2,268.7,45,142,142.0,142.0
18212.0,0.6963533111689799,MEDIUM,2,514.37,235,351,351.0,351.0
18214.0,0.9268431599480641,HIGH,4,1780.3399999999997,439,23,7.0,4.0
18215.0,0.5789362568113721,MEDIUM,4,1933.1500000000003,346,186,61.66666666666666,48.0
18217.0,0.7464189759398367,HIGH,2,323.29,422,12,12.0,12.0
18218.0,0.5695827370988902,MEDIUM,4,1121.8399999999997,120,448,149.0,70.0
18219.0,0.14026338414990236,LOW,15,2650.06,58,583,41.35714285714285,44.5
18220.0,0.35664355599890146,LOW,6,1921.76,135,497,99.0,85.0
18221.0,0.3173857763920399,LOW,4,1090.1899999999998,24,274,90.66666666666669,68.0
18223.0,0.053647309977183276,LOW,23,11552.65,5,638,28.5,29.0
18225.0,0.061366877669701746,LOW,21,10240.62,22,622,30.65,31.0
18226.0,0.07369064605317042,LOW,24,10901.86,29,524,22.347826086956523,15.0
18227.0,0.6769168665276755,MEDIUM,2,388.75,126,266,266.0,266.0
18229.0,0.053647309977183276,LOW,22,8085.67,2,642,29.952380952380956,23.0
18230.0,0.2615227532459874,LOW,7,3627.22,3,431,71.33333333333333,62.0
18231.0,0.12336646539194779,LOW,28,6854.17,101,506,18.22222222222222,11.0
18232.0,0.42680271792620506,MEDIUM,3,500.62,66,39,19.5,19.5
18235.0,0.3304642137922015,LOW,2,749.8000000000002,29,97,97.0,97.0
18236.0,0.25520208216625495,LOW,10,1554.3000000000002,38,474,52.22222222222222,46.0
18237.0,0.18704122027297546,LOW,3,725.5500000000001,0,42,20.5,20.5
18239.0,0.38680572667697033,LOW,6,1712.2600000000002,127,204,40.2,49.0
18241.0,0.16998219450748336,LOW,15,2263.48,8,518,36.642857142857146,9.5
18242.0,0.32411939932493006,LOW,6,2066.8,105,501,99.8,78.0
18244.0,0.786500958150197,HIGH,2,568.64,339,72,72.0,72.0
18245.0,0.10695230982439004,LOW,19,5430.73,58,491,26.88888888888889,19.0
18246.0,0.6387122715855779,MEDIUM,2,395.62,142,376,376.0,376.0
18247.0,0.6759513294159089,MEDIUM,3,839.7300000000001,323,216,107.5,107.5
18248.0,0.3073327678224068,LOW,2,804.02,31,63,63.0,63.0
18251.0,0.6645437028350561,MEDIUM,8,21964.14,354,272,38.42857142857143,23.0
18252.0,0.38781672875737616,LOW,6,1085.32,80,549,109.4,74.0
18257.0,0.1710245102116397,LOW,9,3825.39,23,544,67.5,57.0
18258.0,0.8145972916470273,HIGH,6,2059.67,373,108,21.4,26.0
18259.0,0.5210478146922863,MEDIUM,5,1979.6,275,365,90.75,35.0
18260.0,0.09635141157740494,LOW,23,9947.26,81,551,24.59090909090909,17.0
18262.0,0.6197836952807348,MEDIUM,3,577.54,49,462,231.0,231.0
18263.0,0.4243831335383436,MEDIUM,2,811.4,64,96,96.0,96.0
18268.0,0.4297815465416279,MEDIUM,6,1490.23,43,594,118.6,33.0
18270.0,0.6651232718919786,MEDIUM,2,273.35,175,166,166.0,166.0
18271.0,0.8738246163339273,HIGH,2,680.8500000000001,518,121,121.0,121.0
18272.0,0.29322013590358104,LOW,7,3413.8500000000004,22,531,88.16666666666667,48.5
18273.0,0.5663482944230245,MEDIUM,3,306.0,4,494,247.0,247.0
18275.0,0.7608789017278358,HIGH,2,741.85,487,152,152.0,152.0
18276.0,0.46983419377796776,MEDIUM,5,1320.66,301,336,83.5,82.5
18277.0,0.6290123260175051,MEDIUM,4,1069.67,306,97,32.333333333333336,19.0
18280.0,0.5960131440403589,MEDIUM,2,488.15,186,116,116.0,116.0
18281.0,0.9061183308540803,HIGH,2,201.14,89,397,397.0,397.0
18283.0,0.25782001817588107,LOW,16,1706.1999999999998,4,562,37.0,25.0
18286.0,0.836591590001186,HIGH,2,1296.43,385,247,247.0,247.0
18287.0,0.307179988164445,LOW,5,3110.99,110,369,92.0,94.0
