customer_id,churn_probability,risk_segment,frequency,monetary,recency,customer_lifespan,avg_purchase_interval,median_purchase_interval,average_order_value,revenue_exposure
12346,0.5996865081839687,MEDIUM,12,77556.46,234,400,35.90909090909091,7.0,6463.038333333334,46509.56268450965
12347,0.1743595937690497,LOW,6,3402.3900000000003,38,274,54.4,53.0,567.065,593.239338243877
12348,0.3696234076411411,LOW,4,1709.4,157,189,63.0,70.0,427.35,631.8342530217666
12349,0.4100240856724483,MEDIUM,3,2671.1400000000003,316,181,90.0,90.0,890.3800000000001,1095.2317362031038
12352,0.3329430088932158,LOW,7,1905.61,171,130,21.5,14.5,272.22999999999996,634.459527177001
12353,0.6177028406383976,MEDIUM,2,406.76,113,204,204.0,204.0,203.38,251.25680745807463
12355,0.756481365104065,HIGH,2,947.61,123,353,353.0,353.0,473.805,716.849306386263
12356,0.2402952212265526,LOW,5,6313.380000000001,154,179,44.25,42.5,1262.6760000000002,1517.075043787293
12357,0.6088944203310966,MEDIUM,2,12079.990000000002,297,0,0.0,0.0,6039.995000000001,7355.438508655445
12358,0.4824269973798669,MEDIUM,4,3203.87,59,581,193.0,181.0,800.9675,1545.6333840954342
12359,0.1396572805969172,LOW,9,6059.09,98,544,67.75,86.0,673.2322222222223,846.1960322919751
12360,0.2519157512386832,LOW,7,3209.11,21,543,90.0,74.5,458.44428571428574,808.4253564575707
12361,0.5761531769252172,MEDIUM,4,511.25,196,394,131.0,116.0,127.8125,294.5583117030173
12362,0.3517098694976502,LOW,5,1877.35,29,618,154.25,69.5,375.46999999999997,660.2825235014136
12363,0.4343476379812531,MEDIUM,2,552.0,18,132,132.0,132.0,276.0,239.7598961656517
12365,0.7571961418409201,HIGH,2,641.3799999999999,200,0,0.0,0.0,320.68999999999994,485.65046145392927
12369,0.6104115776317894,MEDIUM,3,1791.15,322,228,113.5,113.5,597.0500000000001,1093.3386972751798
12370,0.4413021149366248,MEDIUM,6,3577.28,183,394,78.6,44.0,596.2133333333334,1578.6612297204892
12371,0.5284825896247587,MEDIUM,3,2179.42,318,235,117.5,117.5,726.4733333333334,1151.7855254799915
12372,0.3503622629466688,LOW,2,914.9199999999998,121,83,83.0,83.0,457.4599999999999,320.55344161516615
12373,0.6932274245974199,MEDIUM,3,1127.65,220,362,180.5,180.5,375.8833333333334,781.7179053472806
12374,0.4752072888513391,MEDIUM,3,2246.29,330,166,83.0,83.0,748.7633333333333,1067.4533808738745
12376,0.7404614736915839,HIGH,2,503.15,298,28,28.0,28.0,251.575,372.5631904879204
12377,0.596373684184994,MEDIUM,4,3426.32,224,274,91.0,39.0,856.58,2043.367081596729
12378,0.8764962779507269,HIGH,2,5416.32,38,432,432.0,432.0,2708.16,4747.384320190081
12379,0.649255558494238,MEDIUM,3,1227.8200000000002,79,364,182.0,182.0,409.27333333333337,797.1689598303954
12380,0.1781058021792086,LOW,8,7559.040000000001,94,476,67.85714285714286,16.0,944.8800000000001,1346.3088829047251
12383,0.3243338437680813,LOW,5,1850.56,93,167,41.25,42.5,370.11199999999997,600.1992379234605
12386,0.7253993650230355,HIGH,2,401.9,246,29,29.0,29.0,200.95,291.53800480275794
12388,0.3737122229719271,LOW,6,2788.79,57,434,86.2,118.0,464.79833333333335,1042.2049103018805
12389,0.6336503649769178,MEDIUM,3,1433.33,311,253,126.0,126.0,477.77666666666664,908.2300776323656
12391,0.6606823027230001,MEDIUM,5,2285.1800000000003,373,198,49.5,32.5,457.03600000000006,1509.7779845365455
12393,0.3141424959379013,LOW,5,1877.95,154,182,45.25,47.5,375.59000000000003,589.9439002465817
12395,0.2172329712605673,LOW,11,3602.11,21,490,48.6,46.0,327.4645454545455,782.497058107402
12399,0.3364546516735448,LOW,7,1962.3000000000004,28,525,87.33333333333333,94.0,280.3285714285715,660.2249629789972
12402,0.6223488059616844,MEDIUM,6,1256.9000000000003,232,347,69.0,69.0,209.48333333333338,782.2302142132413
12406,0.4761816998244381,MEDIUM,4,4596.31,92,513,170.66666666666666,196.0,1149.0775,2188.6787087200632
12407,0.2747658775745244,LOW,4,1407.36,43,130,42.66666666666666,28.0,351.84,386.69450546328267
12408,0.183361477058248,LOW,7,3586.2700000000004,7,399,66.16666666666667,70.5,512.3242857142858,657.5837643296832
12409,0.3005064486174678,LOW,5,18553.7,91,382,95.25,64.0,3710.7400000000002,5575.506495713912
12410,0.6847304117334172,MEDIUM,3,1013.71,217,193,96.5,96.5,337.90333333333336,694.1180656782824
12412,0.3093311997994057,LOW,5,2260.790000000001,46,401,100.0,68.5,452.1580000000002,699.3328831944987
12413,0.5275049040719264,MEDIUM,3,805.25,145,166,82.5,82.5,268.4166666666667,424.77332400391873
12414,0.5971429350143215,MEDIUM,6,952.41,126,246,49.0,10.0,158.73499999999999,568.7249027369899
12415,0.0956463762144375,LOW,22,121631.72,8,428,19.95238095238096,16.0,5528.714545454545,11633.633250729123
12417,0.0866151301383749,LOW,18,5964.83,15,626,36.41176470588236,37.0,331.37944444444446,516.6445267032827
12418,0.664873547757404,MEDIUM,4,2021.2,21,517,172.0,162.0,505.3,1343.8424147272651
12419,0.7404614736915839,HIGH,2,503.01,294,27,27.0,27.0,251.505,372.4595258816036
12421,0.3404627889483355,LOW,5,920.12,23,390,97.25,93.0,184.024,313.2666213671424
12422,0.0831261320229464,LOW,17,5231.800000000001,4,625,38.5,25.5,307.75294117647064,434.89929751765106
12423,0.1560038613747181,LOW,9,2413.75,9,364,45.0,39.0,268.19444444444446,376.55432039322585
12424,0.4048551828311707,MEDIUM,4,3340.03,71,385,128.33333333333334,125.0,835.0075,1352.2284563115952
12426,0.9114082879873728,HIGH,2,1345.21,103,468,468.0,468.0,672.605,1226.0355430834938
12428,0.1330101610428536,LOW,8,7548.120000000001,29,163,23.0,11.0,943.5150000000001,1003.9766567707842
12429,0.2131247208314702,LOW,7,5298.889999999999,81,373,62.0,65.0,756.9842857142856,1129.324451966669
12431,0.0794811734696854,LOW,23,8819.34,28,574,25.727272727272727,16.5,383.4495652173913,700.9714924281353
12432,0.4950679218653623,MEDIUM,3,4016.66,79,1,0.5,0.5,1338.8866666666665,1988.519519039726
12433,0.1530219102882057,LOW,6,9813.5,0,385,76.6,27.0,1635.5833333333333,1501.6805166133065
12434,0.6002278404941047,MEDIUM,2,583.54,169,120,120.0,120.0,291.77,350.2569540419298
12435,0.4652035069887795,MEDIUM,5,10075.030000000002,176,469,117.0,114.0,2015.0060000000005,4686.939289017164
12437,0.0518551735481392,LOW,32,10543.4,7,638,20.096774193548388,20.0,329.48125,546.7298367874508
12439,0.9167565401116652,HIGH,2,1142.88,591,43,43.0,43.0,571.44,1047.74271456282
12440,0.869614266764301,HIGH,2,859.1999999999999,371,255,255.0,255.0,429.59999999999997,747.1725780038873
12444,0.1711170871760468,LOW,2,2627.2699999999995,30,49,49.0,49.0,1313.6349999999998,449.57078962501237
12449,0.2359707719730474,LOW,5,3493.18,0,346,86.25,47.0,698.636,824.2883812408096
12450,0.4461900150180173,MEDIUM,5,688.2,65,318,79.0,37.0,137.64000000000001,307.06796833539954
12451,0.2731672411770295,LOW,5,8942.18,127,311,77.5,86.0,1788.4360000000001,2442.7106407084098
12454,0.7960669205271923,HIGH,4,13151.44,304,25,7.666666666666667,3.0,3287.86,10469.426341298138
12455,0.1661416812939656,LOW,9,5589.45,36,593,73.625,71.5,621.05,928.6406205085559
12456,0.3662954891605496,LOW,2,2265.4,40,123,123.0,123.0,1132.7,829.8058011443092
12457,0.4591079850367892,MEDIUM,4,1699.9299999999996,142,201,66.66666666666667,4.0,424.9824999999999,780.4514370035888
12458,0.5711317196948942,MEDIUM,3,1272.01,193,203,101.0,101.0,424.00333333333333,726.4852587691023
12461,0.3476562513069811,LOW,2,826.88,3,60,60.0,60.0,413.44,287.4700010807165
12463,0.3814932998157355,LOW,3,985.79,84,66,32.5,32.5,328.59666666666664,376.07228002535385
12464,0.3349849511700468,LOW,6,780.55,15,203,40.2,43.0,130.09166666666667,261.47250363578
12468,0.376404905503427,LOW,5,3670.74,96,495,123.25,105.5,734.1479999999999,1381.6845428276495
12469,0.923424140922892,HIGH,2,3070.54,431,14,14.0,14.0,1535.27,2835.410761669377
12471,0.055256950019134,LOW,68,31210.54,16,625,9.08955223880597,3.0,458.9785294117647,1724.5992488501824
12472,0.0940163832117256,LOW,17,14604.78,47,587,35.9375,37.5,859.104705882353,1373.088593202946
12473,0.266258328610529,LOW,2,1175.75,23,77,77.0,77.0,587.875,313.0532298638295
12474,0.064527399596111,LOW,26,9410.72,7,568,22.2,15.0,361.9507692307692,607.2492899271136
12476,0.089742870211338,LOW,18,10459.16,50,360,20.88235294117647,13.0,581.0644444444445,938.635038399618
12477,0.3329161365434667,LOW,6,15890.66,9,522,104.2,98.0,2648.443333333333,5290.257134325804
12480,0.185691534961349,LOW,6,4328.17,52,364,72.4,68.0,721.3616666666667,803.7045308736618
12481,0.1231364795627867,LOW,13,10690.95,88,427,35.25,21.0,822.3807692307693,1316.4459461817746
12482,0.9736530312927714,HIGH,29,23691.4,485,77,2.642857142857143,0.0,816.944827586207,23067.203425569565
12483,0.0790811609053994,LOW,17,4236.259999999999,7,578,35.6875,26.0,249.19176470588232,335.0083586971072
12484,0.1789914899291287,LOW,10,5485.43,9,580,64.11111111111111,30.0,548.543,981.8452886019404
12490,0.1032590260927262,LOW,17,7958.299999999999,2,645,39.9375,40.0,468.135294117647,821.7663073537428
12492,0.5591683090906628,MEDIUM,2,578.39,14,297,297.0,297.0,289.195,323.4173582949485
12493,0.5501537723268887,MEDIUM,2,433.74,74,31,31.0,31.0,216.87,238.6236972090647
12494,0.3331755691398796,LOW,7,1438.03,70,414,68.33333333333333,53.5,205.43285714285713,479.11646369022105
12496,0.9057533236802908,HIGH,2,45.34,529,0,0.0,0.0,22.67,41.06685569566439
12497,0.5382670541656026,MEDIUM,2,5205.400000000001,309,244,244.0,244.0,2602.7000000000003,2801.895323753628
12500,0.1486892024357627,LOW,14,3471.23,15,566,43.23076923076923,25.0,247.945,516.1344201710925
12502,0.1883155759678291,LOW,5,3723.87,4,214,53.25,45.5,744.774,701.2627238793198
12504,0.6231337172816318,MEDIUM,2,297.00000000000006,326,179,179.0,179.0,148.50000000000003,185.07071403264467
12507,0.6324630019413786,MEDIUM,4,1844.06,43,450,150.0,143.0,461.015,1166.2997233600186
12510,0.181104781588235,LOW,9,5178.02,51,592,73.5,43.5,575.3355555555556,937.7641811595128
12514,0.8524634794384631,HIGH,2,1597.7600000000002,176,374,374.0,374.0,798.8800000000001,1362.0320489075991
12516,0.6690481400717463,MEDIUM,3,1919.76,89,418,209.0,209.0,639.92,1284.4118573841356
12517,0.2337954676542357,LOW,2,1521.45,35,63,63.0,63.0,760.725,355.7081142625369
12520,0.2596603574926884,LOW,4,2045.8500000000004,51,131,43.333333333333336,55.0,511.4625000000001,531.2261423764166
12523,0.0533244052984567,LOW,19,3580.33,16,624,34.111111111111114,28.0,188.43842105263158,190.91896802222348
12524,0.1089725106888801,LOW,15,9762.87,71,507,35.857142857142854,29.5,650.8580000000001,1063.884455429147
12525,0.8533206897909248,HIGH,3,973.73,407,149,74.0,74.0,324.57666666666665,830.9039552701172
12527,0.5907198553163613,MEDIUM,4,671.72,203,234,77.33333333333333,34.0,167.93,396.7983412131062
12528,0.259646780320807,LOW,4,1287.37,23,198,66.0,36.0,321.8425,334.2614755815973
12530,0.1926062694077401,LOW,8,3318.63,32,518,73.57142857142857,78.0,414.82875,639.1889438446085
12533,0.8830250093838593,HIGH,2,1367.89,536,110,110.0,110.0,683.945,1207.8810800860874
12535,0.4520144813922424,MEDIUM,2,716.35,0,94,94.0,94.0,358.175,323.8005737453328
12539,0.366275953742369,LOW,6,10164.09,171,454,90.4,54.0,1694.015,3722.8617586732753
12540,0.0518551735481392,LOW,27,18101.11,1,639,24.07692307692308,21.5,670.4114814814815,938.636200463958
12541,0.4458377485447132,MEDIUM,2,536.14,82,107,107.0,107.0,268.07,239.03145050476252
12542,0.863933927263713,HIGH,2,481.88,393,156,156.0,156.0,240.94,416.312480869838
12547,0.6180215376239463,MEDIUM,3,383.5799999999999,106,302,150.5,150.5,127.85999999999997,237.06070140179327
12549,0.8803925973647997,HIGH,6,1575.6799999999998,484,121,24.0,1.0,262.6133333333333,1387.2170078157674
12553,0.1159229841857303,LOW,9,3336.06,19,313,38.625,40.5,370.67333333333335,386.72603062264744
12557,0.205901338239328,LOW,7,15106.14,67,564,93.5,86.5,2158.02,3110.374441630642
12559,0.6019807476853591,MEDIUM,2,561.7099999999999,219,8,8.0,8.0,280.85499999999996,338.13860578234306
12560,0.2101045467626509,LOW,2,1436.3100000000002,21,30,30.0,30.0,718.1550000000001,301.7752615606631
12562,0.1807130501589084,LOW,5,2790.41,35,308,76.75,49.0,558.082,504.26350229391954
12567,0.136677784973334,LOW,14,10216.18,5,570,43.38461538461539,40.0,729.7271428571429,1396.3248532888754
12569,0.1071798831779633,LOW,15,2167.6800000000003,1,160,10.928571428571429,9.0,144.51200000000003,232.33168916720751
12573,0.5562298239255855,MEDIUM,5,717.4100000000002,136,237,58.75,40.0,143.48200000000003,399.0448379824544
12575,0.8908491592965205,HIGH,2,622.8199999999999,366,69,69.0,69.0,311.40999999999997,554.8386733930589
12576,0.3585751036669132,LOW,7,1763.4400000000005,4,430,71.16666666666667,67.5,251.92000000000007,632.3256808103816
12577,0.5058444205170276,MEDIUM,6,1186.39,268,376,75.2,22.0,197.73166666666668,600.1287620571965
12578,0.5758932700190792,MEDIUM,3,3456.6000000000004,239,113,56.0,56.0,1152.2,1990.6326771479494
12580,0.7213919145609621,HIGH,2,1052.9,155,329,329.0,329.0,526.45,759.553546841237
12582,0.4939266022777598,MEDIUM,4,1980.4,147,338,112.66666666666669,134.0,495.1,978.1722431508756
12583,0.0536473099771832,LOW,21,10542.41,15,627,30.9,31.0,502.0195238095238,565.5719371765559
12584,0.3586795489057722,LOW,4,782.5899999999999,36,153,50.333333333333336,48.0,195.64749999999998,280.69902817816825
12585,0.4880559954079689,MEDIUM,2,2040.1,143,117,117.0,117.0,1020.05,995.6830362317974
12586,0.5849903904141494,MEDIUM,3,1865.73,283,348,174.0,174.0,621.91,1091.4341211073909
12588,0.6090060949879076,MEDIUM,3,743.8800000000001,308,198,99.0,99.0,247.96000000000004,453.02745393960475
12589,0.287201901006218,LOW,7,4180.48,53,544,90.66666666666669,21.0,597.2114285714285,1200.6418031184742
12590,0.513685809957114,MEDIUM,2,9864.26,120,0,0.0,0.0,4932.13,5067.130387727561
12591,0.6756055540874003,MEDIUM,3,1338.95,226,91,45.5,45.5,446.31666666666666,904.6020566453246
12592,0.4257968715295468,MEDIUM,5,2582.66,1,427,106.5,60.5,516.5319999999999,1099.6885482244993
12593,0.4358553890055626,MEDIUM,3,418.0999999999999,17,110,55.0,55.0,139.36666666666665,182.23113814322568
12594,0.1509742519641072,LOW,13,4281.79,30,525,43.333333333333336,39.5,329.36846153846153,646.4400423173945
12597,0.3285023335832002,LOW,2,1428.81,92,85,85.0,85.0,714.405,469.36741924701226
12598,0.2040512777280274,LOW,7,3095.3900000000003,70,487,80.66666666666667,61.0,442.1985714285715,631.6182845665588
12599,0.2930523071285226,LOW,12,2121.18,35,451,40.36363636363637,28.0,176.765,621.6166928348795
12600,0.055398175467472,LOW,19,4304.9400000000005,21,619,33.94444444444444,31.0,226.57578947368424,238.48582149693894
12601,0.4199986850219458,MEDIUM,6,681.26,98,214,42.4,49.0,113.54333333333334,286.1283041580508
12605,0.6592335672614894,MEDIUM,4,1232.95,285,81,27.0,35.0,308.2375,812.8020267550534
12609,0.1937816627014537,LOW,8,3109.74,95,533,75.85714285714286,62.0,388.7175,602.6105877692186
12610,0.2385239935528205,LOW,2,1256.25,15,19,19.0,19.0,628.125,299.64576690073073
12613,0.1657022576317549,LOW,9,4935.51,106,527,65.625,65.5,548.39,817.8251495641026
12615,0.4428865271869027,MEDIUM,5,4084.53,77,462,115.5,108.5,816.9060000000001,1808.9833068907196
12616,0.5352036135039833,MEDIUM,3,1131.1,4,293,146.5,146.5,377.0333333333333,605.3688072343555
12619,0.3706065178917461,LOW,6,2227.6,25,444,88.6,32.0,371.26666666666665,825.5630792556535
12621,0.0791127425232484,LOW,30,20816.57,9,568,19.06896551724138,17.0,693.8856666666667,1646.855942627177
12623,0.4360559333033568,MEDIUM,7,3747.84,185,420,69.66666666666667,51.5,535.4057142857143,1634.2678690716527
12624,0.4221551360598388,MEDIUM,2,641.13,15,71,71.0,71.0,320.565,270.65632238204444
12625,0.4702562469072228,MEDIUM,4,5164.879999999999,120,384,127.66666666666669,107.0,1291.2199999999998,2428.8170845261766
12626,0.1766860473094539,LOW,6,4774.0,21,214,42.2,14.0,795.6666666666666,843.4991898553329
12627,0.1184390935776589,LOW,5,2727.83,5,44,10.5,11.0,545.566,323.0817126339453
12629,0.6390042144617821,MEDIUM,2,1558.2199999999998,294,37,37.0,37.0,779.1099999999999,995.709147058638
12631,0.3919863791655995,LOW,5,2841.07,365,237,59.0,70.5,568.214,1113.6607422560098
12632,0.8835464693887447,HIGH,2,804.88,429,44,44.0,44.0,402.44,711.1488822816128
12633,0.1677161416738164,LOW,6,5462.93,38,395,78.6,91.0,910.4883333333333,916.2215418341419
12634,0.7150240901385291,HIGH,2,490.0,444,12,12.0,12.0,245.0,350.36180416787926
12635,0.5803912733352543,MEDIUM,3,1924.87,63,301,150.5,150.5,641.6233333333333,1117.1777503048309
12637,0.1760318685965456,LOW,11,7939.809999999999,0,451,44.7,48.5,721.8009090909089,1397.6595906015384
12639,0.6899625260783145,MEDIUM,3,1312.37,147,389,194.5,194.5,437.45666666666665,905.4861203493975
12643,0.1915032835858937,LOW,12,8304.82,37,482,43.36363636363637,37.0,692.0683333333333,1590.4002995898015
12644,0.7067595860205955,HIGH,4,1918.49,38,564,188.0,239.0,479.6225,1355.9111981846522
12645,0.3112340030712318,LOW,7,3074.98,18,559,92.5,94.0,439.28285714285715,957.0383347639763
12647,0.0834392091604803,LOW,33,16119.44,35,568,17.25,14.5,488.4678787878788,1344.9933257098126
12648,0.5832772813524213,MEDIUM,4,1112.0,63,546,182.0,203.0,278.0,648.6043368638925
12649,0.689614589408561,MEDIUM,8,2294.65,16,588,83.71428571428571,105.0,286.83125,1582.4241175863547
12651,0.762065969318575,HIGH,4,377.75,243,130,43.333333333333336,44.0,94.4375,287.8704199100917
12652,0.6578876110854273,MEDIUM,2,1017.03,240,102,102.0,102.0,508.515,669.091437102212
12653,0.5123073933874485,MEDIUM,3,4160.83,57,378,188.5,188.5,1386.9433333333334,2131.623971628297
12654,0.5181127725722493,MEDIUM,3,337.75,106,97,48.5,48.5,112.58333333333333,174.9925889362772
12656,0.2667820725372679,LOW,6,5177.33,25,446,88.8,73.0,862.8883333333333,1381.2188276093732
12662,0.0762936798467625,LOW,16,5530.42,16,510,33.46666666666667,35.0,345.65125,421.93609289813224
12663,0.8890470253801304,HIGH,2,239.4,533,43,43.0,43.0,119.7,212.83785787600323
12664,0.4566582384275202,MEDIUM,5,3145.64,52,583,145.25,140.5,629.1279999999999,1436.4824211271446
12665,0.7175501760126699,HIGH,3,313.6,233,344,171.5,171.5,104.53333333333335,225.0237351975733
12668,0.3378313738768602,LOW,9,10500.35,168,417,51.75,46.5,1166.7055555555555,3547.347666687889
12669,0.512505570940644,MEDIUM,3,2744.03,59,105,52.5,52.5,914.6766666666667,1406.3306618282554
12670,0.5286092403769413,MEDIUM,5,2398.71,7,567,141.5,127.0,479.742,1267.980270984573
12672,0.7462556632312428,HIGH,2,437.05,238,265,265.0,265.0,218.525,326.1510376152147
12673,0.6314290386169477,MEDIUM,2,840.4000000000002,235,75,75.0,75.0,420.2000000000001,530.6529640536829
12674,0.2356788314261451,LOW,3,1402.0,0,116,58.0,58.0,467.3333333333333,330.42172165945544
12675,0.8399440753816364,HIGH,2,957.25,462,24,24.0,24.0,478.625,804.0364661590714
12676,0.1379224398979123,LOW,9,2509.7499999999995,32,359,44.625,54.0,278.8611111111111,346.15084353378535
12677,0.8994197743543005,HIGH,2,395.1,464,111,111.0,111.0,197.55,355.36075284738416
12678,0.0575664194810789,LOW,18,24934.98,9,600,34.8235294117647,31.0,1385.2766666666666,1435.4175184323128
12679,0.3746875587933426,LOW,2,906.38,114,77,77.0,77.0,453.19,339.60930953910986
12681,0.1352219283371252,LOW,38,25913.8,60,574,15.08108108108108,13.0,681.9421052631578,3504.1140065425952
12682,0.0518551735481392,LOW,41,18890.32,9,638,15.425,13.5,460.73951219512196,979.5608219798848
12683,0.0797606863165145,LOW,18,9779.32,1,633,36.8235294117647,26.0,543.2955555555556,780.0052749088167
12684,0.3644328983105599,LOW,4,1379.48,79,42,14.0,10.0,344.87,502.7278945614512
12685,0.2849334471164763,LOW,2,1606.42,1,1,1.0,1.0,803.21,457.72278811684987
12687,0.7731668340694171,HIGH,2,2138.9099999999994,389,0,0.0,0.0,1069.4549999999997,1653.7342730594164
12691,0.3633335161965844,LOW,5,690.9000000000001,54,275,68.5,50.5,138.18,251.02712634022018
12693,0.2812144968070496,LOW,7,1703.0200000000002,36,395,65.33333333333333,62.5,243.28857142857146,478.91391235234164
12694,0.4983250626400821,MEDIUM,2,1413.1799999999998,92,237,237.0,237.0,706.5899999999999,704.2230120217112
12695,0.5270157373927135,MEDIUM,5,1158.9199999999998,16,557,139.0,88.5,231.78399999999996,610.7690783791634
12696,0.7815177059216845,HIGH,2,851.91,343,74,74.0,74.0,425.955,665.7827488517422
12697,0.3296971151073959,LOW,2,733.9099999999999,40,37,37.0,37.0,366.9549999999999,241.9680097484689
12700,0.2865667111135003,LOW,2,2149.05,65,58,58.0,58.0,1074.525,615.8461905184679
12701,0.4244487274881717,MEDIUM,5,1985.78,151,390,97.0,50.0,397.156,842.8617940714615
12703,0.6999336159694861,MEDIUM,3,722.9799999999999,542,51,25.0,25.0,240.9933333333333,506.038005673619
12704,0.2126402223117644,LOW,3,1100.92,14,63,31.0,31.0,366.97333333333336,234.0998735474677
12705,0.1660405518026277,LOW,9,9056.33,67,375,46.625,35.5,1006.2588888888889,1503.7180305066913
12708,0.1137476466284816,LOW,15,4436.52,10,619,43.785714285714285,37.0,295.76800000000003,504.6437092201912
12709,0.0518551735481392,LOW,30,27786.03,5,634,21.379310344827587,21.0,926.2009999999999,1440.849407863802
12710,0.3331663558220856,LOW,3,1149.0200000000002,5,104,51.5,51.5,383.0066666666667,382.81480616669285
12711,0.8812932111997709,HIGH,2,1339.0499999999995,520,65,65.0,65.0,669.5249999999997,1180.0956744570528
12712,0.0533244052984567,LOW,19,6239.98,15,623,34.166666666666664,31.0,328.41999999999996,332.7432225742638
12714,0.194782107618859,LOW,11,12774.55,15,628,62.3,66.5,1161.3227272727272,2488.253772882495
12717,0.6989809263286102,MEDIUM,3,1308.91,60,439,219.0,219.0,436.30333333333334,914.9031242807812
12720,0.0759767997902457,LOW,22,5695.389999999999,3,412,19.23809523809524,19.0,258.88136363636363,432.7175057573674
12721,0.2110862597093717,LOW,6,3055.86,92,288,57.2,57.0,509.31,645.0500575954807
12722,0.2168506462378564,LOW,3,929.65,23,35,17.0,17.0,309.8833333333333,201.5952032750232
12724,0.3059828113869258,LOW,5,1566.4700000000005,82,361,90.0,86.5,313.2940000000001,479.3128945532778
12725,0.5250520029337565,MEDIUM,4,2266.76,280,213,70.66666666666667,43.0,566.69,1190.1668781701221
12726,0.2210227107781452,LOW,9,2872.82,93,439,54.375,46.5,319.20222222222225,634.9584639776712
12727,0.1718666938269613,LOW,9,5036.53,4,559,69.5,92.5,559.6144444444444,865.6117594603053
12728,0.5526224381840396,MEDIUM,4,851.15,166,126,41.66666666666666,48.0,212.7875,470.3645882603453
12731,0.1529330352721699,LOW,13,18204.05,53,503,41.5,41.5,1400.3115384615385,2784.0006207463443
12733,0.5537036421000967,MEDIUM,4,2424.87,143,455,151.33333333333334,155.0,606.2175,1342.6593506192614
12734,0.6520930404447233,MEDIUM,3,639.65,261,39,19.5,19.5,213.21666666666667,417.1113133204672
12735,0.7466389965488143,HIGH,2,779.57,224,21,21.0,21.0,389.785,582.0573625395592
12737,0.8452807501121277,HIGH,2,3710.5,407,0,0.0,0.0,1855.25,3136.41422329105
12739,0.4418092864923897,MEDIUM,3,2689.23,8,295,147.0,147.0,896.41,1188.1267875139292
12741,0.8427892933732652,HIGH,2,406.07,438,3,3.0,3.0,203.035,342.2314483600818
12743,0.5614765862191198,MEDIUM,2,540.13,43,0,0.0,0.0,270.065,303.27034851453317
12744,0.2107355323598971,LOW,9,18249.74,53,446,55.5,34.0,2027.748888888889,3845.8686743297085
12745,0.8344016333442923,HIGH,3,925.41,395,195,97.5,97.5,308.46999999999997,772.1636155131415
12747,0.0536473099771832,LOW,23,7471.87,18,622,28.0,29.5,324.86391304347825,400.8457259992158
12748,0.055256950019134,LOW,259,34359.66,0,643,2.108527131782946,1.0,132.66277992277995,1898.610015294438
12749,0.1761225641826174,LOW,7,5561.71,39,390,64.66666666666667,53.5,794.53,979.5426264401051
12753,0.2087728925829446,LOW,5,16620.910000000003,44,226,56.0,45.5,3324.1820000000007,3469.9954580607905
12754,0.6248995328727939,MEDIUM,3,3010.74,144,72,36.0,36.0,1003.5799999999999,1881.4100196014354
12755,0.47999262362308,MEDIUM,11,5236.259999999999,189,413,40.9,19.5,476.0236363636363,2513.3661753725883
12757,0.3535645968971457,LOW,7,5281.08,51,68,11.0,5.0,754.4399999999999,1867.202921381578
12758,0.4354501904315769,MEDIUM,7,9903.24,25,621,103.16666666666669,100.5,1414.7485714285715,4312.367743889609
12759,0.2667861116546408,LOW,7,4571.82,80,563,93.5,93.0,653.1171428571428,1219.6980809849197
12761,0.7430131674888343,HIGH,2,782.9499999999999,366,7,7.0,7.0,391.47499999999997,581.7421594853828
12763,0.5442598581607427,MEDIUM,2,494.08,47,230,230.0,230.0,247.04,268.90791072005976
12765,0.7841642993542897,HIGH,6,1404.58,381,169,33.4,31.0,234.09666666666666,1101.4214915870482
12766,0.2046612040204893,LOW,7,6881.55,58,258,42.833333333333336,37.0,983.0785714285714,1408.386308527198
12770,0.5073960664565226,MEDIUM,2,3246.45,119,245,245.0,245.0,1623.225,1647.2359599477777
12775,0.2969477341516432,LOW,6,1464.76,98,219,43.4,48.0,244.12666666666667,434.9571630759609
12778,0.3331755691398796,LOW,7,1445.5100000000002,92,419,69.5,65.0,206.5014285714286,481.6086169473875
12779,0.1366865348332511,LOW,13,5492.16,98,547,45.083333333333336,41.0,422.4738461538461,750.7043191497884
12782,0.1727381322604837,LOW,10,4365.990000000001,58,369,40.44444444444444,29.0,436.59900000000005,754.1729580679494
12785,0.6715868483684869,MEDIUM,3,1100.4,273,366,183.0,183.0,366.8,739.0141679446831
12787,0.455202368576667,MEDIUM,3,743.18,0,321,160.5,160.5,247.72666666666666,338.2972962788074
12788,0.8490182804594444,HIGH,4,444.9,372,65,21.33333333333333,16.0,111.225,377.7282329764068
12789,0.8753602373210003,HIGH,2,181.5,421,181,181.0,181.0,90.75,158.87788307376155
12790,0.5838827585603573,MEDIUM,2,591.85,101,218,218.0,218.0,295.925,345.5710106539475
12791,0.6357794133801177,MEDIUM,6,863.5100000000001,282,250,49.8,19.0,143.91833333333335,549.0018812478655
12792,0.662739031926944,MEDIUM,2,827.0099999999998,165,278,278.0,278.0,413.5049999999999,548.0918067939018
12793,0.6290123260175051,MEDIUM,3,885.5299999999999,243,66,33.0,33.0,295.1766666666666,557.0092850582812
12797,0.6612618242560209,MEDIUM,2,552.08,274,58,58.0,58.0,276.04,365.069427935264
12798,0.5038467922147088,MEDIUM,2,3140.93,79,250,250.0,250.0,1570.465,1582.5475050709454
12800,0.8477296729062062,HIGH,3,584.25,379,206,103.0,103.0,194.75,495.28606139545093
12802,0.2391142769935256,LOW,7,2416.42,95,377,62.5,19.5,345.20285714285717,577.8005212126951
12804,0.90857494760197,HIGH,2,325.37,374,34,34.0,34.0,162.685,295.62303070125296
12805,0.6110966717103015,MEDIUM,4,1434.9499999999998,290,293,97.33333333333331,99.0,358.73749999999995,876.893169070697
12806,0.7910843837750758,HIGH,4,2878.96,344,153,50.66666666666666,63.0,719.74,2277.5002975130924
12808,0.4491884938340298,MEDIUM,4,574.3999999999999,93,278,92.33333333333331,66.0,143.59999999999997,258.01387085826667
12809,0.689671386003009,MEDIUM,3,1755.94,86,469,234.0,234.0,585.3133333333334,1211.0215735381237
12810,0.8770337537076031,HIGH,2,534.99,443,142,142.0,142.0,267.495,469.20428789603056
12811,0.5716121118059555,MEDIUM,5,1033.9,169,166,41.0,35.0,206.78000000000003,590.9897623961774
12813,0.8224027882797721,HIGH,3,1687.8,410,191,95.0,95.0,562.6,1388.0514260585992
12815,0.3908475027720669,LOW,2,1063.46,56,50,50.0,50.0,531.73,415.6506852979823
12816,0.3854001977637919,LOW,2,572.2,4,80,80.0,80.0,286.1,220.52599316044174
12817,0.5752157274887327,MEDIUM,3,690.98,190,153,76.0,76.0,230.32666666666668,397.46256338016457
12820,0.4202110419374919,MEDIUM,8,1917.64,235,407,57.71428571428572,58.0,239.705,805.813502461012
12821,0.8134628092163713,HIGH,2,220.8,123,397,397.0,397.0,110.4,179.6125882749748
12823,0.099893057570218,LOW,17,5966.0,36,552,34.125,26.5,350.94117647058823,595.9619814639207
12825,0.867634029281414,HIGH,2,518.63,430,120,120.0,120.0,259.315,449.98103660621973
12826,0.2224825926912849,LOW,9,2144.65,87,542,67.375,39.5,238.29444444444445,477.1472924153642
12828,0.2663552908425378,LOW,3,415.51,8,31,15.0,15.0,138.50333333333333,110.67328689798288
12829,0.6984707560883262,MEDIUM,3,385.3,245,213,106.0,106.0,128.43333333333334,269.1207823208321
12830,0.1524686050235271,LOW,5,6414.3200000000015,0,80,19.5,18.0,1282.8640000000003,977.9824225745106
12831,0.5806276889711222,MEDIUM,3,451.11,171,200,100.0,100.0,150.37,261.92695677176295
12835,0.8883086604304912,HIGH,41,5996.83,336,308,7.225,6.5,146.2641463414634,5327.036024129382
12836,0.1019770454914805,LOW,14,6061.9,46,601,45.76923076923077,42.0,432.99285714285713,618.1746520648056
12837,0.7706824407654999,HIGH,2,662.6600000000001,82,396,396.0,396.0,331.33000000000004,510.7004261976662
12838,0.4287762318443466,MEDIUM,9,2694.75,282,219,26.75,19.0,299.4166666666667,1155.444750762553
12839,0.0536473099771832,LOW,21,7175.09,1,640,31.6,24.0,341.6709523809524,384.92427734418743
12840,0.2434648920350779,LOW,7,4041.97,52,530,87.83333333333333,75.0,577.4242857142857,984.0777896590238
12841,0.0943096365094075,LOW,32,5796.53,15,412,12.806451612903226,11.0,181.1415625,546.6686373158759
12842,0.7180311087319927,HIGH,3,1109.73,217,429,214.5,214.5,369.91,796.8206622931543
12843,0.1151662493729706,LOW,29,6573.41,68,567,19.785714285714285,11.0,226.66931034482758,757.0349752907787
12844,0.5548707263573199,MEDIUM,3,497.52,39,463,231.0,231.0,165.84,276.0592837772938
12845,0.8000367527048697,HIGH,4,354.09,176,22,7.333333333333333,2.0,88.5225,283.2850137652673
12849,0.3454397093522741,LOW,5,2701.03,177,322,80.25,74.0,540.206,933.0430181517729
12851,0.8305657548887704,HIGH,2,280.76000000000005,5,380,380.0,380.0,140.38000000000002,233.1896413425712
12853,0.1840169584082195,LOW,11,3907.5,43,537,53.4,61.0,355.22727272727275,719.0462649801177
12854,0.3172725367418335,LOW,6,2465.09,150,487,97.0,77.0,410.84833333333336,782.1053575969263
12855,0.7810856942185075,HIGH,4,612.8400000000001,281,29,9.333333333333334,7.0,153.21000000000004,478.68055684487024
12857,0.3482568167658224,LOW,6,3688.0,119,472,94.0,94.0,614.6666666666666,1284.371140232353
12862,0.7937380162263471,HIGH,2,984.62,334,69,69.0,69.0,492.31,781.5303255367859
12863,0.5145125789644097,MEDIUM,5,2271.35,288,210,52.0,27.5,454.27,1168.638146230812
12864,0.8027643137219032,HIGH,2,299.57,47,369,369.0,369.0,149.785,240.4841054616705
12865,0.4549074186519731,MEDIUM,3,2736.62,32,352,176.0,176.0,912.2066666666666,1244.9087400313626
12866,0.6118795407178054,MEDIUM,3,1227.35,192,219,109.0,109.0,409.1166666666666,750.9903542999983
12867,0.1344133771711777,LOW,12,6835.88,5,626,56.36363636363637,54.0,569.6566666666666,918.8337167369103
12868,0.2576647752130377,LOW,8,2043.76,94,207,29.142857142857142,32.0,255.47,526.6049609893979
12870,0.5727116348586132,MEDIUM,3,1676.9500000000005,284,248,124.0,124.0,558.9833333333335,960.4087760761518
12871,0.5387915725565913,MEDIUM,2,495.38,116,232,232.0,232.0,247.69,266.9065692130842
12872,0.4434007468992629,MEDIUM,12,3283.96,235,409,36.72727272727273,38.0,273.66333333333336,1456.1103167873034
12873,0.5759924072688778,MEDIUM,3,2027.3,191,399,199.5,199.5,675.7666666666667,1167.7094072561958
12874,0.6620478887884236,MEDIUM,2,948.42,294,169,169.0,169.0,474.21,627.8994586847167
12875,0.5385921477227703,MEDIUM,5,1356.99,52,554,138.25,119.5,271.398,730.864158538322
12876,0.5239066244790462,MEDIUM,3,2590.2,105,394,196.5,196.5,863.4,1357.0229387256254
12877,0.0916855097383931,LOW,17,2465.6000000000004,33,566,34.75,31.5,145.03529411764708,226.05979281098206
12878,0.6317465066056929,MEDIUM,2,854.99,145,29,29.0,29.0,427.495,540.1369456828013
12880,0.6750501704397489,MEDIUM,2,640.13,290,192,192.0,192.0,320.065,432.11986560359645
12888,0.6431302270179962,MEDIUM,2,354.12,123,41,41.0,41.0,177.06,227.7452759916128
12889,0.7543250964235562,HIGH,4,385.46,290,121,40.0,37.0,96.365,290.76215166742395
12891,0.431752511400935,MEDIUM,11,840.5,94,473,46.9,34.0,76.4090909090909,362.88798583248587
12897,0.4019602012238754,MEDIUM,4,514.25,113,339,112.66666666666669,97.0,128.5625,206.70803347937792
12898,0.8941716802802532,HIGH,2,296.21000000000004,372,195,195.0,195.0,148.10500000000002,264.8625934158138
12901,0.0710006685354396,LOW,19,11639.469999999998,17,162,8.5,7.5,612.6036842105262,826.410151398193
12905,0.8866849849106887,HIGH,2,1018.42,485,105,105.0,105.0,509.21,903.0177223327436
12907,0.6529714091165463,MEDIUM,2,508.91,304,98,98.0,98.0,254.455,332.30367981350156
12908,0.5100733330722755,MEDIUM,5,1776.0,85,453,113.0,124.0,355.2,905.8902395363614
12909,0.2785365683922414,LOW,6,2452.8900000000003,110,451,90.0,89.0,408.81500000000005,683.2195632436451
12910,0.1588914032202949,LOW,9,4208.38,43,487,60.5,55.5,467.59777777777776,668.6754034842247
12913,0.47999262362308,MEDIUM,11,4666.0,191,455,45.2,26.0,424.1818181818182,2239.645581825291
12915,0.6124229368358547,MEDIUM,4,975.1,57,440,146.33333333333334,116.0,243.775,597.173605708642
12916,0.2436332014249955,LOW,7,4479.73,47,545,90.33333333333331,69.5,639.9614285714285,1091.410961419595
12917,0.3750331521100504,LOW,6,4359.2,37,602,120.0,98.0,726.5333333333333,1634.8445166781316
12919,0.289938790405973,LOW,3,441.65,25,53,26.0,26.0,147.21666666666667,128.05146678279797
12920,0.8923318600267943,HIGH,3,323.86,480,153,76.5,76.5,107.95333333333333,288.9905961882776
12921,0.055256950019134,LOW,61,28729.620000000003,7,639,10.35,5.5,470.97737704918035,1587.5111764087126
12923,0.6526605918026652,MEDIUM,2,597.6,299,184,184.0,184.0,298.8,390.02996966127273
12924,0.2232653937222064,LOW,11,2190.97,107,532,52.8,58.0,199.1790909090909,489.16777968354256
12926,0.6560169059684995,MEDIUM,4,1523.97,320,314,104.33333333333331,78.0,380.9925,999.7500841888142
12928,0.1548281103895216,LOW,10,3378.33,56,401,44.0,34.0,337.83299999999997,523.0604501722325
12931,0.055256950019134,LOW,53,82822.08,10,637,11.826923076923077,6.0,1562.6807547169813,4576.495535040718
12932,0.8803925973647997,HIGH,8,1698.56,448,128,17.857142857142858,10.0,212.32,1495.399650179954
12933,0.32411939932493,LOW,7,1386.59,80,557,92.5,73.0,198.0842857142857,449.42071790995465
12935,0.1976179012598023,LOW,12,3618.5,18,497,44.81818181818182,48.0,301.5416666666667,715.0803757085946
12937,0.2970023136704174,LOW,7,2021.57,106,538,89.33333333333333,67.5,288.79571428571427,600.4109672467057
12939,0.1239402315845469,LOW,16,21673.08,47,558,36.8,36.0,1354.5675,2686.166554350412
12942,0.4215264512845584,MEDIUM,3,675.6,40,234,117.0,117.0,225.20000000000002,284.7832704878477
12943,0.8884335923427039,HIGH,2,496.5,467,47,47.0,47.0,248.25,441.1072785981525
12945,0.8435164561401163,HIGH,2,900.1100000000001,197,367,367.0,367.0,450.05500000000006,759.2575973362801
12947,0.2647615890526972,LOW,6,1603.99,52,229,45.6,38.0,267.33166666666665,424.6749412246358
12948,0.2331742410958597,LOW,6,1676.44,14,632,125.8,46.0,279.4066666666667,390.90262474274306
12949,0.0658107094152326,LOW,21,14808.9,23,621,30.85,19.0,705.1857142857143,974.5842146592379
12951,0.1414767672381696,LOW,14,2901.43,82,524,39.92307692307692,37.0,207.24499999999998,410.4849367678424
12955,0.154215072934513,LOW,6,1843.36,1,175,34.8,35.0,307.22666666666663,284.27389684456386
12956,0.7267468132038764,HIGH,4,521.8900000000001,215,417,138.66666666666666,38.0,130.47250000000003,379.2818943429711
12957,0.1405568466799113,LOW,9,6404.719999999999,95,542,67.375,57.0,711.6355555555555,900.2272470677615
12958,0.6968343505652478,MEDIUM,2,467.34,309,182,182.0,182.0,233.67,325.65856539316286
12960,0.6129764220654973,MEDIUM,4,1322.0700000000004,322,247,81.66666666666667,83.0,330.5175000000001,810.3977383201322
12963,0.5809442142346993,MEDIUM,5,1744.96,274,153,37.75,36.0,348.992,1013.724416070981
12967,0.7997025375780071,HIGH,3,2938.52,267,25,12.0,12.0,979.5066666666667,2349.9419007237257
12970,0.6083737365760037,MEDIUM,8,1071.93,231,413,58.85714285714285,0.0,133.99125,652.1340594479157
12971,0.055256950019134,LOW,94,12680.01,1,631,6.376344086021505,4.0,134.89372340425533,700.6586788121193
12972,0.6622790321661108,MEDIUM,4,1161.2,322,247,81.66666666666667,64.0,290.3,769.038412151288
12974,0.7907892496645046,HIGH,2,408.94999999999993,106,367,367.0,367.0,204.47499999999997,323.3932636502991
12975,0.6758930344831061,MEDIUM,6,2100.09,345,296,59.0,12.0,350.01500000000004,1419.4362027876264
12976,0.299074205387441,LOW,8,3156.38,120,453,64.42857142857143,42.0,394.5475,943.991840400811
12977,0.5474519404257743,MEDIUM,4,513.88,65,355,118.0,9.0,128.47,281.3246031459969
12978,0.5586906102724991,MEDIUM,5,2502.82,294,344,85.75,35.0,500.564,1398.3020332022163
12980,0.2629637974646733,LOW,21,16245.779999999995,66,579,28.5,27.0,773.6085714285712,4272.052001575639
12982,0.3383087762379327,LOW,8,2744.81,151,363,51.42857142857143,27.0,343.10125,928.59331210564
12986,0.633293390251457,MEDIUM,10,2729.84,337,259,28.444444444444443,20.0,272.98400000000004,1728.7896284440376
12987,0.5519773615484291,MEDIUM,4,1057.81,106,491,163.0,189.0,264.4525,583.8871728195438
12989,0.0894512527899224,LOW,26,11096.78,66,571,22.44,21.0,426.7992307692308,992.6208729341552
12990,0.5043357662363305,MEDIUM,6,809.9000000000001,94,434,86.2,107.0,134.98333333333335,408.4615370748041
12991,0.5228114493923746,MEDIUM,2,564.6200000000002,21,277,277.0,277.0,282.3100000000001,295.18980055592266
12993,0.3404849349877322,LOW,7,1217.27,29,539,89.5,88.5,173.8957142857143,414.46209681251673
12994,0.4524019837918015,MEDIUM,2,645.47,29,148,148.0,148.0,322.735,292.01190847809414
12997,0.4213525079678277,MEDIUM,6,1492.49,145,376,74.6,78.0,248.74833333333333,628.8644046169031
12998,0.8533206897909248,HIGH,3,920.08,401,160,80.0,80.0,306.6933333333333,785.1233002628342
12999,0.4069863559467724,MEDIUM,3,455.88,105,49,24.0,24.0,151.96,185.5369399490146
13000,0.8345267632868243,HIGH,4,1032.5,15,618,205.66666666666663,153.0,258.125,861.6488830936461
13001,0.1090137126942293,LOW,31,22839.25,67,577,18.7,16.0,736.75,2489.7914376516765
13002,0.7604334244678131,HIGH,3,414.13000000000005,227,116,58.0,58.0,138.04333333333335,314.9182940748555
13003,0.6453880272102978,MEDIUM,3,149.05,14,109,54.0,54.0,49.68333333333334,96.1950854556949
13004,0.0609501863842322,LOW,30,9780.03,23,610,20.517241379310345,19.0,326.00100000000003,596.0946513433825
13005,0.4011599854253928,MEDIUM,4,999.68,82,283,94.0,72.0,249.92,401.0316142300566
13008,0.6791588707589057,MEDIUM,3,612.13,232,399,199.5,199.5,204.04333333333332,415.73351955764895
13010,0.7663719343575826,HIGH,2,330.12,283,274,274.0,274.0,165.06,252.99470297012516
13012,0.21429869406604,LOW,7,2323.3,57,443,73.33333333333333,76.5,331.90000000000003,497.88015592363075
13013,0.0536473099771832,LOW,25,9972.58,1,633,25.875,16.0,398.90319999999997,535.0020905322576
13014,0.1657403004610524,LOW,6,3937.28,22,318,63.4,51.0,656.2133333333334,652.5659701992925
13015,0.3141581768811822,LOW,10,5003.18,106,405,44.55555555555556,10.0,500.31800000000004,1571.7899074083932
13018,0.0803377484007958,LOW,25,7561.17,1,555,22.75,11.5,302.4468,607.4473730756451
13019,0.6692746633683685,MEDIUM,6,1229.95,288,353,70.2,45.0,204.99166666666667,823.1743722099249
13020,0.8791213159895549,HIGH,2,618.96,471,97,97.0,97.0,309.48,544.140929744895
13021,0.1642385483543343,LOW,12,3423.33,75,567,51.0,48.0,285.2775,562.2427497378433
13023,0.8548411384352558,HIGH,2,1095.53,38,398,398.0,398.0,547.765,936.5041123899757
13024,0.867634029281414,HIGH,2,555.8699999999999,379,111,111.0,111.0,277.93499999999995,482.2917278566595
13026,0.259606547235705,LOW,7,1361.9199999999998,1,633,105.0,93.0,194.55999999999997,353.5633488112513
13027,0.0970957411759802,LOW,19,17239.2,22,574,31.38888888888889,27.0,907.3263157894737,1673.852901280958
13029,0.4292566588478962,MEDIUM,4,1452.9999999999998,47,384,127.66666666666669,148.0,363.24999999999994,623.7099253059931
13031,0.6625024316248839,MEDIUM,5,3292.84,316,147,36.25,41.5,658.568,2181.5145069516825
13032,0.6035810373456556,MEDIUM,7,1805.78,301,67,11.0,0.5,257.9685714285714,1089.934565618038
13033,0.6377497436092532,MEDIUM,2,220.55,266,72,72.0,72.0,110.275,140.6557059530208
13034,0.7253993650230355,HIGH,2,279.91,278,31,31.0,31.0,139.955,203.0465362635979
13035,0.6147514523352328,MEDIUM,2,775.3199999999999,169,170,170.0,170.0,387.65999999999997,476.6290960245526
13037,0.1644633261397732,LOW,12,3914.95,47,597,53.81818181818182,51.0,326.24583333333334,643.8656986709051
13038,0.4458377485447132,MEDIUM,2,591.7600000000001,92,106,106.0,106.0,295.88000000000005,263.8289460788195
13039,0.8898207811204941,HIGH,4,1010.73,493,138,45.333333333333336,21.0,252.6825,899.3685581019171
13041,0.7343169734488912,HIGH,4,799.1300000000001,359,139,46.0,46.0,199.78250000000003,586.8147229922125
13042,0.8823968164390575,HIGH,3,1488.59,507,133,66.5,66.5,496.19666666666666,1313.5270769830165
13044,0.47999262362308,MEDIUM,11,4848.05,200,409,40.3,23.0,440.7318181818182,2327.028238955873
13045,0.6068496944745557,MEDIUM,3,808.92,8,387,193.0,193.0,269.64,490.8928548543576
13046,0.6163416312249527,MEDIUM,2,517.66,175,190,190.0,190.0,258.83,319.05540881990896
13047,0.0920632940587371,LOW,22,7873.0,36,596,28.047619047619047,26.0,357.8636363636364,724.8143141244373
13048,0.1926062694077401,LOW,8,3588.2699999999995,22,567,80.71428571428571,88.0,448.53374999999994,691.1232983277114
13049,0.6978397848950265,MEDIUM,3,905.34,227,83,41.0,41.0,301.78000000000003,631.7822708568633
13050,0.0532800604593039,LOW,31,10659.4,15,617,20.03333333333333,18.5,343.85161290322577,567.933476459904
13051,0.9217314830670008,HIGH,2,155.8,487,40,40.0,40.0,77.9,143.60576506183872
13052,0.3127591894108337,LOW,7,3119.33,121,442,73.16666666666667,38.5,445.61857142857144,975.5991223048958
13055,0.5568981606534766,MEDIUM,2,1451.56,122,216,216.0,216.0,725.78,808.3710940781605
13057,0.8813604714776255,HIGH,3,709.5899999999999,439,101,50.5,50.5,236.52999999999997,625.4045769558082
13059,0.4041217326858603,MEDIUM,10,2291.7700000000004,158,368,40.55555555555556,21.0,229.17700000000005,926.1540633174743
13064,0.6124229368358547,MEDIUM,4,1220.5000000000002,61,439,145.66666666666666,174.0,305.12500000000006,747.4621944081608
13065,0.6618645650545362,MEDIUM,5,1055.0500000000002,282,174,43.25,38.5,211.01000000000005,698.3002093607885
13067,0.7216775108674067,HIGH,2,393.05,318,36,36.0,36.0,196.525,283.6553456464342
13069,0.0862460686980663,LOW,34,8723.03,8,443,13.030303030303031,11.0,256.55970588235294,752.3270446352933
13070,0.5503145774036662,MEDIUM,4,751.6999999999999,101,539,179.66666666666666,142.0,187.92499999999998,413.67146783433583
13073,0.796005516013551,HIGH,2,418.08,320,26,26.0,26.0,209.04,332.7939861349454
13074,0.8162124786142608,HIGH,4,1378.74,420,212,70.33333333333333,72.0,344.685,1125.344792764626
13077,0.3662427134311226,LOW,10,2588.82,199,438,48.22222222222222,48.0,258.882,948.1364613847588
13078,0.059647113848081,LOW,46,23307.270000000004,15,632,13.622222222222222,12.0,506.67978260869575,1390.2113871779632
13079,0.4022669694129018,MEDIUM,3,258.58,0,326,163.0,163.0,86.19333333333333,104.01819295078813
13080,0.5553575413046425,MEDIUM,4,280.73,88,430,143.0,160.0,70.1825,155.90552257045232
13081,0.1057755949299458,LOW,25,47371.11,52,587,24.041666666666668,21.5,1894.8444,5010.7073427419045
13082,0.0920632940587371,LOW,21,7335.75,35,591,29.15,19.0,349.32142857142856,675.3533093913807
13085,0.6179536494660426,MEDIUM,8,2433.28,66,581,82.71428571428571,2.0,304.16,1503.6542561727322
13089,0.055256950019134,LOW,177,97915.57,8,637,3.278409090909091,1.0,553.1953107344633,5410.515757585017
13090,0.0927300248994996,LOW,19,9092.94,45,358,19.38888888888889,11.5,478.5757894736842,843.1885526096559
13091,0.8600949071577478,HIGH,2,1976.0,638,0,0.0,0.0,988.0,1699.5475365437096
13092,0.3437492037121479,LOW,11,2102.2000000000007,120,456,45.0,46.0,191.10909090909098,722.6295760436776
13093,0.6963370350845645,MEDIUM,55,54144.25000000001,184,460,8.092592592592593,9.0,984.4409090909093,37702.646511877436
13094,0.1689463902796879,LOW,11,1827.84,38,259,25.5,23.5,166.16727272727272,308.80697000882475
13097,0.0609501863842322,LOW,26,11957.39,31,615,24.28,26.0,459.89961538461534,728.8051491689542
13098,0.0676770608171062,LOW,18,15169.46,3,223,12.647058823529411,11.0,842.7477777777777,1026.6244669826597
13101,0.6137394137036468,MEDIUM,4,695.4,143,446,148.33333333333334,120.0,173.85,426.794388289516
13102,0.0895534109674499,LOW,32,9917.71,42,448,13.96774193548387,15.0,309.9284375,888.1647594859875
13103,0.7713406251568976,HIGH,2,465.7,346,139,139.0,139.0,232.85,359.2133291355672
13104,0.4661438182765215,MEDIUM,6,987.06,42,520,103.6,118.0,164.51,460.1119172680233
13106,0.5297528164944028,MEDIUM,2,603.46,42,280,280.0,280.0,301.73,319.6846346417123
13107,0.1847017371120782,LOW,7,4656.67,84,497,82.5,74.0,665.2385714285714,860.0950381577013
13108,0.6546389863231615,MEDIUM,2,748.4599999999999,281,62,62.0,62.0,374.22999999999996,489.97109570343343
13109,0.5781404260884135,MEDIUM,2,717.3400000000001,66,394,394.0,394.0,358.6700000000001,414.72325325026264
13110,0.1135063321944535,LOW,10,2511.0400000000004,46,601,66.55555555555556,48.0,251.10400000000004,285.01894039356057
13113,0.1166819273860308,LOW,33,16771.170000000002,22,507,15.3125,10.0,508.21727272727276,1956.8924401187783
13115,0.25479258126055,LOW,7,4078.47,93,415,68.66666666666667,35.0,582.6385714285714,1039.1638988937152
13117,0.1959529565394654,LOW,17,2112.52,30,501,30.9375,29.0,124.26588235294118,413.9545397487515
13118,0.2913948168652988,LOW,7,2017.3,117,230,37.833333333333336,31.0,288.18571428571425,587.8307640623672
13122,0.5478128913231399,MEDIUM,2,922.39,3,146,146.0,146.0,461.195,505.297132827551
13123,0.8841710147833334,HIGH,2,506.75,381,56,56.0,56.0,253.375,448.05366174145416
13124,0.4203656369589373,MEDIUM,3,3401.8,161,132,65.5,65.5,1133.9333333333334,1429.999823806913
13126,0.2988399746864399,LOW,10,2752.59,162,394,43.44444444444444,43.0,275.259,822.5839259221477
13129,0.5793139690671142,MEDIUM,2,233.25,361,77,77.0,77.0,116.625,135.12498328490437
13131,0.3858414838808021,LOW,5,2565.37,96,481,119.75,124.5,513.074,989.8261675032932
13133,0.7167640105348964,HIGH,3,200.45,182,185,92.5,92.5,66.81666666666666,143.67534591171997
13134,0.3133044478679501,LOW,5,1567.39,92,232,57.75,32.0,313.478,491.0702585437463
13135,0.6270245810786131,MEDIUM,2,3371.45,105,294,294.0,294.0,1685.725,2113.98202387749
13136,0.1609355916739734,LOW,11,4893.63,51,588,58.5,57.0,444.87545454545455,787.5592394835064
13137,0.0819310813096868,LOW,13,5871.969999999999,1,409,33.583333333333336,17.0,451.68999999999994,481.0968515180416
13138,0.3833756616994728,LOW,4,801.07,42,263,87.33333333333333,107.0,200.2675,307.1107413175967
13139,0.3375354971320193,LOW,4,4848.98,18,328,109.0,105.0,1212.245,1636.7028748832188
13140,0.4171184245254486,MEDIUM,5,1054.92,17,382,95.0,61.5,210.984,440.0265684003863
13141,0.1669415058877705,LOW,16,6668.360000000001,123,516,33.86666666666667,26.0,416.77250000000004,1113.2260602017734
13144,0.8205746110611258,HIGH,2,135.35,241,98,98.0,98.0,67.675,111.06477360712337
13145,0.4079857327214073,MEDIUM,6,1009.72,0,507,101.4,83.0,168.28666666666666,411.9513540434594
13148,0.074600786166296,LOW,24,7580.57,42,598,25.65217391304348,24.0,315.8570833333333,565.5164815886384
13149,0.3033821921351587,LOW,3,1132.62,15,182,91.0,91.0,377.53999999999996,343.6167384561234
13150,0.8644007866752732,HIGH,3,449.97,393,146,73.0,73.0,149.99,388.9544219802727
13151,0.5365047316201039,MEDIUM,3,2465.2100000000005,204,332,165.5,165.5,821.7366666666668,1322.5968294371967
13152,0.6061355840060585,MEDIUM,7,2146.38,326,277,45.833333333333336,39.0,306.6257142857143,1300.9972947989238
13154,0.5991441280324599,MEDIUM,3,1624.84,308,336,168.0,168.0,541.6133333333333,973.5133449922621
13155,0.6712490609806511,MEDIUM,4,967.92,235,165,54.333333333333336,44.0,241.98,649.7153911043918
13156,0.6482798605041944,MEDIUM,3,1586.54,294,290,145.0,145.0,528.8466666666667,1028.5219298843247
13157,0.1981922709537429,LOW,8,4819.34,50,500,71.14285714285714,66.0,602.4175,955.1559390982113
13158,0.2866404021405944,LOW,5,1508.18,3,293,73.0,52.0,301.636,432.30532170040163
13159,0.2561195796852225,LOW,2,843.09,15,9,9.0,9.0,421.545,215.93185643681423
13161,0.7216472878004403,HIGH,2,472.13,222,187,187.0,187.0,236.065,340.7113339892219
13162,0.1143922300545623,LOW,16,9275.490000000002,31,613,40.53333333333333,37.0,579.7181250000001,1061.0439859487922
13164,0.9011701211534476,HIGH,2,372.2,478,98,98.0,98.0,186.1,335.4155190933132
13165,0.6546389863231615,MEDIUM,2,784.32,260,61,61.0,61.0,392.16,513.4464497529821
13166,0.584027683946024,MEDIUM,2,875.9300000000001,192,131,131.0,131.0,437.96500000000003,511.5673691988408
13167,0.393091338461306,LOW,3,751.3699999999999,39,259,129.0,129.0,250.45666666666662,295.3570389796715
13168,0.3731499016991151,LOW,4,1494.1999999999998,108,342,113.66666666666669,92.0,373.54999999999995,557.5605831188177
13169,0.5327648343634115,MEDIUM,2,632.4,161,309,309.0,309.0,316.2,336.9204812514214
13173,0.4692074172730793,MEDIUM,10,2212.11,276,362,39.888888888888886,28.0,221.211,1037.9384198239516
13174,0.4329647197081113,MEDIUM,11,7286.6,225,418,41.5,36.5,662.4181818181819,3154.840726625124
13175,0.8793851751532027,HIGH,2,831.45,491,153,153.0,153.0,415.725,731.1648038811304
13178,0.0899214052125246,LOW,18,12725.45,42,589,34.1764705882353,35.0,706.9694444444444,1144.2903459617212
13183,0.208133387371415,LOW,12,5473.379999999999,10,534,47.90909090909091,50.0,456.11499999999995,1139.1931197709553
13184,0.1416841080041161,LOW,9,1472.1,39,159,19.375,17.0,163.56666666666666,208.5731753928593
13186,0.1960834941970504,LOW,2,1301.9400000000005,2,35,35.0,35.0,650.9700000000003,255.2889444349079
13187,0.810498496253052,HIGH,4,341.36,246,287,95.33333333333331,0.0,85.34,276.67176668094186
13190,0.8820467545309773,HIGH,3,570.66,453,188,93.5,93.5,190.22,503.34880094064744
13192,0.4393756425905137,MEDIUM,6,2558.58,4,591,117.8,95.0,426.43,1124.1777316192365
13194,0.5678681853502238,MEDIUM,2,472.7799999999999,44,285,285.0,285.0,236.38999999999996,268.4767206698787
13196,0.511625307870142,MEDIUM,4,1783.19,171,355,118.33333333333331,130.0,445.7975,912.3251327409586
13198,0.1829125703864495,LOW,7,4582.17,29,313,52.0,45.0,654.5957142857143,838.1364926476773
13199,0.055256950019134,LOW,51,10887.25,1,642,12.44,10.5,213.47549019607843,601.5962290958166
13201,0.8921902719215354,HIGH,4,1233.0599999999995,411,140,46.333333333333336,44.0,308.2649999999999,1100.124136695568
13202,0.6155806597976244,MEDIUM,7,1580.3000000000002,303,336,55.66666666666666,46.0,225.7571428571429,972.802116678186
13203,0.1978595748805935,LOW,8,2088.65,29,601,85.28571428571429,91.0,261.08125,413.2594010743516
13206,0.499892998359398,MEDIUM,13,8308.19,309,332,27.166666666666668,18.0,639.0915384615384,4153.206010039567
13207,0.5342930583508064,MEDIUM,3,483.1200000000001,59,461,230.0,230.0,161.04000000000005,258.12766235044165
13208,0.32411939932493,LOW,7,1587.4700000000005,64,581,96.33333333333331,76.0,226.78142857142865,514.5298228463467
13209,0.1326388442119817,LOW,10,6773.98,37,555,61.333333333333336,62.0,677.3979999999999,898.4928779150797
13211,0.26195763743814,LOW,9,2307.9900000000007,4,638,79.5,61.5,256.4433333333334,604.5956076308529
13213,0.1835636358946238,LOW,10,3294.82,37,439,48.333333333333336,22.0,329.482,604.8091388183244
13214,0.5885196342176449,MEDIUM,7,3264.23,326,228,37.66666666666666,41.5,466.31857142857143,1921.0634456022628
13217,0.5959341598955039,MEDIUM,4,666.48,31,533,177.0,24.0,166.62,397.1781988871555
13220,0.4323033978032653,MEDIUM,4,1243.29,94,390,129.66666666666666,33.0,310.8225,537.4784914548218
13221,0.5805472039892932,MEDIUM,2,847.4100000000001,149,119,119.0,119.0,423.70500000000004,491.96150613256697
13223,0.4655755699484921,MEDIUM,6,969.12,109,464,92.4,92.0,161.52,451.1985963484826
13225,0.1183199002486053,LOW,14,14095.79,52,579,44.23076923076923,53.0,1006.8421428571429,1667.8124667252882
13226,0.6766098482852304,MEDIUM,2,312.46,182,120,120.0,120.0,156.23,211.41351319520308
13230,0.110355592736355,LOW,28,5559.610000000001,47,492,17.74074074074074,12.0,198.55750000000003,613.5340569329667
13232,0.2600617197146389,LOW,5,1019.05,7,144,35.75,24.5,203.81,265.01589547520274
13233,0.6218944347926093,MEDIUM,3,875.5799999999999,245,358,178.5,178.5,291.85999999999996,544.5183292157128
13234,0.9055921105739804,HIGH,2,346.49999999999994,581,59,59.0,59.0,173.24999999999997,313.78766631388413
13238,0.5928129343088168,MEDIUM,4,624.75,72,426,141.66666666666666,159.0,156.1875,370.3598807094333
13239,0.4678907867218473,MEDIUM,5,1594.69,170,240,59.75,30.0,318.938,746.1407586774627
13240,0.3000475645619375,LOW,8,1475.79,5,556,79.0,76.0,184.47375,442.8071953048617
13242,0.4371094751104447,MEDIUM,7,699.3999999999999,21,555,92.16666666666669,97.5,99.9142857142857,305.7143668922449
13243,0.4548437889763419,MEDIUM,5,1220.38,112,428,106.5,90.5,244.07600000000002,555.0822631909482
13246,0.1638120256824438,LOW,10,3228.74,85,348,38.44444444444444,30.0,322.87399999999997,528.9064398019335
13248,0.3761081063781807,LOW,2,465.68,33,64,64.0,64.0,232.84,175.14602297819118
13249,0.3350409318700101,LOW,9,1608.93,1,592,73.625,55.5,178.77,539.0574065136154
13250,0.8939296683474898,HIGH,2,253.09,369,41,41.0,41.0,126.545,226.2446597620662
13252,0.7006658141321729,HIGH,2,399.3,303,231,231.0,231.0,199.65,279.77585958297664
13253,0.4924226834357023,MEDIUM,4,2951.11,65,546,182.0,182.0,737.7775,1453.1935053139355
13255,0.6701064202586167,MEDIUM,2,504.95,282,138,138.0,138.0,252.475,338.37023690958847
13258,0.3957647827700639,LOW,3,535.47,114,195,97.0,97.0,178.49,211.92016822988612
13259,0.6357794133801177,MEDIUM,8,1119.36,306,301,42.71428571428572,20.0,139.92,711.6660441611684
13261,0.6739189055253985,MEDIUM,2,944.1,177,17,17.0,17.0,472.05,636.2468387065287
13262,0.6104072806321931,MEDIUM,3,573.4499999999999,172,337,168.5,168.5,191.14999999999998,350.0380550785311
13263,0.0687661602261436,LOW,27,6094.06,17,305,11.23076923076923,7.0,225.70592592592595,419.06510638773267
13265,0.3313042074563473,LOW,3,1450.66,92,89,44.5,44.5,483.55333333333334,480.6097615886248
13266,0.1103342157578793,LOW,15,4836.360000000001,21,609,43.142857142857146,33.0,322.42400000000004,533.6159877227772
13267,0.0518551735481392,LOW,32,8027.66,1,639,20.29032258064516,17.0,250.864375,416.2757024854551
13268,0.2487025007220481,LOW,6,2117.8100000000004,78,97,19.2,21.0,352.9683333333334,526.7046430541608
13269,0.0516185945191487,LOW,21,6172.54,18,628,31.05,19.0,293.9304761904762,318.61783941322614
13275,0.6499968383681602,MEDIUM,2,238.86,292,248,248.0,248.0,119.43,155.25824481261876
13276,0.6983999894947285,MEDIUM,4,1438.36,8,542,180.3333333333333,140.0,359.59,1004.5506088896376
13277,0.3349991464201908,LOW,5,390.8,25,423,105.5,79.5,78.16,130.91766642101058
13278,0.6256178018107692,MEDIUM,3,893.1200000000001,308,210,105.0,105.0,297.7066666666667,558.7517711532342
13280,0.47596254439184,MEDIUM,7,2293.33,31,522,86.5,45.0,327.61857142857144,1091.5391819301383
13282,0.4660341298289095,MEDIUM,3,954.15,71,243,121.5,121.5,318.05,444.666464976254
13283,0.5333692074499561,MEDIUM,3,305.20000000000005,94,454,226.5,226.5,101.73333333333335,162.78428211372662
13285,0.3900121783139497,LOW,5,2625.57,70,463,115.25,64.0,525.114,1024.004275015757
13287,0.8866320112123793,HIGH,3,781.59,512,101,50.5,50.5,260.53000000000003,692.9827136434836
13288,0.6827262554227845,MEDIUM,5,927.61,352,223,55.25,39.5,185.522,633.3037017927292
13291,0.191514764671935,LOW,11,3270.7900000000004,64,510,50.4,31.0,297.3445454545455,626.4045771413184
13292,0.5470209539149725,MEDIUM,4,665.14,193,242,80.0,78.0,166.285,363.84551728700484
13293,0.6357794133801177,MEDIUM,6,1192.94,301,276,54.8,42.0,198.82333333333335,758.4466933976776
13294,0.6690481400717463,MEDIUM,3,1689.5299999999995,98,456,227.5,227.5,563.1766666666665,1130.376904095417
13295,0.6357794133801177,MEDIUM,4,1101.97,268,217,72.0,35.0,275.4925,700.6098401624882
13296,0.4980927080188589,MEDIUM,6,792.5099999999999,46,439,87.6,37.0,132.08499999999998,394.7434520320258
13297,0.4929458081582344,MEDIUM,3,2278.77,294,157,78.0,78.0,759.59,1123.3101192567399
13299,0.5751623342472022,MEDIUM,3,1218.7,177,260,129.5,129.5,406.23333333333335,700.9503367470653
13300,0.7347312146582085,HIGH,3,1285.5100000000002,78,404,202.0,202.0,428.5033333333334,944.5043237552737
13301,0.4788518556936595,MEDIUM,4,618.09,12,188,62.333333333333336,64.0,154.5225,295.973543485694
13302,0.9288581940815048,HIGH,2,159.2,64,371,371.0,371.0,79.6,147.87422449777557
13304,0.6316079397999098,MEDIUM,4,1217.9900000000005,260,318,105.66666666666669,104.0,304.4975000000001,769.2921545968925
13305,0.1486892024357627,LOW,14,3086.8,1,546,41.53846153846154,27.0,220.4857142857143,458.9738300787123
13307,0.5720362862729962,MEDIUM,3,273.34,29,472,235.5,235.5,91.11333333333333,156.36039848986076
13308,0.8516600066449576,HIGH,2,1099.81,112,393,393.0,393.0,549.905,936.6641919081907
13309,0.3173460229555513,LOW,3,796.2200000000003,115,186,93.0,93.0,265.40666666666675,252.67725039766916
13310,0.3569145631467562,LOW,4,1226.8200000000002,115,195,64.66666666666667,56.0,306.70500000000004,437.8699243597035
13313,0.1516885510759557,LOW,10,2808.34,50,596,65.77777777777777,56.0,280.834,425.9930255286494
13316,0.2061096207300665,LOW,8,10743.07,40,508,72.0,37.0,1342.88375,2214.2500831765556
13317,0.1146434436096808,LOW,18,5526.391,107,527,30.647058823529413,26.0,307.0217222222222,633.5644949735474
13319,0.0549305523015098,LOW,51,17868.14,0,641,12.46,12.5,350.35568627450976,981.5067988006992
13320,0.3298406492315131,LOW,5,1660.5500000000002,15,372,92.75,75.5,332.11,547.7168900813891
13324,0.1168944269304701,LOW,15,7190.509999999998,112,360,25.357142857142858,24.5,479.36733333333325,840.5305457878144
13327,0.0575664194810789,LOW,19,8245.46,21,608,33.333333333333336,32.5,433.97157894736836,474.66160917445677
13329,0.4737879787343764,MEDIUM,7,4323.97,275,368,61.0,32.0,617.71,2048.645006408082
13330,0.4703807724802271,MEDIUM,6,2796.1000000000004,1,562,112.2,110.0,466.0166666666667,1315.231677931963
13333,0.6753877378923682,MEDIUM,3,1015.74,320,247,123.0,123.0,338.58,686.018340886794
13334,0.4983935347349224,MEDIUM,4,5408.07,99,461,153.33333333333334,116.0,1352.0175,2695.3471233938917
13338,0.5158087806041262,MEDIUM,4,2445.62,66,545,181.0,142.0,611.405,1261.472270021063
13340,0.1874780871084225,LOW,10,20593.620000000003,14,549,60.77777777777778,34.0,2059.362,3860.8524842377524
13346,0.8911118837123144,HIGH,6,299.40000000000003,371,133,26.4,29.0,49.900000000000006,266.798897983467
13357,0.399087923578748,LOW,5,3805.51,166,369,92.0,66.0,761.1020000000001,1518.7330840581615
13360,0.7927669457545714,HIGH,4,1553.65,340,269,89.0,45.0,388.4125,1231.68236527159
13361,0.8571713237939789,HIGH,2,1450.5,381,145,145.0,145.0,725.25,1243.3270051631664
13362,0.2621390905443092,LOW,5,3884.86,154,179,44.25,35.0,776.972,1018.3736672919649
13368,0.5275049040719264,MEDIUM,4,1121.4999999999998,165,166,55.0,77.0,280.37499999999994,591.5967499166653
13371,0.8791406725525106,HIGH,2,2297.6600000000003,414,127,127.0,127.0,1148.8300000000002,2019.9663576970017
13373,0.3353235966452305,LOW,5,6330.52,67,574,143.25,128.0,1266.104,2122.7727350345644
13374,0.7131804513089931,HIGH,2,422.80000000000007,323,34,34.0,34.0,211.40000000000003,301.53269481344233
13376,0.3464068804222828,LOW,3,1019.76,8,135,67.0,67.0,339.92,353.2518803794271
13377,0.6874615709397088,MEDIUM,2,1552.88,305,249,249.0,249.0,776.44,1067.545324280855
13381,0.1196106861765657,LOW,10,7046.39,22,624,68.88888888888889,76.0,704.639,842.8235429676909
13382,0.6024954469525756,MEDIUM,5,1387.58,189,451,112.25,122.0,277.51599999999996,836.0106322824548
13384,0.185691534961349,LOW,6,4284.74,37,371,73.8,49.0,714.1233333333333,795.6399475102904
13386,0.765334566424376,HIGH,2,835.46,323,22,22.0,22.0,417.73,639.4064168649093
13388,0.6260929788608078,MEDIUM,3,1185.65,40,472,236.0,236.0,395.2166666666667,742.3271403863168
13393,0.8790733834556779,HIGH,4,1131.45,492,148,49.0,68.0,282.8625,994.6275797109267
13394,0.0995515613313637,LOW,16,5645.13,24,622,41.0,37.0,352.820625,561.9815054185211
13395,0.4660341298289095,MEDIUM,3,1180.23,94,236,118.0,118.0,393.41,550.0274610479739
13397,0.186367987279814,LOW,9,2875.9300000000003,19,578,71.875,58.0,319.5477777777778,535.9812856576355
13398,0.6096321192780159,MEDIUM,2,670.34,101,256,256.0,256.0,335.17,408.6607948368252
13399,0.8779306485311369,HIGH,3,275.4,373,54,27.0,27.0,91.8,241.78210060547508
13402,0.6662809464636916,MEDIUM,4,1226.85,36,437,145.0,133.0,306.7125,817.42677916898
13403,0.621629365738415,MEDIUM,2,154.5,296,335,335.0,335.0,77.25,96.04173700658511
13405,0.4140277577507412,MEDIUM,5,1198.8100000000002,113,520,129.5,134.0,239.76200000000003,496.3406162691661
13406,0.7703938065919886,HIGH,2,568.9200000000001,336,204,204.0,204.0,284.46000000000004,438.2924444463142
13407,0.8852865511355336,HIGH,3,2244.7,487,83,41.0,41.0,748.2333333333332,1987.202721333932
13408,0.055256950019134,LOW,85,39894.422000000006,8,636,7.190476190476191,7.0,469.34614117647067,2204.4440824962403
13410,0.3159031518651915,LOW,7,1743.94,96,544,90.33333333333331,63.5,249.1342857142857,550.9161426637821
13413,0.8742620186220335,HIGH,6,429.44,548,47,9.2,0.0,71.57333333333334,375.443081277046
13414,0.3624139438459333,LOW,6,2494.1400000000003,42,469,93.4,72.0,415.69000000000005,903.9111139038962
13415,0.8446380367615416,HIGH,4,784.17,381,255,85.0,98.0,196.0425,662.3398092872981
13417,0.472489036419521,MEDIUM,5,1264.6600000000003,114,464,115.75,60.5,252.93200000000007,597.5379847983115
13418,0.0518551735481392,LOW,28,10176.36,7,629,22.96296296296296,16.0,363.4414285714286,527.6969138883419
13420,0.7484961250130414,HIGH,2,159.85,58,20,20.0,20.0,79.925,119.64710558333466
13421,0.3981919085574424,LOW,7,3050.08,199,373,62.0,65.0,435.7257142857143,1214.5171764528839
13425,0.4656810605983559,MEDIUM,5,3390.43,17,471,117.25,98.0,678.086,1578.8590382844836
13426,0.10695230982439,LOW,17,6084.74,91,547,33.75,28.0,357.9258823529412,650.7769976808588
13427,0.3296487088347855,LOW,5,888.7900000000001,29,601,150.0,138.0,177.758,292.98847592526903
13428,0.835823547177923,HIGH,2,276.76,423,0,0.0,0.0,138.38,231.32252491696195
13431,0.519081297631725,MEDIUM,6,2047.14,315,253,50.2,62.0,341.19,1062.6320876338095
13432,0.9030982450554615,HIGH,2,439.1,480,40,40.0,40.0,219.55,396.5504394038532
13433,0.8253184025757769,HIGH,4,658.3199999999999,410,195,64.66666666666667,93.0,164.57999999999998,543.3236107836855
13434,0.679935728644789,MEDIUM,4,1205.46,5,559,186.0,195.0,301.365,819.6353234521474
13435,0.3073473233911381,LOW,5,1725.56,19,389,97.0,92.5,345.11199999999997,530.3462473508123
13437,0.1534434382642063,LOW,4,2173.6,8,91,30.0,30.0,543.4,333.5246574110788
13439,0.5697775705269327,MEDIUM,3,986.61,164,270,135.0,135.0,328.87,562.1482488575771
13440,0.8327814075942573,HIGH,7,1295.2500000000002,332,28,4.5,0.0,185.0357142857143,1078.6601181864621
13441,0.656455975516291,MEDIUM,2,720.9,0,339,339.0,339.0,360.45,473.23911274969413
13442,0.8808811479708415,HIGH,3,419.87000000000006,576,70,35.0,35.0,139.95666666666668,369.85556759851727
13443,0.6517851325403137,MEDIUM,6,1273.16,357,228,45.4,52.0,212.19333333333336,829.8267593450258
13444,0.6485396595979432,MEDIUM,2,619.08,283,131,131.0,131.0,309.54,401.49793246389476
13446,0.7175514050191537,HIGH,11,3881.89,339,233,22.9,19.5,352.8990909090909,2785.4556236298026
13448,0.2802243507613124,LOW,11,6634.5,127,514,51.1,32.0,603.1363636363636,1859.1484551259273
13450,0.2101386116235958,LOW,11,3497.78,33,478,47.3,33.0,317.98,735.018632964781
13451,0.1463976848163651,LOW,10,6577.3,35,502,55.333333333333336,56.0,657.73,962.9014923426781
13452,0.5762140466635853,MEDIUM,3,729.8,168,213,106.5,106.5,243.26666666666665,420.52101125508455
13453,0.4596549780674653,MEDIUM,3,781.69,74,236,117.5,117.5,260.56333333333333,359.307699805557
13455,0.5279763235728319,MEDIUM,5,1847.59,275,364,90.5,104.5,369.518,975.4837756699284
13456,0.3814932998157355,LOW,3,855.0600000000001,64,51,25.5,25.5,285.02000000000004,326.1996609404428
13457,0.9313457209320888,HIGH,2,148.22,597,48,48.0,48.0,74.11,138.0440627565542
13458,0.085151863022865,LOW,12,9991.12,8,288,25.818181818181817,24.0,832.5933333333334,850.762481685007
13459,0.8866320112123793,HIGH,2,1160.41,533,57,57.0,57.0,580.205,1028.8566521309572
13461,0.3449364454362381,LOW,5,3599.2000000000003,47,458,114.25,94.5,719.84,1241.495254414108
13462,0.5432866456289472,MEDIUM,5,1153.85,161,473,118.0,105.0,230.76999999999998,626.8712960589608
13464,0.5021577316942784,MEDIUM,5,2422.96,303,223,55.75,39.0,484.592,1216.7080975859687
13465,0.5263277086332269,MEDIUM,2,931.12,355,139,139.0,139.0,465.56,490.0742560625702
13466,0.5079855300403351,MEDIUM,5,1013.3499999999998,93,444,110.75,109.5,202.66999999999996,514.7671368663734
13468,0.055256950019134,LOW,64,11827.330000000002,1,643,9.761904761904765,9.0,184.80203125000003,653.5421826698042
13470,0.5288266952089686,MEDIUM,2,165.0,8,15,15.0,15.0,82.5,87.25640470947982
13472,0.8899975369744227,HIGH,2,592.2399999999999,372,91,91.0,91.0,296.11999999999995,527.092141297732
13473,0.3716646035676426,LOW,7,2476.38,241,391,64.66666666666667,33.0,353.7685714285714,920.3827909828387
13474,0.5392733955721735,MEDIUM,3,646.5900000000003,145,258,129.0,129.0,215.5300000000001,348.6887848430118
13475,0.230199335373431,LOW,4,1431.7800000000002,100,107,35.333333333333336,36.0,357.94500000000005,329.5948044009711
13476,0.5336986230688234,MEDIUM,5,2061.4700000000003,87,466,116.0,113.5,412.29400000000004,1100.2037004976876
13477,0.198470642062649,LOW,9,2264.14,47,545,67.875,63.5,251.5711111111111,449.3653195197261
13478,0.7673604174864727,HIGH,5,2215.78,378,207,51.25,57.5,443.15600000000006,1700.3018658581766
13479,0.4694439682356527,MEDIUM,4,851.37,109,276,91.33333333333331,33.0,212.8425,399.67051123678766
13480,0.7336889117249302,HIGH,2,627.82,325,262,262.0,262.0,313.91,460.62457255914575
13481,0.1203558863517447,LOW,10,3387.61,17,627,69.11111111111111,81.0,338.761,407.7188041640339
13482,0.7279522727804517,HIGH,2,336.0900000000001,141,395,395.0,395.0,168.04500000000004,244.65747935878207
13484,0.6201828342301041,MEDIUM,3,790.7199999999999,150,398,199.0,199.0,263.5733333333333,490.39097068242785
13485,0.3324192236607334,LOW,11,3019.22,142,503,49.9,31.0,274.4745454545454,1003.6467684609594
13486,0.3517452611040245,LOW,2,819.6099999999999,37,26,26.0,26.0,409.80499999999995,288.2939334534695
13487,0.5140417560475733,MEDIUM,4,680.2700000000001,122,521,173.66666666666666,152.0,170.06750000000002,349.6871853864827
13488,0.0794811734696854,LOW,19,11834.03,29,563,30.944444444444443,26.5,622.8436842105264,940.5825912754613
13489,0.4131217755200352,MEDIUM,4,449.52,14,189,62.66666666666666,52.0,112.38,185.7065005317662
13491,0.0816080871624019,LOW,26,4340.29,56,585,22.92,20.0,166.93423076923077,354.2027646301013
13492,0.2895845434493515,LOW,3,1269.84,45,78,38.5,38.5,423.28,367.72603665372446
13493,0.4611927988091159,MEDIUM,2,618.63,184,11,11.0,11.0,309.315,285.3077011272834
13495,0.3370356809309311,LOW,8,3890.87,141,500,71.0,44.0,486.35875,1311.3620198637318
13497,0.5231554255059063,MEDIUM,6,1166.8300000000002,191,386,76.8,85.0,194.4716666666667,610.4334451430567
13499,0.6157624909342714,MEDIUM,2,463.79,134,44,44.0,44.0,231.895,285.58448567040574
13500,0.5145131561997434,MEDIUM,2,625.93,31,278,278.0,278.0,312.965,322.0492198601053
13501,0.4785071875357801,MEDIUM,3,2885.11,197,282,140.5,140.5,961.7033333333334,1380.5458718313546
13502,0.5629114043463256,MEDIUM,4,677.66,183,273,90.33333333333331,91.0,169.415,381.462542269331
13503,0.7513576852852649,HIGH,5,1642.39,388,181,45.0,38.0,328.478,1234.0223487356664
13505,0.2101673384113156,LOW,3,2583.1200000000003,75,66,32.5,32.5,861.0400000000001,542.8874551970376
13506,0.6483049370831744,MEDIUM,5,1338.0800000000002,225,144,35.75,35.0,267.61600000000004,867.483870212254
13507,0.1461174823416645,LOW,3,2022.79,7,47,23.5,23.5,674.2633333333333,295.5649821058955
13508,0.8551433890693888,HIGH,2,287.04999999999995,152,399,399.0,399.0,143.52499999999998,245.468909832368
13509,0.4226711655011108,MEDIUM,6,840.02,8,407,81.0,49.0,140.00333333333333,355.0522324442431
13510,0.1412038587414714,LOW,9,3664.54,4,623,77.375,70.0,407.1711111111111,517.4471885124716
13512,0.5762140466635853,MEDIUM,4,713.39,169,322,107.0,102.0,178.3475,411.0653387493351
13513,0.6702387316493519,MEDIUM,3,824.59,35,528,263.5,263.5,274.86333333333334,552.6721557307391
13514,0.7606202515943836,HIGH,3,663.7,337,253,126.5,126.5,221.23333333333335,504.82366098319244
13515,0.4680310021105067,MEDIUM,5,898.6599999999999,26,527,131.25,147.0,179.73199999999997,420.60074035662785
13516,0.4946536679839279,MEDIUM,2,441.85,147,179,179.0,179.0,220.925,218.56272319869856
13517,0.2567746733442129,LOW,2,1612.1800000000003,15,73,73.0,73.0,806.0900000000001,413.9669928720732
13520,0.1434010709426999,LOW,10,5929.63,46,585,64.66666666666667,59.0,592.963,850.3152922939616
13523,0.2324067812476948,LOW,4,2938.9300000000003,108,202,67.0,35.0,734.7325000000001,683.0272616122877
13524,0.4517855622328959,MEDIUM,3,408.86,10,118,58.5,58.5,136.28666666666666,184.71704497454184
13526,0.8662423945610102,HIGH,2,1182.0000000000002,647,0,0.0,0.0,591.0000000000001,1023.8985103711142
13527,0.1812553081527618,LOW,9,3661.45,14,582,72.375,87.0,406.8277777777778,663.6572480359297
13531,0.4160559438610289,MEDIUM,6,1433.07,114,531,106.0,132.0,238.845,596.2372914689247
13533,0.537340909272223,MEDIUM,3,269.09000000000003,91,84,42.0,42.0,89.69666666666667,144.5930652760625
13534,0.0943096365094075,LOW,31,6222.35,16,412,13.333333333333334,12.0,200.72096774193548,586.8275667343119
13537,0.8401144747208533,HIGH,2,717.8499999999999,334,26,26.0,26.0,358.92499999999995,603.0761756783645
13538,0.1959682848245764,LOW,11,2813.03,3,581,57.6,31.0,255.73000000000002,551.2646642600782
13539,0.4387767317543553,MEDIUM,6,1253.6699999999998,149,350,69.4,68.0,208.94499999999996,550.0812252984825
13540,0.8926918847082471,HIGH,3,632.3900000000001,376,188,94.0,94.0,210.7966666666667,564.5294209706485
13541,0.7890782098507363,HIGH,2,785.25,336,143,143.0,143.0,392.625,619.6236642852907
13542,0.6675615658070513,MEDIUM,17,3959.49,285,352,21.5625,18.5,232.91117647058823,2643.2033441973613
13543,0.8812932111997709,HIGH,2,1439.61,543,52,52.0,52.0,719.805,1268.7185197753022
13544,0.7354430205655411,HIGH,5,627.15,149,404,100.75,116.0,125.42999999999999,461.2330903476791
13545,0.7150839728348369,HIGH,2,364.93,299,153,153.0,153.0,182.465,260.95559420661704
13546,0.435462308765987,MEDIUM,3,647.4099999999999,109,223,111.5,111.5,215.80333333333328,281.9226533181876
13548,0.6254816531961089,MEDIUM,3,901.44,5,375,187.0,187.0,300.48,563.8341814571005
13549,0.3421884305040508,LOW,6,849.65,51,245,48.6,40.0,141.60833333333332,290.74039997776674
13551,0.7358272279041442,HIGH,2,244.2,228,346,346.0,346.0,122.1,179.689009054192
13552,0.0884075443149766,LOW,19,5971.76,32,534,29.33333333333333,22.0,314.30315789473684,527.9486368384047
13554,0.602770404207256,MEDIUM,7,1629.35,289,66,10.666666666666666,10.5,232.7642857142857,982.1239580950926
13555,0.1856864863614069,LOW,11,6383.01,110,487,48.5,38.0,580.2736363636363,1185.2386993097239
13556,0.7528957856256959,HIGH,2,200.82,338,6,6.0,6.0,100.41,151.19653166935225
13557,0.4438619843640368,MEDIUM,12,2688.88,189,450,40.36363636363637,23.0,224.07333333333335,1193.4916125167713
13559,0.8993906852276069,HIGH,2,990.0,421,30,30.0,30.0,495.0,890.3967783753309
13561,0.4264881860784246,MEDIUM,11,1803.4,124,433,43.0,29.5,163.94545454545457,769.1287947738309
13562,0.3732327176304525,LOW,7,4248.58,50,552,91.66666666666669,115.0,606.9399999999999,1585.709059470388
13564,0.3117430062488188,LOW,37,16498.97,53,593,16.055555555555557,10.0,445.91810810810813,5143.4385078090745
13565,0.7036867568859764,HIGH,2,284.75999999999993,243,76,76.0,76.0,142.37999999999997,200.38184089085058
13566,0.7606202515943836,HIGH,3,831.76,343,205,102.0,102.0,277.25333333333333,632.6535004661445
13567,0.8100015629449857,HIGH,4,1079.29,337,113,37.333333333333336,43.0,269.8225,874.2265868708936
13569,0.6172896969559953,MEDIUM,3,497.74000000000007,276,60,29.5,29.5,165.91333333333336,307.24977376287717
13571,0.0533244052984567,LOW,21,3532.15,1,638,31.4,27.0,168.19761904761904,188.34979817494386
13573,0.4930582895515911,MEDIUM,5,646.0400000000001,162,383,95.25,97.0,129.20800000000003,318.53537738190994
13575,0.3216980641295971,LOW,2,218.75,42,42,42.0,42.0,109.375,70.37145152834937
13576,0.0536473099771832,LOW,23,9326.19,5,634,28.363636363636363,28.0,405.48652173913047,500.3250058361062
13577,0.1387863794714249,LOW,10,2995.4800000000005,1,632,69.88888888888889,69.0,299.54800000000006,415.7318239790639
13579,0.6425602639887713,MEDIUM,4,1071.9999999999998,278,290,96.0,53.0,267.99999999999994,688.8246029959627
13581,0.7836831902155871,HIGH,2,280.53000000000003,218,104,104.0,104.0,140.26500000000001,219.84664535117867
13582,0.6344058198646518,MEDIUM,2,241.68,298,227,227.0,227.0,120.84,153.32319854488907
13583,0.8951940007281619,HIGH,2,1445.031,64,523,523.0,523.0,722.5155,1293.5830820662165
13584,0.7353658258232025,HIGH,3,385.7,215,369,184.0,184.0,128.56666666666666,283.6305990200092
13585,0.8546952609779757,HIGH,3,684.54,439,207,103.5,103.5,228.17999999999998,585.0730939498634
13587,0.485532367220318,MEDIUM,3,961.1,358,214,107.0,107.0,320.3666666666667,466.6451581354477
13588,0.2697457524692778,LOW,4,1420.7200000000005,8,155,51.333333333333336,20.0,355.1800000000001,383.2331854481525
13589,0.4899951234031264,MEDIUM,5,888.0900000000001,88,554,138.0,115.5,177.61800000000002,435.1597691430826
13590,0.1248884653705384,LOW,16,5470.5,59,587,38.8,39.0,341.90625,683.2023498095303
13591,0.4160559438610289,MEDIUM,6,1753.04,113,520,103.8,122.0,292.17333333333335,729.3627118261381
13592,0.3912078135038116,LOW,3,205.51,114,58,29.0,29.0,68.50333333333333,80.39711775316832
13593,0.1486892024357627,LOW,14,5493.290000000001,17,538,41.07692307692308,41.0,392.3778571428572,816.792908848351
13595,0.8655331666601216,HIGH,3,784.48,425,129,64.5,64.5,261.49333333333334,678.9934585815322
13597,0.7194244968844757,HIGH,2,396.71,309,2,2.0,2.0,198.355,285.40289215904033
13598,0.8569659605930604,HIGH,4,601.9200000000001,404,156,52.0,72.0,150.48000000000002,515.824951000175
13599,0.0963514115774049,LOW,20,6974.960000000001,65,581,30.31578947368421,29.0,348.74800000000005,672.0472416959361
13600,0.7621399399861242,HIGH,2,518.42,221,321,321.0,321.0,259.21,395.1085876876065
13601,0.5612907531973571,MEDIUM,3,839.87,120,335,167.5,167.5,279.95666666666665,471.4112648878643
13602,0.4961553358739521,MEDIUM,3,596.2800000000001,290,179,89.5,89.5,198.76000000000002,295.84750367492023
13605,0.6526605918026652,MEDIUM,2,522.67,296,184,184.0,184.0,261.335,341.126111517499
13606,0.5696286295532885,MEDIUM,2,246.63,152,68,68.0,68.0,123.315,140.48750890672756
13610,0.253363071053264,LOW,12,1786.14,19,593,53.27272727272727,55.0,148.845,452.541915731077
13611,0.1693990286078128,LOW,9,2780.25,79,566,70.375,68.0,308.9166666666667,470.9716492868716
13613,0.672174334533777,MEDIUM,5,1039.85,361,207,51.75,17.0,207.96999999999997,698.9604817649479
13614,0.4711517744927843,MEDIUM,4,1526.16,73,387,128.66666666666666,157.0,381.54,719.0529921599077
13615,0.5426390685324519,MEDIUM,8,6272.53,227,361,51.142857142857146,58.0,784.06625,3403.7198365418603
13616,0.8994197743543005,HIGH,2,283.85,477,122,122.0,122.0,141.925,255.30030295046822
13617,0.3204952269578095,LOW,7,1100.2700000000002,22,381,63.16666666666666,29.5,157.1814285714286,352.63128336486915
13619,0.8689251770041883,HIGH,2,224.94,453,129,129.0,129.0,112.47,195.4560293153221
13623,0.1321915545217924,LOW,9,2344.49,119,527,65.25,48.0,260.49888888888887,309.92177766079703
13626,0.5931459012370769,MEDIUM,2,707.0400000000001,161,126,126.0,126.0,353.52000000000004,419.37787801066287
13627,0.5100733330722755,MEDIUM,5,1634.43,85,463,115.5,141.0,326.886,833.6791577733194
13629,0.1027103483604952,LOW,16,11296.86,8,567,37.266666666666666,33.0,706.05375,1160.3044259797439
13630,0.2137705997860612,LOW,5,1361.46,14,179,44.5,50.0,272.29200000000003,291.0401207847309
13631,0.1720382652500138,LOW,11,3070.42,8,167,16.5,8.5,279.1290909090909,528.2297303889475
13632,0.2936788500320752,LOW,6,2339.1400000000003,82,438,87.2,60.0,389.85666666666674,686.9559452640285
13634,0.157520055422143,LOW,14,4242.38,15,591,45.0,47.0,303.02714285714285,668.2599327217911
13635,0.4238763000344379,MEDIUM,3,1928.13,351,296,147.5,147.5,642.71,817.2886103854007
13636,0.3543073585265663,LOW,4,646.5500000000001,31,163,54.0,24.0,161.63750000000002,229.07742265535148
13637,0.4626221634332663,MEDIUM,2,678.6500000000001,96,39,39.0,39.0,339.32500000000005,313.9585312139862
13641,0.8941880433299315,HIGH,5,1016.47,549,93,22.75,7.0,203.294,908.9153204035755
13642,0.6445290481191762,MEDIUM,4,472.2,124,217,72.33333333333333,0.0,118.05,304.346616521875
13643,0.1979134554598204,LOW,9,1896.73,7,632,78.5,77.0,210.74777777777777,375.3883883743051
13646,0.7194244968844757,HIGH,2,326.24999999999994,308,0,0.0,0.0,163.12499999999997,234.71224210856016
13647,0.3527032230026825,LOW,6,2197.42,84,428,85.0,59.0,366.2366666666667,775.0371162905545
13648,0.5240966282747382,MEDIUM,8,1764.0200000000002,309,337,47.71428571428572,62.0,220.50250000000003,924.5169342092039
13649,0.4678907867218473,MEDIUM,6,1453.6799999999998,165,270,53.4,35.0,242.27999999999997,680.1634788418149
13650,0.3834718860871845,LOW,6,2197.1800000000003,116,475,94.6,106.0,366.1966666666667,842.5567586730402
13652,0.4969758158872758,MEDIUM,4,1805.21,165,395,131.33333333333334,112.0,451.3025,897.1457125978692
13654,0.1640681521427021,LOW,9,5314.9400000000005,54,592,73.5,57.5,590.548888888889,872.0123845493332
13655,0.5228927842354454,MEDIUM,6,2280.5100000000007,23,477,95.2,127.0,380.0850000000001,1192.462223376776
13656,0.5831328186588925,MEDIUM,4,1078.85,73,430,143.0,162.0,269.7125,629.1128414101462
13658,0.4698974406007706,MEDIUM,5,4319.629999999999,113,468,116.75,117.0,863.9259999999998,2029.7830813423063
13659,0.3061457270695383,LOW,12,4884.68,114,455,41.0,24.0,407.0566666666667,1495.4239101020323
13662,0.309619734078804,LOW,10,1868.79,121,446,49.44444444444444,47.0,186.879,578.6142628491281
13663,0.5336986230688234,MEDIUM,5,2047.51,88,467,116.5,119.5,409.502,1092.7532677196466
13665,0.5620512727638579,MEDIUM,3,1711.66,295,117,58.5,58.5,570.5533333333334,962.040681538985
13666,0.6183809121131982,MEDIUM,4,107.29999999999998,196,448,149.0,132.0,26.824999999999996,66.35227186974616
13668,0.0609501863842322,LOW,30,11539.62,22,614,20.6896551724138,19.0,384.65400000000005,703.3419898032136
13669,0.4192796541546594,MEDIUM,2,243.15,58,257,257.0,257.0,121.575,101.94784790770544
13672,0.6146259117319174,MEDIUM,3,419.92,210,429,214.0,214.0,139.97333333333333,258.09371285446673
13675,0.5233919299792719,MEDIUM,2,486.8200000000001,60,133,133.0,133.0,243.41000000000005,254.79765935250919
13676,0.8653572589486933,HIGH,2,243.9,448,80,80.0,80.0,121.95,211.0606354575863
13677,0.6485396595979432,MEDIUM,2,551.2400000000001,313,115,115.0,115.0,275.62000000000006,357.5010019567703
13679,0.8746882602385581,HIGH,3,281.26000000000005,402,241,120.5,120.5,93.75333333333334,246.01482007469687
13680,0.3427830039570522,LOW,10,10092.14,246,397,43.66666666666666,26.0,1009.2139999999999,3459.4140655551246
13684,0.5868573940628362,MEDIUM,4,594.88,194,335,111.0,104.0,148.72,349.1097265801
13686,0.5752554523070826,MEDIUM,3,409.04,91,218,109.0,109.0,136.34666666666666,235.3024902116891
13692,0.2636832401564596,LOW,4,2497.66,122,206,68.33333333333333,22.0,624.415,658.5910816091829
13693,0.5101741087258024,MEDIUM,9,2011.82,283,358,44.25,20.0,223.53555555555556,1026.3784754167436
13694,0.055256950019134,LOW,132,176512.71000000002,16,627,4.496183206106871,1.0,1337.2175000000002,9753.553994211896
13695,0.3245310530686098,LOW,13,2033.67,7,479,39.583333333333336,16.5,156.43615384615384,659.9890666940397
13696,0.6031641298857879,MEDIUM,3,2020.4,330,244,121.5,121.5,673.4666666666667,1218.632808021246
13698,0.8930378496389401,HIGH,2,451.73,505,85,85.0,85.0,225.865,403.4119878173984
13699,0.6999163078870352,MEDIUM,2,764.15,64,395,395.0,395.0,382.075,534.841046671878
13700,0.2698900988757291,LOW,11,1983.11,1,578,57.5,42.5,180.28272727272727,535.2217539814471
13703,0.6979046304134712,MEDIUM,2,425.56,227,96,96.0,96.0,212.78,297.0002945187568
13705,0.3629200645659652,LOW,6,1528.0099999999998,53,479,95.2,68.0,254.6683333333333,554.5454878574404
13706,0.7829719726252601,HIGH,2,631.1700000000001,211,324,324.0,324.0,315.58500000000004,494.1884199618855
13707,0.3618132369492227,LOW,5,3365.86,176,269,67.0,77.0,673.172,1217.8127017179106
13709,0.1729937231009946,LOW,10,4182.51,10,595,65.77777777777777,70.0,418.25100000000003,723.5479768071409
13710,0.7992478602426875,HIGH,2,329.04,332,188,188.0,188.0,164.52,262.9845159342539
13711,0.3293643552365536,LOW,9,1792.2600000000002,127,505,62.75,35.0,199.14000000000001,590.3065593162656
13712,0.7966089390855291,HIGH,2,766.4200000000001,155,364,364.0,364.0,383.21000000000004,610.5370230939312
13713,0.6533188514368972,MEDIUM,3,740.76,317,174,87.0,87.0,246.92,483.95247239039594
13715,0.5456010794971258,MEDIUM,17,8153.040000000001,190,357,21.8125,19.5,479.59058823529415,4448.307425183247
13717,0.2714863700583055,LOW,6,1274.28,37,356,70.8,57.0,212.38,345.94965163789755
13718,0.6474181215703565,MEDIUM,2,306.55,155,49,49.0,49.0,153.275,198.4660251673928
13719,0.2628280592782593,LOW,8,2080.14,114,365,51.71428571428572,29.0,260.0175,546.7191592270783
13720,0.3121548598258816,LOW,4,799.9,25,138,45.333333333333336,59.0,199.975,249.6926723747227
13722,0.1722452447667204,LOW,10,5635.41,40,514,57.0,28.0,563.5409999999999,970.6725748108238
13723,0.5090611733747993,MEDIUM,6,1194.0800000000002,126,394,78.6,50.0,199.01333333333335,607.8597659033804
13725,0.2495252180701105,LOW,7,1865.7,78,139,22.83333333333333,17.5,266.5285714285714,465.53919935340514
13727,0.6509900355263645,MEDIUM,6,740.6700000000001,520,118,23.4,28.0,123.44500000000001,482.1687896133124
13728,0.1064149557252346,LOW,15,2636.0500000000006,16,622,43.785714285714285,37.5,175.7366666666667,280.5151440395047
13729,0.7606202515943836,HIGH,3,724.7300000000002,344,248,123.5,123.5,241.57666666666674,551.2443149379978
13730,0.3997634818921306,LOW,2,752.6,44,25,25.0,25.0,376.3,300.8619964720175
13731,0.6504712063881564,MEDIUM,2,610.59,128,27,27.0,27.0,305.295,397.1712139085444
13733,0.7706067411690372,HIGH,2,487.03,319,324,324.0,324.0,243.515,375.30860115155616
13734,0.931610723955485,HIGH,4,6695.69,417,94,31.0,9.0,1673.9225,6237.7766082815015
13735,0.1589521416604943,LOW,11,8288.92,84,550,54.6,40.5,753.5381818181818,1317.5415860525043
13736,0.3241307143546146,LOW,6,2380.2,169,473,94.2,85.0,396.7,771.4959263068536
13740,0.5453587183850646,MEDIUM,5,1582.77,149,496,123.75,125.0,316.554,863.1774186983287
13741,0.5037923979934009,MEDIUM,2,363.13000000000005,92,33,33.0,33.0,181.56500000000003,182.9421334833437
13742,0.1066921149365505,LOW,10,2632.5700000000006,71,157,17.11111111111111,16.0,263.25700000000006,280.8744610185148
13743,0.2888747744333012,LOW,5,912.1199999999998,16,151,37.25,40.0,182.42399999999995,263.4884592561026
13744,0.5866814381033741,MEDIUM,2,1080.52,4,197,197.0,197.0,540.26,633.9210274994579
13745,0.8156318281897936,HIGH,2,777.36,71,383,383.0,383.0,388.68,634.039557961618
13747,0.8259284325165187,HIGH,2,169.79999999999998,282,51,51.0,51.0,84.89999999999999,140.24264784130486
13748,0.2272661355959315,LOW,9,2064.35,4,642,80.0,17.5,229.3722222222222,469.1568470174612
13750,0.1600422540586828,LOW,10,3271.55,49,476,52.44444444444444,37.0,327.15500000000003,523.5862362656837
13752,0.3975790948591954,LOW,7,1579.8300000000002,33,403,66.83333333333333,29.5,225.69000000000003,628.1073814314027
13753,0.5386299065076171,MEDIUM,4,2094.57,196,449,149.33333333333334,85.0,523.6425,1128.1980432736596
13754,0.5526392976037616,MEDIUM,3,447.05,60,285,142.0,142.0,149.01666666666668,247.05739799376164
13756,0.0836135612003655,LOW,17,6438.76,2,630,38.8125,28.0,378.7505882352941,538.3676533144654
13758,0.1322538709880203,LOW,13,7859.1,110,537,44.333333333333336,32.5,604.5461538461539,1039.3963974819503
13760,0.5697775705269327,MEDIUM,4,1211.94,165,336,112.0,131.0,302.985,690.5362288244108
13761,0.3483976901353459,LOW,5,1373.23,88,476,118.75,76.5,274.646,478.430160024561
13762,0.4265154187540547,MEDIUM,5,2472.48,127,479,119.25,43.5,494.496,1054.550842561025
13763,0.6291824095942687,MEDIUM,2,3502.48,326,17,17.0,17.0,1751.24,2203.6988059557343
13764,0.3923971097510958,LOW,5,2343.49,53,498,124.25,133.0,468.698,919.5787027305954
13767,0.055256950019134,LOW,64,26359.58,17,629,9.555555555555555,5.0,411.8684375,1456.5499945853642
13768,0.9407979601657096,HIGH,2,875.97,635,4,4.0,4.0,437.985,824.1107891663567
13769,0.0792937741736693,LOW,18,4858.23,1,631,36.70588235294117,33.0,269.90166666666664,385.22739250374536
13770,0.6995320266335714,MEDIUM,4,785.3700000000001,331,308,102.33333333333331,84.0,196.34250000000003,549.391467757208
13771,0.282817162532049,LOW,7,4559.22,108,453,75.0,31.5,651.3171428571429,1289.4256637593687
13772,0.3486973321715896,LOW,7,2660.36,5,557,92.33333333333331,91.0,380.0514285714286,927.6604346160102
13773,0.7453966957225531,HIGH,2,301.54,305,263,263.0,263.0,150.77,224.76691962817867
13776,0.7538396356324492,HIGH,2,623.98,337,0,0.0,0.0,311.99,470.3808558419356
13777,0.0806675113416114,LOW,52,36021.340000000004,38,608,11.509803921568627,11.0,692.718076923077,2905.751852990041
13778,0.6405036779849136,MEDIUM,4,1124.4899999999998,12,462,153.66666666666666,42.0,281.12249999999995,720.2399808572553
13780,0.5083163147433036,MEDIUM,2,488.34,79,236,236.0,236.0,244.17,248.2311891417449
13781,0.6948502416307089,MEDIUM,3,778.8300000000002,159,470,234.5,234.5,259.61000000000007,541.1702136892451
13782,0.1222930007701234,LOW,10,1362.0100000000002,33,608,67.22222222222223,48.0,136.20100000000002,166.56428997891578
13783,0.7862571820798335,HIGH,4,1542.0899999999997,396,185,61.0,69.0,385.5224999999999,1212.4793379134903
13784,0.0976271839393387,LOW,12,2571.59,3,356,31.90909090909091,19.0,214.29916666666668,251.05708994656402
13785,0.881653779285844,HIGH,4,542.49,337,31,10.0,0.0,135.6225,478.28835872477754
13786,0.4554355468038129,MEDIUM,6,3127.99,276,368,73.4,26.0,521.3316666666666,1424.5978360468584
13787,0.5842594277932976,MEDIUM,5,1019.86,273,330,82.25,94.5,203.972,595.8628200292726
13791,0.2888699766130194,LOW,2,1516.0,36,40,40.0,40.0,758.0,437.9268845453374
13792,0.608003999340681,MEDIUM,2,262.99999999999994,196,135,135.0,135.0,131.49999999999997,159.90505182659905
13795,0.5935815226650575,MEDIUM,4,836.2999999999998,297,249,82.33333333333333,101.0,209.07499999999996,496.4122274047875
13797,0.7284581866504163,HIGH,3,1179.45,345,210,105.0,105.0,393.15000000000003,859.1800082448335
13798,0.055256950019134,LOW,95,67436.16,2,637,6.351063829787234,6.0,709.8543157894737,3726.3165226023234
13799,0.1882815840061487,LOW,9,2803.57,25,527,65.5,34.5,311.5077777777778,527.8606004721183
13800,0.6840453006765094,MEDIUM,3,1679.56,218,427,213.0,213.0,559.8533333333334,1148.895125204238
13802,0.1137776449292988,LOW,19,26259.11,47,523,28.666666666666668,20.0,1382.0584210526315,2987.6996937393997
13803,0.6596671971857565,MEDIUM,3,1338.91,164,363,181.5,181.5,446.30333333333334,883.2350069839813
13804,0.263011072038018,LOW,6,2098.74,5,340,67.6,44.0,349.78999999999996,551.9918573290698
13807,0.6870278141397106,MEDIUM,3,422.2000000000001,276,368,184.0,184.0,140.73333333333338,290.0631431297859
13808,0.3564569814810859,LOW,2,723.1,2,3,3.0,3.0,361.55,257.7540433089732
13809,0.6954607196914756,MEDIUM,3,679.6999999999999,214,155,77.0,77.0,226.56666666666663,472.7046511742959
13811,0.3814932998157355,LOW,3,814.5,92,55,27.0,27.0,271.5,310.72629269991654
13813,0.3318903133676291,LOW,5,1783.7500000000002,43,599,149.25,70.0,356.75000000000006,592.0093464695085
13814,0.7254582185758807,HIGH,3,2257.32,1,434,216.5,216.5,752.44,1637.591345955707
13815,0.205901338239328,LOW,6,6426.130000000001,81,493,98.4,88.0,1071.0216666666668,1323.148766699893
13819,0.5366286208476486,MEDIUM,6,2642.3500000000004,210,436,86.8,10.0,440.3916666666667,1417.9606362967845
13820,0.6759513294159089,MEDIUM,3,652.75,327,262,130.5,130.5,217.58333333333334,441.2272302762345
13821,0.4651057212645844,MEDIUM,6,1379.0800000000002,53,559,111.2,116.0,229.8466666666667,641.4179980815632
13823,0.3025621075105006,LOW,6,3096.21,0,632,126.0,107.0,516.035,936.7958228950871
13824,0.2026229422446885,LOW,11,3045.66,44,501,49.6,47.0,276.8781818181818,617.120590276958
13825,0.8689251770041883,HIGH,2,255.59,530,108,108.0,108.0,127.795,222.0885859905005
13827,0.2218810326659633,LOW,2,300.75999999999993,42,9,9.0,9.0,150.37999999999997,66.73293938461511
13831,0.1338489303584603,LOW,16,5837.939999999999,47,590,38.86666666666667,21.0,364.8712499999999,781.4020244968696
13833,0.6059911257339329,MEDIUM,2,700.41,68,244,244.0,244.0,350.205,424.4422443753039
13834,0.9011701211534476,HIGH,2,324.19,485,92,92.0,92.0,162.095,292.1503415767362
13835,0.3817427988133733,LOW,5,798.0400000000001,64,490,122.0,82.0,159.608,304.6460231650245
13836,0.7290516029936355,HIGH,2,620.3700000000001,308,15,15.0,15.0,310.18500000000006,452.2817429491617
13837,0.5738588454939154,MEDIUM,2,266.59000000000003,120,105,105.0,105.0,133.29500000000002,152.98502962022292
13838,0.3350035965062796,LOW,9,1482.79,26,461,57.5,3.0,164.75444444444443,496.7399828635463
13842,0.10695230982439,LOW,16,4098.99,64,505,33.2,30.0,256.186875,438.39644844707635
13846,0.5275049040719264,MEDIUM,3,1106.66,151,157,78.0,78.0,368.8866666666667,583.7685771402381
13848,0.2616780166657451,LOW,8,3015.0,1,637,90.71428571428572,73.0,376.875,788.9592202472214
13849,0.5083950870896476,MEDIUM,4,2524.93,79,453,150.66666666666666,190.0,631.2325,1283.662007245264
13851,0.3860195471436462,LOW,8,4606.46,4,584,82.85714285714286,46.0,575.8075,1778.1836031353207
13854,0.0532800604593039,LOW,34,10304.199999999995,1,608,17.939393939393938,14.0,303.0647058823528,549.008398984759
13855,0.8176368947415763,HIGH,4,1310.34,409,230,76.0,95.0,327.585,1071.382328655677
13856,0.5001689928415185,MEDIUM,11,1142.03,77,450,44.5,19.5,103.82090909090908,571.2079948947994
13857,0.595393904871833,MEDIUM,6,1001.01,302,177,35.0,27.0,166.835,595.9952527157535
13859,0.6406898906000961,MEDIUM,2,515.8600000000001,235,203,203.0,203.0,257.93000000000006,330.5062869649656
13861,0.8347956883459662,HIGH,2,273.26,338,101,101.0,101.0,136.63,228.1162697974187
13862,0.2506933233159602,LOW,7,2128.03,17,281,46.333333333333336,45.0,304.00428571428574,533.4829128160629
13863,0.4987037495794315,MEDIUM,4,1239.55,156,345,114.66666666666669,76.0,309.8875,618.1682327911842
13865,0.347370409767052,LOW,3,383.34,45,152,76.0,76.0,127.77999999999999,133.16097288010172
13869,0.252172204318626,LOW,10,7996.869999999999,32,567,62.66666666666666,60.0,799.6869999999999,2016.5883355494907
13870,0.1897407996153673,LOW,12,5120.61,10,567,51.27272727272727,35.0,426.7175,971.5886359184459
13871,0.1026699037888735,LOW,13,6095.24,1,626,51.75,31.0,468.8646153846154,625.7977043700932
13872,0.8759369460631761,HIGH,3,919.57,436,198,99.0,99.0,306.52333333333337,805.4853374913149
13873,0.3801328847581132,LOW,8,1038.92,28,526,74.57142857142857,73.0,129.865,394.92765663289896
13874,0.5383052261350554,MEDIUM,7,2049.15,267,314,52.0,39.0,292.7357142857143,1103.0681541346487
13875,0.1351242760492825,LOW,13,4452.38,42,588,48.75,49.0,342.4907692307692,601.6246241963045
13877,0.8543118647447802,HIGH,2,332.4400000000001,379,219,219.0,219.0,166.22000000000006,284.00743631575483
13878,0.677110264116389,MEDIUM,3,1145.3300000000002,456,56,27.5,27.5,381.7766666666667,775.5146988004238
13880,0.1899206366172542,LOW,12,2754.8500000000004,54,416,37.45454545454545,41.0,229.57083333333335,523.2028657850428
13881,0.0891569179056508,LOW,34,37418.26,4,549,16.272727272727273,14.0,1100.5370588235294,3336.0967349922976
13883,0.2589014206121175,LOW,14,5628.32,127,512,39.0,28.0,402.0228571428571,1457.1800436595931
13884,0.536373511619583,MEDIUM,8,1233.6799999999998,186,192,27.0,8.0,154.20999999999998,661.7132738148471
13885,0.3239242552397295,LOW,2,506.8,98,11,11.0,11.0,253.4,164.1648125554949
13888,0.3026354745989482,LOW,7,2001.59,28,455,75.5,84.5,285.94142857142856,605.7521396025087
13889,0.5254467762978509,MEDIUM,6,1991.23,1,593,118.2,63.0,331.87166666666667,1046.2853843675696
13890,0.194011967771147,LOW,6,1544.6799999999998,16,625,124.6,87.0,257.44666666666666,299.6864063767353
13891,0.6256178018107692,MEDIUM,3,859.21,287,203,101.5,101.5,286.40333333333336,537.537071493831
13892,0.5732296331320668,MEDIUM,3,689.2,155,329,164.0,164.0,229.73333333333335,395.06986315462046
13895,0.5692503084589015,MEDIUM,4,2352.75,52,593,197.0,220.0,588.1875,1339.3036632266803
13897,0.5049860507460054,MEDIUM,2,849.56,347,238,238.0,238.0,424.78,429.0159492717764
13898,0.6897771215484761,MEDIUM,2,686.4,234,85,85.0,85.0,343.2,473.463016230874
13900,0.4511219339145343,MEDIUM,6,1610.59,92,441,88.0,115.0,268.4316666666667,726.5724755434098
13901,0.1527481764620591,LOW,14,5461.419999999999,16,596,45.61538461538461,49.0,390.1014285714285,834.2219458934187
13902,0.9311603061119788,HIGH,5,34095.26,541,92,22.5,26.0,6819.052000000001,31748.152738567507
13908,0.2372389949533373,LOW,3,1461.61,35,149,74.5,74.5,487.2033333333333,346.7508874137473
13909,0.7830369265472069,HIGH,2,282.8499999999999,332,98,98.0,98.0,141.42499999999995,221.4819946738774
13911,0.0922447441132835,LOW,19,4091.71,53,503,27.444444444444443,22.0,215.35315789473685,377.43874193576323
13916,0.8467862759618426,HIGH,4,1275.81,372,211,70.33333333333333,77.0,318.9525,1080.3383987348784
13919,0.6610706994321541,MEDIUM,3,1189.02,30,419,209.0,209.0,396.34,786.0262830388199
13920,0.7537366506723645,HIGH,4,1774.6799999999998,340,130,43.0,38.0,443.66999999999996,1337.6413592152317
13921,0.6256178018107692,MEDIUM,4,730.7000000000002,311,319,105.66666666666669,116.0,182.67500000000004,457.13892778312913
13922,0.6443866736041617,MEDIUM,3,865.1999999999999,260,115,57.5,57.5,288.4,557.5233500023206
13925,0.283278745677382,LOW,4,678.25,1,42,14.0,13.0,169.5625,192.13380925568433
13928,0.2203156226837553,LOW,2,225.45,15,26,26.0,26.0,112.725,49.67015713405263
13929,0.1981380987053315,LOW,11,3494.1,78,525,52.3,46.5,317.6454545454545,692.3143306862988
13931,0.2698172163671656,LOW,11,5257.379999999999,4,640,63.7,32.0,477.9436363636363,1418.5316369844088
13933,0.3909188547690665,LOW,2,608.7899999999998,18,39,39.0,39.0,304.3949999999999,237.98748959485994
13935,0.800494282810763,HIGH,3,6116.92,505,55,27.5,27.5,2038.9733333333334,4896.559488410812
13936,0.4660341298289095,MEDIUM,3,939.66,88,234,116.5,116.5,313.21999999999997,437.9136304350331
13937,0.5902048206325403,MEDIUM,2,880.13,78,233,233.0,233.0,440.065,519.4569687833177
13939,0.4475069263161255,MEDIUM,6,1382.62,17,503,100.4,97.0,230.43666666666664,618.7320264632014
13940,0.2978330004100948,LOW,2,391.06,25,27,27.0,27.0,195.53,116.47057314037167
13941,0.1235461614998268,LOW,13,7745.48,80,551,45.41666666666666,26.0,595.8061538461538,956.9243229736785
13945,0.6634481451060301,MEDIUM,2,854.1499999999999,303,85,85.0,85.0,427.07499999999993,566.6842331423155
13946,0.4984969426722856,MEDIUM,5,1800.63,110,534,133.0,104.0,360.12600000000003,897.6085498839977
13948,0.6713816039826187,MEDIUM,4,548.76,269,374,124.66666666666669,87.0,137.19,368.42736900150186
13951,0.4324188927994992,MEDIUM,3,674.4499999999998,85,118,58.5,58.5,224.8166666666666,291.64492224862215
13952,0.3442815868113712,LOW,14,12823.521,126,505,38.38461538461539,39.0,915.9657857142857,4414.902158388943
13953,0.1184376945161305,LOW,10,5729.36,24,612,67.55555555555556,64.0,572.9359999999999,678.5721894529373
13955,0.479926472758408,MEDIUM,3,544.0699999999999,63,220,110.0,110.0,181.35666666666665,261.113596033667
13956,0.3904513360375951,LOW,3,676.07,47,133,66.5,66.5,225.35666666666668,263.9724347549369
13957,0.6956511045382552,MEDIUM,3,458.25,326,240,120.0,120.0,152.75,318.78211865465545
13958,0.5126454189649329,MEDIUM,8,4709.23,288,354,50.285714285714285,51.0,588.65375,2414.1651863522306
13959,0.5591755934000513,MEDIUM,5,808.1700000000001,190,230,57.0,58.5,161.63400000000001,451.9089393181195
13962,0.6675283620639603,MEDIUM,2,310.8500000000001,154,190,190.0,190.0,155.42500000000004,207.5011913475821
13963,0.7131059029615843,HIGH,17,2860.57,217,288,17.5625,17.5,168.26882352941178,2039.8893528348192
13964,0.7213608125659626,HIGH,2,438.9,296,43,43.0,43.0,219.45,316.605260635201
13965,0.8472423728932124,HIGH,3,996.61,385,226,113.0,113.0,332.2033333333333,844.3702212491044
13967,0.7580842654007438,HIGH,2,166.3,54,250,250.0,250.0,83.15,126.0694133361437
13969,0.064527399596111,LOW,28,7832.52,16,517,18.703703703703702,14.0,279.73285714285714,505.4121478845313
13970,0.6546389863231615,MEDIUM,2,846.55,295,51,51.0,51.0,423.275,554.1846338718724
13971,0.1906364273786505,LOW,12,3895.21,15,576,52.0,53.0,324.60083333333336,742.5689182895932
13975,0.1615206349672805,LOW,10,4261.83,37,547,60.22222222222222,60.0,426.183,688.3734877226051
13976,0.5416723104652366,MEDIUM,4,1192.36,115,461,153.33333333333334,83.0,298.09,645.8683961063294
13979,0.4732665178122344,MEDIUM,6,2510.0600000000004,302,343,68.2,68.0,418.3433333333334,1187.9273556997773
13980,0.4529427251539926,MEDIUM,4,568.6800000000001,348,216,71.66666666666667,78.0,142.17000000000002,257.57946894057255
13982,0.2061217542503091,LOW,8,3312.62,72,525,74.42857142857143,38.0,414.0775,682.8030455646589
13983,0.10695230982439,LOW,17,5831.52,96,543,33.4375,36.0,343.03058823529415,623.6945337871268
13984,0.1954855551694638,LOW,11,1792.62,35,606,60.1,50.5,162.96545454545455,350.4313159078842
13985,0.1486892024357627,LOW,14,5733.77,16,560,42.61538461538461,27.0,409.555,852.5496882501031
13987,0.7231993548362323,HIGH,2,682.54,288,21,21.0,21.0,341.27,493.612487649922
13988,0.3573727105267118,LOW,5,2533.34,71,463,115.25,90.5,506.668,905.3465824857402
13989,0.4328111256862693,MEDIUM,4,1656.65,148,324,108.0,76.0,414.1625,717.016551368158
13992,0.8109048319221389,HIGH,2,142.7,289,82,82.0,82.0,71.35,115.71611951528921
13993,0.106625858858162,LOW,16,5556.76,9,636,42.0,44.0,347.2975,592.4943074686803
13994,0.3843143331402817,LOW,2,419.56000000000006,14,42,42.0,42.0,209.78000000000003,161.2429216123366
13995,0.1478098984637246,LOW,12,3380.2200000000003,24,605,54.63636363636363,45.0,281.685,499.62997498505126
13996,0.7597826854508465,HIGH,2,895.7600000000001,295,13,13.0,13.0,447.88000000000005,680.5829383194504
13997,0.8601943597467027,HIGH,3,376.46,428,31,15.5,15.5,125.48666666666666,323.8287686702437
13998,0.5705603786476422,MEDIUM,3,566.7,355,129,64.5,64.5,188.9,323.3365665796189
13999,0.0536473099771832,LOW,26,8469.42,4,638,25.12,20.0,325.74692307692305,454.36160006695496
14000,0.431704286628607,MEDIUM,5,2046.34,120,526,131.25,117.5,409.268,883.4137498995836
14001,0.3517410126583771,LOW,8,3494.9100000000003,141,260,36.85714285714285,23.0,436.86375000000004,1229.3031825498888
14002,0.4678143492758593,MEDIUM,2,529.7299999999999,43,22,22.0,22.0,264.86499999999995,247.8152952419009
14004,0.1452992200971526,LOW,9,4879.07,7,337,41.875,30.0,542.1188888888888,708.9250657994143
14005,0.3764639252609552,LOW,3,696.5599999999998,42,81,40.5,40.5,232.1866666666666,262.22971177977087
14006,0.322583172314798,LOW,7,2196.6700000000005,24,536,89.16666666666667,63.5,313.81000000000006,708.6087771287475
14009,0.4660341298289095,MEDIUM,3,1099.91,107,264,132.0,132.0,366.6366666666667,512.5955997401159
14010,0.8197993687749292,HIGH,2,445.15,474,0,0.0,0.0,222.575,364.9336890101597
14011,0.8745954813109907,HIGH,2,457.8200000000001,389,127,127.0,127.0,228.91000000000005,400.40730325379786
14013,0.4744243352831326,MEDIUM,5,1084.5700000000002,19,513,128.0,117.0,216.91400000000004,514.5464013180272
14014,0.5996404735126963,MEDIUM,2,1443.03,285,200,200.0,200.0,721.515,865.2991924930262
14016,0.1803240302244455,LOW,11,11403.41,70,538,53.4,47.0,1036.6736363636364,2056.3088495017437
14019,0.331875683184457,LOW,2,800.5300000000002,7,39,39.0,39.0,400.2650000000001,265.6764406596534
14020,0.8739666348418248,HIGH,2,606.2099999999999,385,52,52.0,52.0,303.10499999999996,529.8073137074625
14021,0.3476765512764285,LOW,7,1716.58,64,437,72.33333333333333,53.5,245.22571428571428,596.8146143900916
14022,0.662739031926944,MEDIUM,2,792.15,134,261,261.0,261.0,396.075,524.9887241409288
14024,0.4245352605905819,MEDIUM,3,645.7399999999999,30,269,134.0,134.0,215.24666666666664,274.1393991737623
14025,0.8163808678333575,HIGH,8,4057.900000000001,373,119,16.571428571428573,15.0,507.2375000000001,3312.7919235809823
14026,0.8642175597431232,HIGH,2,713.11,379,154,154.0,154.0,356.555,616.2821840284186
14028,0.8786895848999138,HIGH,3,10396.5,459,0,0.0,0.0,3465.5,9135.296269411954
14030,0.0658107094152326,LOW,18,6820.46,30,607,35.294117647058826,17.0,378.9144444444444,448.8593111382173
14031,0.084558452842852,LOW,38,31359.68,35,609,16.054054054054053,13.0,825.2547368421052,2651.726022446929
14032,0.1751059340167459,LOW,11,3416.1900000000005,77,556,55.2,34.5,310.56272727272733,598.1951407286673
14034,0.6035070199822375,MEDIUM,2,473.91,66,0,0.0,0.0,236.955,286.0080118397822
14035,0.2112983874196695,LOW,7,2203.99,16,505,83.5,75.5,314.85571428571427,465.6995328890773
14037,0.4331294572929354,MEDIUM,6,836.9500000000002,85,556,110.6,113.0,139.4916666666667,362.50769928132235
14038,0.5262055639388463,MEDIUM,4,2595.92,53,529,176.0,189.0,648.98,1365.98754754013
14040,0.0518551735481392,LOW,33,11697.95,3,644,19.6875,16.5,354.48333333333335,606.5992274074549
14043,0.8535679783415692,HIGH,2,302.6,400,238,238.0,238.0,151.3,258.28967024615883
14044,0.2068188969292012,LOW,9,2966.99,12,580,72.125,68.0,329.66555555555556,613.6295989999705
14045,0.1397623550835812,LOW,16,10986.629999999996,18,591,38.86666666666667,33.0,686.6643749999997,1535.5172832319251
14047,0.2038985289670112,LOW,12,3295.42,108,477,43.0,32.0,274.61833333333334,671.931290328468
14048,0.7406047012230337,HIGH,3,748.69,214,77,38.5,38.5,249.56333333333336,554.4833337586731
14049,0.2173802895709091,LOW,12,10689.42,67,458,41.27272727272727,42.0,890.785,2323.6692149450673
14051,0.0518551735481392,LOW,30,15432.43,0,644,21.724137931034484,18.0,514.4143333333334,800.2513359195099
14053,0.3660895095741133,LOW,4,572.3,33,362,120.33333333333331,89.0,143.075,209.51302632926502
14055,0.8847631309617716,HIGH,3,1520.96,15,616,308.0,308.0,506.9866666666667,1345.6893316676162
14056,0.0777601674337626,LOW,17,5333.969999999999,16,177,10.5,9.0,313.7629411764706,414.77040028666664
14057,0.0797606863165145,LOW,18,6940.679999999999,9,635,36.8235294117647,24.0,385.5933333333333,553.5934003033059
14058,0.9089563407042246,HIGH,2,469.19000000000005,371,67,67.0,67.0,234.59500000000003,426.4732254950152
14060,0.064527399596111,LOW,25,6860.6,17,530,21.625,20.0,274.42400000000004,442.6966776690791
14061,0.8472423728932124,HIGH,3,917.43,416,230,114.5,114.5,305.81,777.2855701634197
14062,0.0536473099771832,LOW,22,23921.47,0,637,30.0,30.0,1087.3395454545455,1283.3225161998887
14063,0.7533246287374481,HIGH,9,22710.2,347,293,36.25,5.0,2523.355555555556,17108.152983553195
14064,0.1509742519641072,LOW,14,3022.9299999999994,22,574,43.76923076923077,26.0,215.9235714285714,456.38459548985844
14065,0.6097036990032633,MEDIUM,3,891.02,298,42,21.0,21.0,297.00666666666666,543.2581898858876
14068,0.7032409577004115,HIGH,4,1516.72,229,357,118.66666666666669,45.0,379.18,1066.6196253633682
14069,0.8789722478750102,HIGH,2,225.81,423,46,46.0,46.0,112.905,198.48072329265605
14071,0.505012671593576,MEDIUM,2,356.81,169,4,4.0,4.0,178.405,180.19357135130386
14075,0.514471125516892,MEDIUM,4,1100.53,170,280,92.66666666666669,70.0,275.1325,566.1909077651052
14077,0.4294193772155479,MEDIUM,4,426.06000000000006,91,212,70.33333333333333,48.0,106.51500000000001,182.95841985645637
14078,0.2704596641837763,LOW,9,1553.47,10,519,64.5,69.5,172.60777777777778,420.150974519571
14079,0.8385973569037366,HIGH,2,618.7299999999999,33,557,557.0,557.0,309.36499999999995,518.8653426370489
14080,0.6753877378923682,MEDIUM,4,1070.0800000000002,322,323,107.33333333333331,101.0,267.52000000000004,722.7189105638654
14081,0.4014826403713998,MEDIUM,10,4867.57,211,426,47.22222222222222,32.0,486.75699999999995,1954.2448557926143
14082,0.7176158226962678,HIGH,2,413.36,273,27,27.0,27.0,206.68,296.63367646972927
14083,0.3808905702255544,LOW,9,612.6800000000002,35,595,74.0,70.0,68.07555555555558,233.36403456579274
14085,0.076942995483213,LOW,27,8520.32,50,590,22.26923076923077,17.0,315.5674074074074,655.5789432755294
14087,0.5974394156588847,MEDIUM,2,638.0000000000001,313,330,330.0,330.0,319.00000000000006,381.1663471903685
14088,0.1207667417078805,LOW,10,39052.880000000005,37,292,32.0,14.0,3905.2880000000005,4716.289071908853
14091,0.937547284424018,HIGH,2,9530.080000000002,563,44,44.0,44.0,4765.040000000001,8934.900624343647
14092,0.0533244052984567,LOW,20,5897.96,8,623,32.36842105263158,31.0,294.898,314.5052094740857
14096,0.1075837547822629,LOW,3,244.68,0,10,4.5,4.5,81.56,26.323593120124087
14097,0.8762845003130572,HIGH,2,422.86,390,164,164.0,164.0,211.43,370.54566380237935
14099,0.0822896962938674,LOW,17,4956.66,29,609,37.5625,38.5,291.56823529411764,407.8820460319608
14101,0.1672077427222284,LOW,12,8929.529999999999,51,478,42.90909090909091,48.0,744.1274999999999,1493.08655487042
14104,0.5935558061800015,MEDIUM,5,743.53,63,405,100.75,84.5,148.706,441.3265485690165
14105,0.4427384382483637,MEDIUM,5,5988.83,148,482,120.0,139.5,1197.766,2651.485241134948
14107,0.1340730145798037,LOW,10,4636.01,5,634,70.0,66.0,463.601,621.5638363221158
14108,0.8471163862266147,HIGH,3,738.38,10,636,317.5,317.5,246.12666666666667,625.4937972620078
14110,0.0609501863842322,LOW,26,10564.42,28,619,24.36,16.0,406.32384615384615,643.9033680413103
14111,0.3755593013307265,LOW,3,295.49999999999994,4,146,72.5,72.5,98.49999999999999,110.97777354322966
14112,0.1518672269285304,LOW,10,4820.26,39,523,57.888888888888886,71.0,482.026,732.039519274518
14113,0.3582857782296436,LOW,13,5685.6900000000005,263,377,30.916666666666668,19.5,437.3607692307693,2037.1018664225023
14114,0.5044557509860645,MEDIUM,7,1364.09,182,332,54.833333333333336,59.0,194.86999999999998,688.1230453625808
14115,0.867634029281414,HIGH,2,622.67,410,165,165.0,165.0,311.335,540.249681012658
14116,0.3492907020593234,LOW,2,628.8699999999999,1,28,28.0,28.0,314.43499999999995,219.65844380404667
14119,0.8356552769726272,HIGH,2,183.37,284,342,342.0,342.0,91.685,153.23410813847065
14122,0.6925276252341943,MEDIUM,3,362.42,315,331,165.0,165.0,120.80666666666667,250.9858619373767
14127,0.2387385927594022,LOW,6,1900.0800000000008,31,302,59.8,53.0,316.6800000000001,453.6224253302851
14128,0.589863103814533,MEDIUM,2,592.2499999999999,164,295,295.0,295.0,296.12499999999994,349.3464232341571
14129,0.2853792179957123,LOW,7,2193.71,4,483,80.16666666666667,71.0,313.38714285714286,626.0392443093741
14130,0.6422136373787352,MEDIUM,4,1858.77,228,408,135.66666666666666,55.0,464.6925,1193.7274427504715
14132,0.1599636647942814,LOW,5,1552.46,22,69,17.25,18.0,310.492,248.3371910465301
14133,0.8026574297424075,HIGH,4,911.14,38,603,201.0,186.0,227.785,731.3332905354972
14134,0.506450561268291,MEDIUM,15,11123.35,291,347,24.428571428571427,22.0,741.5566666666667,5633.426850683645
14135,0.0536473099771832,LOW,19,7339.68,14,632,34.77777777777778,19.0,386.29894736842107,393.75408809333203
14136,0.5869684725053,MEDIUM,5,1570.81,309,331,82.5,69.0,314.162,922.0159462960503
14139,0.8214752048672503,HIGH,3,670.98,399,52,26.0,26.0,223.66,551.1934329618276
14142,0.710959701654209,HIGH,2,671.3399999999999,282,273,273.0,273.0,335.66999999999996,477.2956861085366
14145,0.2028631954795568,LOW,6,6709.050000000001,65,454,90.2,73.0,1118.1750000000002,1361.0193216321209
14146,0.3284511289893541,LOW,9,7163.030000000001,163,440,54.75,33.0,795.8922222222222,2352.705290484613
14147,0.3328597175622277,LOW,8,2289.6000000000004,194,354,50.285714285714285,48.0,286.20000000000005,762.1156093304767
14148,0.6589119219874751,MEDIUM,2,466.2900000000001,142,180,180.0,180.0,233.14500000000004,307.2440401035398
14151,0.8932867011759751,HIGH,2,679.45,582,43,43.0,43.0,339.725,606.9436491140164
14152,0.4788237497877081,MEDIUM,6,1690.56,143,425,84.6,57.0,281.76,809.4802784411078
14154,0.3636495479826213,LOW,8,6460.7,148,456,64.85714285714286,42.0,807.5875,2349.4306346513213
14156,0.055256950019134,LOW,143,294916.33,2,645,4.119718309859155,2.0,2062.3519580419584,16296.17690663643
14157,0.5699856269320274,MEDIUM,4,822.9800000000001,194,360,119.33333333333331,103.0,205.74500000000003,469.08677125251995
14159,0.1026699037888735,LOW,16,5963.18,4,640,42.266666666666666,28.0,372.69875,612.2391168757347
14160,0.905051885639532,HIGH,7,8421.47,519,88,14.5,14.5,1203.0671428571427,7621.867303356748
14161,0.5133201473126314,MEDIUM,7,2996.9300000000003,124,510,84.5,80.0,428.1328571428572,1538.3845490856447
14162,0.5598262424078109,MEDIUM,2,289.36,82,118,118.0,118.0,144.68,161.99132150312417
14163,0.4496519154143851,MEDIUM,4,1808.1,61,309,102.66666666666669,46.0,452.025,813.0156282607496
14166,0.8590052669300893,HIGH,2,251.15,414,121,121.0,121.0,125.575,215.73917278949193
14167,0.3843558840859106,LOW,7,1101.5500000000002,74,516,85.33333333333333,79.5,157.36428571428573,423.3872241148349
14168,0.7427955971008176,HIGH,2,370.45,329,143,143.0,143.0,185.225,275.16862894599785
14169,0.8478237376845259,HIGH,2,621.51,339,13,13.0,13.0,310.755,526.9309312083096
14170,0.8008168379023214,HIGH,3,570.1800000000001,284,19,9.0,9.0,190.06000000000003,456.60974463514566
14171,0.9282833916237858,HIGH,2,498.79,7,632,632.0,632.0,249.395,463.0184729080282
14172,0.857948784001104,HIGH,3,369.02,514,37,18.5,18.5,123.00666666666666,316.6002602720874
14173,0.4062658085194663,MEDIUM,3,249.2,128,511,255.5,255.5,83.06666666666666,101.241439483051
14175,0.2524132059662826,LOW,7,5662.570000000001,80,456,75.5,59.0,808.9385714285715,1429.3074477084929
14176,0.6002554385445317,MEDIUM,5,756.46,206,83,20.5,21.0,151.292,454.06922904139645
14177,0.2782267004753279,LOW,12,1959.69,4,556,50.36363636363637,13.0,163.3075,545.2380826544953
14178,0.3805871537324737,LOW,3,477.29,7,84,42.0,42.0,159.09666666666666,181.65044260497237
14180,0.0638804711399375,LOW,30,5627.9,0,456,15.344827586206897,15.0,187.59666666666666,359.5129035284542
14181,0.7427955971008176,HIGH,2,308.35,319,151,151.0,151.0,154.175,229.0410223660371
14182,0.7103844596725422,HIGH,4,678.7700000000001,352,152,50.66666666666666,49.0,169.69250000000002,482.1876596919315
14183,0.7481515558478715,HIGH,2,278.34,320,69,69.0,69.0,139.17,208.24050405469654
14186,0.7598687562090926,HIGH,5,1550.63,336,217,53.75,46.5,310.12600000000003,1178.2752894405053
14188,0.2387385927594022,LOW,4,1383.46,18,200,66.33333333333333,60.0,345.865,330.2852935389226
14189,0.0931235541680106,LOW,12,4116.99,5,292,26.0,29.0,343.0825,383.38874127415795
14191,0.1642909304078885,LOW,9,2391.1600000000003,17,620,77.125,21.0,265.68444444444447,392.84590115412675
14193,0.5858951394104077,MEDIUM,2,779.3400000000001,178,126,126.0,126.0,389.6700000000001,456.61151794810723
14194,0.0661083524726568,LOW,27,12987.52,15,596,22.692307692307693,16.0,481.0192592592593,858.5835499056797
14195,0.3227093137271323,LOW,6,2615.6,110,432,86.2,52.0,435.93333333333334,844.0784809846872
14198,0.3783467155643504,LOW,7,1225.28,54,558,92.83333333333331,85.5,175.04,463.58066364668724
14199,0.5384703164471933,MEDIUM,4,1091.7,127,312,103.66666666666669,96.0,272.925,587.848044465401
14201,0.4583604263549679,MEDIUM,8,967.34,58,439,62.285714285714285,37.0,120.9175,443.3903748302146
14202,0.6256178018107692,MEDIUM,3,847.76,290,243,121.5,121.5,282.58666666666664,530.3737476630977
14204,0.6995320266335714,MEDIUM,3,874.22,331,315,157.0,157.0,291.4066666666667,611.5448883236008
14205,0.3601972063515682,LOW,8,2170.4,173,378,53.57142857142857,55.0,271.3,781.7720166654436
14206,0.5093568815137787,MEDIUM,3,1185.01,148,163,81.0,81.0,395.00333333333333,603.5929981626429
14208,0.8461007681842034,HIGH,2,567.0500000000002,3,456,456.0,456.0,283.5250000000001,479.7814405988527
14209,0.1564668756523708,LOW,14,4796.17,30,565,42.92307692307692,45.0,342.5835714285714,750.4417349976313
14210,0.1519971226648758,LOW,16,5556.57,14,597,39.333333333333336,33.0,347.285625,844.5826518859689
14211,0.1026699037888735,LOW,15,3291.12,5,633,44.85714285714285,39.5,219.408,337.89897375763735
14214,0.3972966807996833,LOW,3,899.16,65,121,60.5,60.5,299.71999999999997,357.2332835078432
14215,0.2289110234204142,LOW,7,2558.88,95,545,90.33333333333331,72.5,365.55428571428575,585.7558396100295
14217,0.0849913017212592,LOW,16,2505.11,8,427,28.0,22.0,156.569375,212.91255985494362
14219,0.5482862767883803,MEDIUM,2,543.8900000000001,318,83,83.0,83.0,271.94500000000005,298.2074230824322
14220,0.5718241781738133,MEDIUM,4,1515.0,156,321,107.0,110.0,378.75,866.3136299333271
14221,0.0884075443149766,LOW,15,5701.7,22,499,35.285714285714285,25.5,380.11333333333334,504.0732954207021
14223,0.3739425798303966,LOW,3,991.13,1,171,85.5,85.5,330.37666666666667,370.62570914730094
14224,0.2602906142363835,LOW,9,1841.71,19,433,53.75,48.5,204.63444444444445,479.3798271452899
14225,0.693580952344856,MEDIUM,4,2031.07,343,261,87.0,77.0,507.7675,1408.7114648790666
14226,0.36629548541663,LOW,3,2462.34,119,230,115.0,115.0,820.7800000000001,901.9440255607848
14227,0.2038985289670112,LOW,12,5417.27,105,473,42.81818181818182,30.0,451.4391666666667,1104.5733840171208
14228,0.7568907385177247,HIGH,3,745.5,346,108,53.5,53.5,248.5,564.2620455649637
14229,0.2705450932863134,LOW,6,1808.97,200,179,35.4,34.0,301.495,489.4079574021423
14230,0.7909457371659468,HIGH,3,979.8,344,112,56.0,56.0,326.59999999999997,774.9686332751946
14231,0.3305594077711364,LOW,4,1235.62,92,267,88.66666666666667,56.0,308.905,408.44581543017154
14232,0.2480913722981783,LOW,4,1573.3300000000004,24,149,49.0,49.0,393.3325000000001,390.32959877789295
14233,0.3860342217264613,LOW,6,2400.65,120,432,86.0,99.0,400.10833333333335,926.7330543876293
14235,0.2288473220647891,LOW,8,4375.99,66,461,65.42857142857143,49.0,546.99875,1001.4335928822965
14236,0.6477902523169463,MEDIUM,4,1253.7800000000002,281,133,44.0,39.0,313.44500000000005,812.1864625499411
14237,0.6856528032292228,MEDIUM,2,471.14,282,217,217.0,217.0,235.57,323.03846171341604
14238,0.6867116035008927,MEDIUM,3,434.23,235,408,204.0,204.0,144.74333333333334,298.19077958819264
14239,0.0533244052984567,LOW,19,3763.210000000001,3,640,35.05555555555556,36.0,198.06368421052636,200.6709352632053
14240,0.6111259184474721,MEDIUM,2,583.9999999999999,134,197,197.0,197.0,291.99999999999994,356.89753637332365
14241,0.8236285610404562,HIGH,2,333.70000000000005,92,512,512.0,512.0,166.85000000000002,274.8448508192003
14242,0.6385001934648268,MEDIUM,2,280.55,143,91,91.0,91.0,140.275,179.13122927655715
14243,0.05924429547121,LOW,15,6934.93,4,380,26.642857142857142,21.5,462.32866666666666,410.85504199215836
14245,0.4409163765729916,MEDIUM,2,1693.4499999999998,128,43,43.0,43.0,846.7249999999999,746.6698379075325
14246,0.2480913722981783,LOW,3,1474.0600000000002,19,135,67.5,67.5,491.3533333333334,365.70156824985276
14247,0.5719429008789728,MEDIUM,5,753.5600000000001,187,273,67.75,59.0,150.71200000000002,430.9932923863588
14248,0.6372655396949357,MEDIUM,3,1032.95,227,197,98.0,98.0,344.31666666666666,658.2634392278839
14249,0.6185178203212244,MEDIUM,12,5400.461000000001,319,268,24.181818181818183,14.0,450.03841666666676,3340.2813664497803
14253,0.891519609851665,HIGH,2,363.4,402,129,129.0,129.0,181.7,323.97822622009505
14256,0.5168061561045229,MEDIUM,5,2460.79,169,434,108.25,115.5,492.158,1271.7514208804487
14257,0.212567994540985,LOW,8,5580.57,32,524,74.42857142857143,61.0,697.57125,1186.2505732955844
14258,0.1314213824909767,LOW,23,28767.68,60,584,26.045454545454547,27.5,1250.7686956521738,3780.6882766580206
14260,0.8791309575744605,HIGH,3,824.2800000000001,380,77,38.5,38.5,274.76000000000005,724.6500657094764
14262,0.3464068804222828,LOW,3,854.9999999999999,16,133,66.5,66.5,284.99999999999994,296.17788276105176
14264,0.3870987529490634,LOW,6,1517.36,63,456,91.0,90.0,252.89333333333332,587.3681637747908
14265,0.6416504946711777,MEDIUM,4,1373.35,18,502,167.0,147.0,343.3375,881.2107068566619
14267,0.3054077862085765,LOW,3,1516.24,71,97,48.5,48.5,505.41333333333336,463.07150176089203
14271,0.6106670301643748,MEDIUM,2,214.18,134,183,183.0,183.0,107.09,130.7926645206058
14272,0.5804130118316101,MEDIUM,3,614.94,163,327,163.5,163.5,204.98000000000002,356.91917749573037
14273,0.3519638200574954,LOW,3,450.05000000000007,45,106,52.5,52.5,150.01666666666668,158.4013172168758
14275,0.6357794133801177,MEDIUM,6,1189.38,304,211,42.0,40.0,198.23000000000002,756.1833186860445
14276,0.4475069263161255,MEDIUM,7,2102.6800000000003,7,561,93.16666666666669,95.0,300.3828571428572,940.9638638263908
14277,0.1859709484354185,LOW,7,14638.64,121,513,85.16666666666667,83.0,2091.2342857142858,2722.3617646046546
14279,0.9032913870342212,HIGH,2,191.86,429,160,160.0,160.0,95.93,173.3054855163857
14282,0.077567530367937,LOW,19,6016.860000000001,18,552,30.27777777777778,23.5,316.6768421052632,466.71297076962543
14283,0.8807143267807886,HIGH,4,628.4399999999999,372,106,35.333333333333336,24.0,157.10999999999999,553.4761115221188
14285,0.4020284408450915,MEDIUM,5,1380.3100000000002,85,554,138.0,84.0,276.062,554.9238771828883
14286,0.4427384382483637,MEDIUM,5,5901.09,151,492,123.0,128.5,1180.218,2612.6393705630367
14287,0.6397047969134502,MEDIUM,2,83.28,107,0,0.0,0.0,41.64,53.27461548695213
14289,0.3110813612887802,LOW,5,832.78,43,154,38.0,41.0,166.55599999999998,259.0623360540704
14290,0.368155763059338,LOW,4,2979.47,270,369,122.66666666666669,89.0,744.8675,1096.9090513624058
14291,0.0658107094152326,LOW,19,6376.389999999999,29,610,33.666666666666664,31.0,335.5994736842105,419.6347494081949
14292,0.1672077427222284,LOW,11,6944.53,54,485,48.1,49.5,631.320909090909,1161.1791855667968
14293,0.2274578158474585,LOW,8,2595.86,56,582,82.57142857142857,30.0,324.4825,590.4486458457836
14295,0.3752544328434955,LOW,4,2196.71,347,292,97.0,90.0,549.1775,824.325165171635
14296,0.7102109077941877,HIGH,2,456.4,330,152,152.0,152.0,228.2,324.14025831726724
14298,0.055256950019134,LOW,75,80849.7,8,629,8.216216216216216,0.0,1077.9959999999999,4467.507831961978
14299,0.0536473099771832,LOW,23,12541.77,16,630,28.227272727272727,21.0,545.294347826087,672.8322228525369
14301,0.6882070708761,MEDIUM,4,1992.18,26,549,183.0,156.0,498.045,1371.032362457949
14302,0.7606202515943836,HIGH,3,742.9,339,306,153.0,153.0,247.63333333333333,565.0647849094676
14303,0.7253993650230355,HIGH,2,277.93999999999994,316,27,27.0,27.0,138.96999999999997,201.61749951450244
14304,0.5912581988738282,MEDIUM,3,1725.0100000000002,131,348,173.5,173.5,575.0033333333334,1019.9263056393426
14305,0.3165236453267824,LOW,2,1048.45,22,21,21.0,21.0,524.225,331.85921594286503
14306,0.6090060949879076,MEDIUM,4,1058.0800000000002,287,298,99.0,110.0,264.52000000000004,644.3771689848054
14307,0.1931094307033709,LOW,8,3600.09,43,597,84.71428571428571,84.0,450.01125,695.2113303808985
14308,0.8324028388017136,HIGH,2,1147.02,458,0,0.0,0.0,573.51,954.7827041623416
14309,0.1921751744231464,LOW,9,3061.98,2,457,56.5,52.5,340.22,588.4365405801858
14311,0.6477303922507999,MEDIUM,2,516.45,151,324,324.0,324.0,258.225,334.5203610779256
14312,0.1537152182625428,LOW,10,2525.8900000000003,0,412,45.333333333333336,37.0,252.58900000000003,388.2677326571743
14314,0.5328559617447165,MEDIUM,2,229.8,15,324,324.0,324.0,114.9,122.45030000893586
14315,0.1753381606793151,LOW,7,2266.84,38,505,83.66666666666667,53.0,323.8342857142857,397.46355615429866
14316,0.6897010643627861,MEDIUM,5,1370.34,331,208,51.5,41.0,274.068,945.1249565389003
14320,0.4161614169963152,MEDIUM,5,1346.75,115,480,120.0,120.5,269.35,560.4653883397875
14321,0.2505293917702694,LOW,5,1587.96,25,356,88.5,78.0,317.592,397.830652955517
14322,0.7680436942077992,HIGH,4,474.1,338,230,76.66666666666667,22.0,118.525,364.1295154239176
14323,0.4343476379812531,MEDIUM,2,605.0600000000001,23,123,123.0,123.0,302.53000000000003,262.806381836937
14324,0.6581504625942748,MEDIUM,2,701.6100000000001,318,283,283.0,283.0,350.80500000000006,461.7649460607692
14326,0.6057160882936931,MEDIUM,3,940.98,151,290,145.0,145.0,313.66,569.9667247625993
14327,0.3807030601062006,LOW,6,1894.93,72,536,106.8,54.0,315.82166666666666,721.4056496870427
14329,0.1483498995859005,LOW,12,8397.41,17,614,55.36363636363637,54.0,699.7841666666667,1245.7549302816367
14331,0.2023246940534271,LOW,2,462.66,33,10,10.0,10.0,231.33,93.60754295075859
14332,0.4793677747595238,MEDIUM,3,1196.2400000000002,56,268,134.0,134.0,398.7466666666667,573.4389068783329
14334,0.2071765989769562,LOW,11,4094.980000000001,2,475,46.9,42.5,372.2709090909092,848.3840292786563
14336,0.4268918666609398,MEDIUM,3,1114.39,107,77,38.0,38.0,371.46333333333337,475.7240272882848
14338,0.6120178514323679,MEDIUM,3,928.1,70,375,187.5,187.5,309.3666666666667,568.0137679143807
14339,0.6235027690484409,MEDIUM,2,620.27,151,186,186.0,186.0,310.135,386.7400625576764
14341,0.1103342157578793,LOW,16,3424.5600000000004,39,608,40.2,17.0,214.03500000000003,377.8461419158032
14342,0.3706163753931941,LOW,4,669.62,46,335,111.33333333333331,73.0,167.405,248.17213729079063
14343,0.6603605161102732,MEDIUM,4,1079.66,330,268,89.0,87.0,269.915,712.9648348236177
14344,0.1035485080012122,LOW,20,2993.05,36,498,25.73684210526316,19.0,149.6525,309.92586187302817
14346,0.4860025916344156,MEDIUM,5,2315.75,29,376,93.75,99.5,463.15,1125.460501577398
14350,0.5624713610596926,MEDIUM,3,972.03,183,155,77.5,77.5,324.01,546.739037090853
14352,0.4159109422431344,MEDIUM,4,1078.9600000000005,66,116,38.333333333333336,38.0,269.7400000000001,448.7512702426525
14353,0.6249919187564174,MEDIUM,3,376.5,124,216,108.0,108.0,125.5,235.30945741179113
14355,0.6256178018107692,MEDIUM,3,840.05,274,261,130.5,130.5,280.01666666666665,525.5502344111367
14358,0.7394702389396912,HIGH,2,400.06,298,38,38.0,38.0,200.03,295.83246379021284
14363,0.6607754949881686,MEDIUM,2,227.47000000000003,311,49,49.0,49.0,113.73500000000001,150.30660184495872
14364,0.3130663385607646,LOW,8,3717.35,17,102,14.142857142857142,12.0,464.66875,1163.7771536488583
14365,0.6616911721168484,MEDIUM,2,634.68,303,287,287.0,287.0,317.34,419.9621531191213
14367,0.1534591127322302,LOW,10,5419.700000000001,46,138,15.11111111111111,15.0,541.97,831.7023532748682
14369,0.907881005332597,HIGH,2,469.13,551,19,19.0,19.0,234.565,425.91421603168124
14370,0.6827262554227845,MEDIUM,6,1175.7800000000002,359,226,44.8,42.0,195.96333333333337,802.7358766010018
14372,0.519926857891319,MEDIUM,2,860.0800000000002,352,156,156.0,156.0,430.0400000000001,447.1786919351657
14375,0.6060593680613406,MEDIUM,3,1106.82,94,355,177.5,177.5,368.94,670.798629757653
14377,0.4258844048987464,MEDIUM,2,617.05,100,70,70.0,70.0,308.525,262.7919720427715
14379,0.4843827006472908,MEDIUM,3,1028.04,204,184,92.0,92.0,342.68,497.9647915734408
14388,0.1566597037930724,LOW,14,5453.13,0,597,45.46153846153846,48.0,389.50928571428574,854.2857305451168
14389,0.4690707532653917,MEDIUM,4,1165.69,99,399,132.66666666666666,103.0,291.4225,546.7910863739345
14390,0.1761954856716924,LOW,8,3098.17,53,280,39.71428571428572,28.0,387.27125,545.8835678434673
14395,0.1574451174900416,LOW,17,6274.34,86,422,26.0,20.5,369.07882352941175,987.8641984724676
14396,0.5326905186316876,MEDIUM,6,1591.7400000000002,280,366,72.8,52.0,265.29,847.9048061268026
14397,0.1766301840912583,LOW,10,1036.12,2,119,12.88888888888889,15.0,103.612,183.01006634063452
14398,0.6418028221977976,MEDIUM,2,707.7899999999998,310,126,126.0,126.0,353.8949999999999,454.26161952337907
14399,0.5383052261350554,MEDIUM,8,2108.21,303,280,39.57142857142857,30.0,263.52625,1134.860460790185
14400,0.6340636956546504,MEDIUM,3,1732.47,58,482,241.0,241.0,577.49,1098.4963308108122
14401,0.0533244052984567,LOW,19,5823.8,4,629,34.5,19.5,306.5157894736842,310.5506715771522
14403,0.4247823066586962,MEDIUM,6,1880.51,39,508,101.2,49.0,313.41833333333335,798.8073754947447
14404,0.1526493586108099,LOW,12,2597.33,17,610,55.09090909090909,49.0,216.44416666666666,396.4807586006148
14407,0.1523846528215231,LOW,6,2157.73,16,169,33.6,18.0,359.62166666666667,328.80493693258506
14408,0.1417504511554065,LOW,10,3794.05,3,637,70.44444444444444,48.0,379.40500000000003,537.80829920617
14409,0.2147218789881363,LOW,8,3311.57,31,444,63.0,49.0,413.94625,711.0665328007426
14410,0.3863130553125991,LOW,11,2631.9000000000005,1,344,34.0,45.0,239.2636363636364,1016.7373302772297
14413,0.6915990189665441,MEDIUM,4,764.5200000000001,271,326,108.33333333333331,47.0,191.13000000000002,528.7412819803023
14414,0.1595550351508711,LOW,8,2399.3300000000004,0,283,40.0,10.0,299.91625000000005,382.8251824885396
14415,0.0536473099771832,LOW,19,9890.65,7,625,34.22222222222222,27.5,520.5605263157895,530.606766425827
14419,0.5726488193959733,MEDIUM,3,509.99,161,130,64.5,64.5,169.99666666666667,292.0451714037525
14420,0.7205565753167662,HIGH,4,1639.1699999999998,8,592,197.0,179.0,409.79249999999996,1181.1147215619835
14421,0.3691173595112421,LOW,5,2111.44,120,479,119.25,84.5,422.288,779.369157566417
14422,0.1235461614998268,LOW,15,7040.030000000001,79,552,38.92857142857143,29.5,469.3353333333334,869.7686833436258
14423,0.6389346983133616,MEDIUM,3,916.61,127,476,237.5,237.5,305.5366666666667,585.6539338210104
14425,0.7606202515943836,HIGH,3,661.3899999999998,343,302,151.0,151.0,220.46333333333325,503.0666282020092
14426,0.126609206911656,LOW,13,10131.85,49,504,41.5,36.5,779.373076923077,1282.785493047862
14427,0.8642175597431232,HIGH,2,900.18,403,137,137.0,137.0,450.09,777.9513629295647
14428,0.6563147675047679,MEDIUM,2,330.62,148,85,85.0,85.0,165.31,216.99078843242637
14430,0.8706892545740573,HIGH,3,1220.9000000000003,420,95,47.5,47.5,406.96666666666675,1063.024510909467
14431,0.5411878868169276,MEDIUM,4,2614.2,211,384,127.66666666666669,76.0,653.55,1414.773373716812
14436,0.8625317275299542,HIGH,2,271.70000000000005,7,454,454.0,454.0,135.85000000000002,234.3498703698886
14437,0.6177319424549461,MEDIUM,5,873.3400000000001,274,217,54.0,49.0,174.66800000000003,539.4900146236027
14439,0.4939446908160824,MEDIUM,5,9443.04,228,367,91.5,119.5,1888.6080000000002,4664.339473163899
14440,0.4014826403713998,MEDIUM,10,4810.06,225,420,46.22222222222222,39.0,481.00600000000003,1931.1555891448554
14441,0.2045133447613303,LOW,9,3596.2,3,595,73.875,65.0,399.5777777777778,735.4708904306959
14442,0.3880036183994107,LOW,7,5367.02,113,485,80.66666666666667,103.0,766.7171428571429,2082.4231800220055
14443,0.2623218890646052,LOW,4,1654.29,47,240,79.66666666666667,58.0,413.5725,433.9564778606857
14446,0.5810448017948104,MEDIUM,2,492.97,155,140,140.0,140.0,246.485,286.4376559407877
14447,0.4660341298289095,MEDIUM,3,1149.5299999999995,105,204,101.5,101.5,383.1766666666665,535.7202132622261
14449,0.4052589654606117,MEDIUM,6,1745.07,155,189,37.4,20.0,290.84499999999997,707.2052628563496
14450,0.4415375032348422,MEDIUM,7,1128.4400000000005,89,429,71.16666666666667,60.0,161.20571428571435,498.24858015032555
14451,0.198811746644064,LOW,11,2974.78,103,497,49.3,32.0,270.43454545454546,591.4212076818287
14452,0.6462035396979763,MEDIUM,3,527.27,2,427,213.5,213.5,175.75666666666666,340.7237403765519
14454,0.602723651538361,MEDIUM,5,977.3,285,357,88.75,87.0,195.45999999999998,589.0418246484402
14455,0.7705953979334776,HIGH,4,617.72,341,63,20.666666666666668,24.0,154.43,476.01218921146784
14456,0.2331815271254142,LOW,3,636.65,40,11,5.5,5.5,212.21666666666667,148.45501924439495
14459,0.8644843769102263,HIGH,2,5375.741,64,496,496.0,496.0,2687.8705,4647.244108815757
14460,0.2132435525285367,LOW,9,1093.5,19,613,76.25,71.0,121.5,233.18182468995488
14461,0.1235461614998268,LOW,13,6676.91,57,542,44.75,41.5,513.6084615384615,824.9066011798086
14462,0.1156048769480574,LOW,10,1772.89,29,311,34.22222222222222,31.0,177.28900000000002,204.9547302924415
14463,0.4444644171815101,MEDIUM,4,786.5699999999999,7,401,133.33333333333334,72.0,196.64249999999998,349.6023766224604
14464,0.9159807230969236,HIGH,2,111.0,477,59,59.0,59.0,55.5,101.67386026375851
14465,0.39606624762006,LOW,11,3925.85,155,454,45.0,39.5,356.8954545454545,1554.8966782192124
14466,0.1333951346589428,LOW,11,3575.199999999999,24,610,60.5,57.0,325.01818181818174,476.9142854326521
14467,0.413428339398086,MEDIUM,9,1738.68,221,424,52.625,50.5,193.18666666666667,718.8195851446642
14469,0.5977403507490157,MEDIUM,4,2093.46,325,263,87.0,77.0,523.365,1251.3455146790343
14470,0.6036565053894163,MEDIUM,2,548.4900000000001,196,142,142.0,142.0,274.24500000000006,331.09955664104103
14471,0.8994197743543005,HIGH,2,400.9500000000001,500,141,141.0,141.0,200.47500000000005,360.6223585273569
14472,0.2642571316565366,LOW,9,2118.7200000000003,12,585,72.625,30.5,235.41333333333336,559.8868699833373
14475,0.4596549780674653,MEDIUM,3,847.47,95,222,111.0,111.0,282.49,389.54380426283484
14477,0.4394398646910366,MEDIUM,5,1183.0,93,519,129.5,125.5,236.6,519.8573599294963
14478,0.6234055145417795,MEDIUM,4,1276.6600000000003,291,356,118.33333333333331,104.0,319.1650000000001,795.8768841949084
14479,0.5798061192426004,MEDIUM,4,1124.71,162,479,159.33333333333334,111.0,281.1775,652.1137403733451
14480,0.6462734657970912,MEDIUM,3,1020.47,311,315,157.5,157.5,340.1566666666667,659.5026836419577
14481,0.4348428347395471,MEDIUM,5,2284.69,73,512,127.5,120.5,456.938,993.4810761010959
14482,0.1801296084033075,LOW,8,2749.86,8,371,52.85714285714285,25.0,343.7325,495.33120496391916
14483,0.8120535429905718,HIGH,2,257.1,190,455,455.0,455.0,128.55,208.77896590287602
14484,0.6280607964671939,MEDIUM,3,749.0599999999998,310,321,160.0,160.0,249.6866666666666,470.4552202017162
14486,0.932771123535748,HIGH,2,175.5,420,41,41.0,41.0,87.75,163.70133218052376
14487,0.5197631714003912,MEDIUM,2,225.89,277,10,10.0,10.0,112.945,117.40930278763436
14489,0.6218668703969249,MEDIUM,4,1574.93,116,405,134.66666666666666,120.0,393.7325,979.396790194229
14490,0.7105615711523969,HIGH,2,1273.47,315,22,22.0,22.0,636.735,904.878844015443
14491,0.6419213303303484,MEDIUM,2,340.93,84,197,197.0,197.0,170.465,218.85023914952566
14492,0.7158418221456527,HIGH,7,1921.91,339,188,31.166666666666668,19.5,274.55857142857144,1375.7835563999515
14493,0.300456347483619,LOW,6,3315.84,64,486,97.0,56.0,552.64,996.2651752400832
14494,0.5908819437502519,MEDIUM,2,261.9,310,329,329.0,329.0,130.95,154.75198106819096
14495,0.1957198809096768,LOW,2,91.6,30,538,538.0,538.0,45.8,17.927941091326392
14496,0.5553890036847259,MEDIUM,7,2363.89,220,321,53.0,35.0,337.6985714285714,1312.8785119202867
14497,0.7809663803061843,HIGH,2,697.06,218,364,364.0,364.0,348.53,544.3804250562288
14498,0.194064331079663,LOW,9,3225.3,25,433,53.625,34.5,358.3666666666667,625.9156870312371
14499,0.2730625210712912,LOW,6,1661.16,42,335,66.6,47.0,276.86,453.6005375027861
14500,0.3286592265388069,LOW,2,335.85,21,77,77.0,77.0,167.925,110.38020123305832
14501,0.5424527569605457,MEDIUM,2,251.21,92,136,136.0,136.0,125.605,136.2695570760587
14502,0.322295323736376,LOW,7,1163.22,58,163,26.83333333333333,20.0,166.17428571428573,374.90036647662725
14504,0.5360071721438268,MEDIUM,3,542.71,152,35,17.0,17.0,180.90333333333334,290.89645239417626
14505,0.0854152814968609,LOW,17,10242.39,18,620,38.375,38.5,602.4935294117647,874.856625050633
14506,0.5100733330722755,MEDIUM,5,1818.5600000000004,71,437,108.75,103.0,363.7120000000001,927.5989605919176
14507,0.1554809555705781,LOW,9,2773.55,10,627,78.125,69.5,308.1722222222222,431.23420432277686
14508,0.6277888148240612,MEDIUM,3,554.87,285,164,82.0,82.0,184.95666666666668,348.34117968142687
14510,0.6290123260175051,MEDIUM,3,979.85,284,60,30.0,30.0,326.6166666666667,616.3377276482524
14511,0.3841402920762717,LOW,2,329.89,1,41,41.0,41.0,164.945,126.72404095304127
14512,0.3167090327394095,LOW,7,1215.97,96,544,90.33333333333331,97.0,173.71,385.10868254013974
14513,0.5368822458845306,MEDIUM,6,788.01,9,467,92.8,105.0,131.335,423.068578579469
14514,0.1945671170813653,LOW,8,3792.95,110,525,74.71428571428571,72.0,474.11875,737.9833467337644
14515,0.2415748955375017,LOW,8,2412.8200000000006,100,359,51.0,12.0,301.6025000000001,582.876739450795
14519,0.9261049651659596,HIGH,2,203.14,592,45,45.0,45.0,101.57,188.12896262381304
14522,0.5383745225562393,MEDIUM,6,1534.58,1,592,117.8,33.0,255.76333333333332,826.1787748243537
14524,0.1971104732272351,LOW,9,2094.9,87,238,29.25,25.0,232.76666666666668,412.9267303637348
14525,0.1032590260927262,LOW,15,6630.93,9,626,44.07142857142857,35.0,442.062,684.703373889041
14527,0.055256950019134,LOW,107,24021.17,7,639,5.5,5.0,224.49691588785046,1327.336590091121
14530,0.1820247512744465,LOW,15,5709.08,2,594,42.0,38.0,380.6053333333333,1039.1938670059171
14532,0.39606624762006,LOW,11,3845.78,145,462,45.8,40.0,349.61636363636364,1523.1836537722743
14533,0.3628186652584106,LOW,6,2251.63,21,497,99.2,70.0,375.2716666666667,816.9333912557951
14534,0.0762936798467625,LOW,22,4821.75,4,538,25.19047619047619,16.0,219.17045454545453,367.86905080112706
14535,0.2257693952087147,LOW,8,4771.200000000001,36,526,74.42857142857143,42.0,596.4000000000001,1077.1909384198198
14538,0.6103923150702246,MEDIUM,4,1089.09,165,426,141.66666666666666,138.0,272.2725,664.7721664198309
14540,0.3650972946746618,LOW,9,2952.88,218,423,52.375,47.5,328.09777777777776,1078.0884994989153
14541,0.1329242683563211,LOW,13,2345.38,77,532,43.91666666666666,38.0,180.41384615384615,311.75792051754837
14543,0.0518551735481392,LOW,36,14222.64,17,629,17.542857142857144,15.0,395.0733333333333,737.5174655127065
14544,0.5525122397683289,MEDIUM,2,2036.0,270,108,108.0,108.0,1018.0,1124.9149201683176
14546,0.2062746109262245,LOW,8,3485.79,110,531,75.28571428571429,62.0,435.72375,719.0299760205241
14548,0.1693990286078128,LOW,9,2541.29,59,582,72.625,62.5,282.36555555555555,430.4920574107486
14549,0.6997513791952782,MEDIUM,4,913.6,220,425,141.33333333333334,143.0,228.4,639.2928600328062
14550,0.6529714091165463,MEDIUM,2,587.6899999999999,297,95,95.0,95.0,293.84499999999997,383.744767423703
14551,0.3516257878696048,LOW,6,817.2900000000001,113,477,95.2,90.0,136.215,287.38024016794935
14552,0.6112651101663905,MEDIUM,3,507.93,60,440,220.0,220.0,169.31,310.4798874068147
14553,0.4761330709772802,MEDIUM,6,1271.65,127,290,57.8,62.0,211.9416666666667,605.4746197082584
14555,0.4523970747908065,MEDIUM,5,2177.8300000000004,211,419,104.25,112.0,435.5660000000001,985.2439213916623
14556,0.8980895937709098,HIGH,3,815.6899999999999,505,92,45.5,45.5,271.89666666666665,732.5627007429933
14558,0.8891941890110577,HIGH,3,655.5,563,77,38.0,38.0,218.5,582.8667908967484
14560,0.0592903587106565,LOW,37,5441.46,3,643,17.5,11.0,147.0664864864865,322.62611530968894
14561,0.5308040023433662,MEDIUM,2,566.9899999999999,71,22,22.0,22.0,283.49499999999995,300.96056128866513
14562,0.1486892024357627,LOW,15,3940.76,1,578,40.785714285714285,34.0,262.71733333333333,585.9484613907563
14563,0.8795431145985604,HIGH,2,640.5400000000002,418,82,82.0,82.0,320.2700000000001,563.3825466249621
14564,0.8233012872577316,HIGH,2,2605.6200000000003,343,300,300.0,300.0,1302.8100000000002,2145.2103001044907
14565,0.375654259870527,LOW,5,3859.22,4,377,94.0,102.0,771.8439999999999,1449.732432777535
14566,0.4184846647402529,MEDIUM,4,4092.0,19,423,140.66666666666666,59.0,1023.0,1712.4392481171149
14569,0.6397374211464585,MEDIUM,3,369.94,361,150,75.0,75.0,123.31333333333333,236.66446157892085
14570,0.5823900306953345,MEDIUM,3,613.7500000000002,189,162,81.0,81.0,204.5833333333334,357.44188133926167
14572,0.1710245102116397,LOW,9,4785.58,19,510,63.375,59.0,531.7311111111111,818.4514755786187
14573,0.1965567399854133,LOW,13,2163.1200000000003,88,520,42.833333333333336,14.0,166.39384615384617,425.1758153972473
14577,0.3878167287573761,LOW,6,1151.0800000000002,72,564,112.8,69.0,191.8466666666667,446.40808013804053
14583,0.2938709877537174,LOW,7,1415.05,53,476,79.0,54.0,202.15,415.84214122089776
14584,0.2775720173022645,LOW,8,1738.1600000000003,78,491,69.71428571428571,30.0,217.27000000000004,482.4645775941041
14585,0.693730087796506,MEDIUM,4,986.22,291,34,10.666666666666666,7.0,246.555,684.1704871866702
14587,0.2376502936449599,LOW,8,1452.68,93,147,20.571428571428573,19.0,181.585,345.2298285721604
14590,0.8577576688694099,HIGH,20,2993.37,333,307,15.63157894736842,13.0,149.6685,2567.586073263625
14593,0.2107852197814419,LOW,11,3387.9700000000003,107,531,52.9,13.0,307.99727272727273,714.1340010629318
14595,0.6791588707589057,MEDIUM,3,587.6500000000001,222,374,187.0,187.0,195.88333333333335,399.10771040147097
14597,0.3133044478679501,LOW,5,1483.4899999999998,100,245,61.0,28.5,296.698,464.7840153676252
14599,0.6625421767148038,MEDIUM,2,457.89,299,118,118.0,118.0,228.945,303.37143729594146
14600,0.7332469545941099,HIGH,2,865.17,214,87,87.0,87.0,432.585,634.3832677061861
14605,0.6254653168174314,MEDIUM,4,921.56,283,357,118.66666666666669,134.0,230.39,576.403817366272
14606,0.055256950019134,LOW,170,27384.13,2,643,3.3431952662721893,3.0,161.08311764705883,1513.163502727468
14607,0.3378313738768602,LOW,9,8048.63,170,463,57.625,46.0,894.2922222222222,2719.0797307265134
14608,0.4202895176053233,MEDIUM,8,1771.79,271,371,52.57142857142857,30.0,221.47375,744.6647643979358
14609,0.2297037442914603,LOW,9,1371.0,52,525,65.125,65.0,152.33333333333334,314.92383342359204
14610,0.3896171937416763,LOW,2,24.35,304,118,118.0,118.0,12.175,9.487178667609818
14611,0.5272675296270051,MEDIUM,2,604.3300000000002,352,154,154.0,154.0,302.1650000000001,318.64358617948807
14615,0.6712490609806511,MEDIUM,5,951.76,303,153,38.0,44.5,190.352,638.8680062789444
14616,0.5444186105640952,MEDIUM,5,527.78,151,306,75.75,54.0,105.556,287.33325428351816
14617,0.8570470885958252,HIGH,2,190.47,311,13,13.0,13.0,95.235,163.24175896484684
14618,0.6357794133801177,MEDIUM,5,1000.68,246,209,52.0,39.0,200.136,636.2117433812161
14619,0.6962365382829158,MEDIUM,2,1291.2400000000002,154,295,295.0,295.0,645.6200000000001,899.0084676924323
14620,0.4882269412369844,MEDIUM,2,412.78,114,78,78.0,78.0,206.39,201.5303168038024
14621,0.2595280676628169,LOW,7,2215.12,65,527,87.33333333333333,89.5,316.44571428571425,574.8858132412589
14623,0.2707811715143322,LOW,8,1736.44,25,485,68.85714285714286,70.0,217.055,470.195257464347
14624,0.6750523610553234,MEDIUM,4,588.22,324,189,62.66666666666666,49.0,147.055,397.07929981996233
14625,0.2038985289670112,LOW,11,4497.88,105,527,52.3,37.0,408.89818181818185,917.1111154701404
14626,0.1330627231238045,LOW,9,4190.9400000000005,31,606,75.375,61.0,465.6600000000001,557.6578888484772
14628,0.6646340454463268,MEDIUM,5,1998.0,0,592,147.5,175.0,399.6,1327.9388228017608
14631,0.3868057266769703,LOW,5,1648.79,144,252,62.25,67.0,329.758,637.7614140877218
14634,0.6605720586125327,MEDIUM,4,2124.46,346,104,34.0,27.0,531.115,1403.3589156399812
14639,0.2457032890753303,LOW,7,3983.7,29,541,89.83333333333333,90.0,569.1,978.8081926893932
14640,0.212567994540985,LOW,8,3025.34,36,558,79.42857142857143,61.0,378.1675,643.0904566046236
14643,0.4984969426722856,MEDIUM,5,1679.89,79,558,139.0,144.0,335.978,837.420029025746
14644,0.4575634888104354,MEDIUM,6,1604.4600000000005,207,437,87.2,76.0,267.4100000000001,734.1423152567914
14645,0.5935443427256883,MEDIUM,3,876.8900000000001,65,477,238.0,238.0,292.2966666666667,520.473098692729
14646,0.055256950019134,LOW,120,426699.12,1,644,5.092436974789916,1.0,3555.826,23578.09194704846
14647,0.6437788675214766,MEDIUM,2,506.04,110,322,322.0,322.0,253.02,325.77785812056806
14648,0.6765980400073802,MEDIUM,15,4466.650000000001,325,312,21.928571428571427,16.5,297.7766666666667,3022.1266353989654
14649,0.229447435087485,LOW,7,2830.7200000000003,121,476,79.16666666666667,69.0,404.3885714285715,649.5014434508456
14651,0.3609437466718504,LOW,8,1787.24,120,420,59.71428571428572,33.0,223.405,645.093101801798
14653,0.4200785499609775,MEDIUM,6,2011.2200000000005,247,399,79.4,37.0,335.20333333333343,844.8703812525173
14655,0.4545910090446592,MEDIUM,4,2756.84,131,374,124.33333333333331,134.0,689.21,1253.2346773746783
14656,0.501571540764023,MEDIUM,5,790.0,78,434,108.25,106.0,158.0,396.24151720357816
14657,0.2738246850283876,LOW,5,1240.91,64,279,69.5,73.0,248.18200000000002,339.79178989857644
14659,0.1979546344142836,LOW,6,1641.5500000000002,54,169,33.4,33.0,273.5916666666667,324.9524301227673
14662,0.5304829438183049,MEDIUM,6,1147.34,143,501,100.0,103.0,191.22333333333333,608.6443007604938
14663,0.7478828969572633,HIGH,2,490.6,339,0,0.0,0.0,245.3,366.9113492472334
14665,0.496537315497999,MEDIUM,5,1645.61,205,295,73.75,65.0,329.12199999999996,817.106771756662
14667,0.0576579468106727,LOW,47,17231.760000000002,3,642,13.478260869565217,13.0,366.63319148936176,993.5479015342775
14669,0.3248748381510769,LOW,7,3216.78,150,495,82.16666666666667,51.0,459.54,1045.0508818676212
14670,0.6117244587985526,MEDIUM,3,583.33,189,452,225.5,225.5,194.44333333333336,356.83722855095976
14671,0.8984938117547627,HIGH,2,1127.45,458,18,18.0,18.0,563.725,1013.0068480629072
14672,0.6450516317917003,MEDIUM,4,1113.1399999999996,143,445,148.0,164.0,278.2849999999999,718.0327734126131
14673,0.5113662034460197,MEDIUM,3,1674.41,276,42,21.0,21.0,558.1366666666667,856.2366847120499
14676,0.1357256450348493,LOW,10,7499.47,56,492,54.22222222222222,59.0,749.947,1017.8704031695013
14679,0.6545985748577114,MEDIUM,3,1289.44,290,349,174.5,174.5,429.81333333333333,844.0655863645275
14680,0.055256950019134,LOW,56,52356.95,4,640,11.072727272727272,7.0,934.9455357142857,2893.0853693042977
14681,0.5887771025583066,MEDIUM,4,770.15,120,442,147.0,175.0,192.5375,453.4466855352798
14682,0.32411939932493,LOW,6,1514.81,96,484,96.6,89.0,252.46833333333333,490.9793072913972
14684,0.5514546938056596,MEDIUM,3,721.9599999999999,124,174,87.0,87.0,240.6533333333333,398.12823073993394
14685,0.8920973357791395,HIGH,8,4536.639999999999,485,150,21.0,27.0,567.0799999999999,4047.124457389075
14686,0.7427890844106952,HIGH,5,852.5300000000001,323,245,61.0,0.0,170.50600000000003,633.2499781326501
14687,0.7308102878675242,HIGH,3,1402.06,15,445,222.0,222.0,467.3533333333333,1024.639872207541
14688,0.060160881354203,LOW,23,5797.77,1,363,16.09090909090909,14.0,252.07695652173916,348.79895308895755
14690,0.4733072453194562,MEDIUM,3,635.19,60,258,129.0,129.0,211.73000000000002,300.6400291544654
14691,0.4345727429592869,MEDIUM,2,1274.6799999999996,5,116,116.0,116.0,637.3399999999998,553.9411839953436
14692,0.2777417224270934,LOW,12,1715.1400000000003,46,480,43.18181818181818,42.0,142.92833333333337,476.36593780360505
14693,0.5799743978749504,MEDIUM,7,1165.36,173,261,43.0,21.0,166.48,675.8789643075521
14695,0.8359910559893365,HIGH,3,1534.22,428,213,106.5,106.5,511.4066666666667,1282.59419791996
14696,0.2387385927594022,LOW,6,1852.8700000000003,28,302,59.8,54.0,308.8116666666667,442.35157636611365
14697,0.9127074622177777,HIGH,2,188.61,127,0,0.0,0.0,94.305,172.14575444889505
14699,0.5502344661464003,MEDIUM,4,702.6,123,311,103.33333333333331,58.0,175.65,386.59473591446084
14700,0.313983412888738,LOW,4,2422.06,98,295,98.33333333333331,70.0,605.515,760.4866650212967
14701,0.1366865348332511,LOW,13,3902.45,81,511,42.16666666666666,18.0,300.1884615384615,533.4123678600207
14702,0.0633528176120245,LOW,21,4768.24,25,612,30.05,20.5,227.05904761904762,302.08143905035973
14704,0.5298331222028303,MEDIUM,4,466.46,51,481,160.0,199.0,116.615,247.14595818273222
14707,0.8857283335058225,HIGH,2,139.2,344,141,141.0,141.0,69.6,123.29338402401048
14708,0.3865879740905254,LOW,4,1368.03,63,301,100.33333333333331,55.0,342.0075,528.8639461950614
14709,0.0536473099771832,LOW,21,7918.030000000001,2,640,31.5,29.5,377.04904761904766,424.78100981863594
14710,0.6312776514963454,MEDIUM,9,1300.31,288,356,44.125,25.5,144.4788888888889,820.8566430172128
14711,0.0524492154317724,LOW,9,2355.63,0,171,20.625,16.5,261.7366666666667,123.55094534754603
14712,0.5288577198120927,MEDIUM,2,526.72,21,305,305.0,305.0,263.36,278.5599381794255
14713,0.0533244052984567,LOW,19,4483.17,8,636,34.888888888888886,34.5,235.95631578947368,239.06237410188214
14714,0.6256178018107692,MEDIUM,3,746.05,316,280,140.0,140.0,248.6833333333333,466.7421610409243
14715,0.4102826080614485,MEDIUM,7,1552.8200000000002,3,594,98.66666666666669,94.5,221.8314285714286,637.0950394499786
14716,0.6033383766484951,MEDIUM,2,417.49,57,296,296.0,296.0,208.745,251.88773886698021
14719,0.4243503148810445,MEDIUM,2,488.12000000000006,88,69,69.0,69.0,244.06000000000003,207.13387569973548
14722,0.5323520074330517,MEDIUM,3,489.52,56,339,169.5,169.5,163.17333333333332,260.59695467862747
14723,0.5058444205170276,MEDIUM,8,1136.35,267,377,53.57142857142857,39.0,142.04375,574.8163072545243
14725,0.6277888148240612,MEDIUM,3,597.1600000000001,303,140,70.0,70.0,199.05333333333337,374.89036866033643
14727,0.6018085437753915,MEDIUM,3,463.73,183,272,136.0,136.0,154.57666666666668,279.07667600496234
14729,0.6324847315238293,MEDIUM,3,586.24,282,251,125.5,125.5,195.41333333333333,370.7878490085297
14730,0.3368955629848611,LOW,5,872.1300000000001,16,169,42.0,38.5,174.42600000000002,293.816727345987
14731,0.2852871689439932,LOW,2,251.02,114,6,6.0,6.0,125.51,71.61278514832118
14732,0.1130626531790609,LOW,16,4432.88,52,586,38.6,40.0,277.055,501.1931740243955
14733,0.0515238816743216,LOW,14,13793.44,19,291,21.923076923076923,22.0,985.2457142857144,710.6915704418545
14734,0.8100015629449857,HIGH,4,1056.4199999999998,334,125,41.66666666666666,45.0,264.10499999999996,855.7018511263417
14735,0.0599997581261437,LOW,47,9770.18,8,636,13.5,9.5,207.87617021276597,586.2084368488867
14736,0.835823547177923,HIGH,2,374.05,394,0,0.0,0.0,187.025,312.6397978219021
14737,0.3424760310009208,LOW,3,3471.3700000000003,37,271,135.5,135.5,1157.1233333333334,1188.8610197356666
14738,0.2278652776483392,LOW,7,1265.1,42,599,99.16666666666669,69.5,180.72857142857143,288.27236275291386
14739,0.0536473099771832,LOW,22,9918.92,3,643,30.09523809523809,19.0,450.86,532.123375878882
14740,0.252235727063317,LOW,11,4161.06,106,455,45.0,27.5,378.27818181818185,1049.567994454086
14741,0.3054666656014757,LOW,5,1177.7099999999998,22,304,75.5,47.0,235.54199999999997,359.75114674551384
14744,0.4332007908292462,MEDIUM,12,3488.13,206,272,24.363636363636363,14.0,290.6775,1511.0606745152186
14745,0.216856396034876,LOW,12,2551.4100000000003,21,524,47.27272727272727,28.0,212.61750000000004,553.289577407343
14746,0.8008168379023214,HIGH,4,593.5,315,17,5.666666666666667,8.0,148.375,475.2847932950277
14748,0.1708002934319462,LOW,9,2384.92,32,521,64.75,70.0,264.99111111111114,407.34503581171714
14751,0.9361181574473292,HIGH,2,126.45000000000002,593,41,41.0,41.0,63.22500000000001,118.37214100921479
14754,0.5386677204491473,MEDIUM,5,1138.15,204,395,98.25,114.5,227.63000000000002,613.0846660291971
14755,0.0536473099771832,LOW,21,7829.95,21,623,30.75,36.5,372.8547619047619,420.0557547558456
14756,0.5640099144634348,MEDIUM,2,1914.8,291,41,41.0,41.0,957.4,1079.966184214585
14758,0.2392884493043003,LOW,7,2864.97,53,465,77.16666666666667,81.0,409.28142857142853,685.5542286033411
14759,0.3861902517549423,LOW,2,870.85,21,119,119.0,119.0,435.425,336.3137807407915
14761,0.7129513295206911,HIGH,2,289.52,243,109,109.0,109.0,144.76,206.41366892283045
14762,0.8212370497273623,HIGH,2,417.57,172,362,362.0,362.0,208.785,342.9239548546547
14765,0.2954007125226996,LOW,2,95.5,21,63,63.0,63.0,47.75,28.210768045917813
14766,0.1827581807885484,LOW,9,5433.68,77,383,47.375,41.0,603.7422222222223,993.0494717871198
14769,0.1143922300545623,LOW,15,11381.97,17,615,43.42857142857143,37.5,758.798,1302.0089307141263
14770,0.3909365319656827,LOW,8,3637.64,141,419,59.42857142857143,41.0,454.705,1422.0863661396459
14771,0.8770337537076031,HIGH,2,594.6199999999998,530,115,115.0,115.0,297.3099999999999,521.5018106296147
14775,0.5444749466613499,MEDIUM,2,701.4599999999999,46,234,234.0,234.0,350.72999999999996,381.9273960850704
14776,0.0931235541680106,LOW,12,3032.2200000000003,14,341,30.454545454545453,27.0,252.68500000000003,282.37110341932515
14778,0.5585517572794632,MEDIUM,2,730.8599999999999,36,181,181.0,181.0,365.42999999999995,408.2231373252684
14779,0.6463096555167381,MEDIUM,3,386.15,189,43,21.5,21.5,128.71666666666667,249.5724734777884
14784,0.7477101088608137,HIGH,2,274.62,232,65,65.0,65.0,137.31,205.33615009535666
14790,0.2766681686406704,LOW,8,2145.6,28,608,86.57142857142857,102.0,268.2,593.6192226354224
14794,0.383066321529207,LOW,7,1313.53,112,283,46.66666666666666,46.0,187.64714285714285,503.16910531825926
14796,0.0536473099771832,LOW,24,8775.02,3,630,26.82608695652174,20.0,365.62583333333333,470.7562179959821
14798,0.2825076133135644,LOW,7,647.9700000000001,53,504,83.33333333333333,73.0,92.56714285714288,183.05645819879035
14800,0.055677265836211,LOW,14,6692.030000000001,18,325,24.615384615384617,28.0,478.0021428571429,372.5939332938991
14802,0.6767705550226628,MEDIUM,2,1502.98,347,0,0.0,0.0,751.49,1017.1726087879617
14803,0.3972966807996833,LOW,3,845.55,71,130,64.5,64.5,281.84999999999997,335.93420845017215
14805,0.6186940165337913,MEDIUM,4,645.4000000000002,222,307,102.33333333333331,105.0,161.35000000000005,399.305118270909
14807,0.7105669839134284,HIGH,2,504.14,299,259,259.0,259.0,252.07,358.2252392701158
14808,0.3744614669780751,LOW,6,1833.82,53,28,5.2,5.0,305.63666666666666,686.6949273737337
14809,0.805893186925442,HIGH,2,686.7600000000001,530,0,0.0,0.0,343.38000000000005,553.4552050529167
14810,0.1289803388223532,LOW,12,2135.48,12,325,29.0,27.0,177.95666666666668,275.43493394835883
14813,0.6490423797353305,MEDIUM,4,888.9100000000001,278,241,80.0,16.0,222.22750000000002,576.9402617705327
14817,0.2439142771079514,LOW,7,3959.86,109,427,70.66666666666667,81.5,565.6942857142857,965.8663893486925
14818,0.4394398646910366,MEDIUM,5,905.39,78,478,119.0,104.5,181.078,397.8644590926176
14819,0.4296582757643433,MEDIUM,3,269.06,101,525,262.5,262.5,89.68666666666667,115.6038556771542
14820,0.3756632505827482,LOW,6,907.24,82,504,100.4,84.0,151.20666666666668,340.81672745869247
14821,0.6657423357571682,MEDIUM,7,1230.15,275,309,51.16666666666666,14.0,175.7357142857143,818.9629343316806
14823,0.62642470182583,MEDIUM,3,321.42999999999995,89,14,6.5,6.5,107.14333333333332,201.3516919078765
14824,0.2834374016441792,LOW,7,3337.1100000000006,0,546,90.5,40.0,476.7300000000001,945.861787400807
14825,0.099893057570218,LOW,19,3847.54,36,484,26.444444444444443,19.0,202.5021052631579,384.3425347237166
14826,0.8994197743543005,HIGH,2,385.2,490,113,113.0,113.0,192.6,346.45649708127655
14828,0.1371754639949328,LOW,13,9839.459999999995,105,535,44.16666666666666,43.0,756.8815384615381,1349.732490959581
14829,0.3374938238220345,LOW,6,1289.95,93,252,50.0,15.0,214.99166666666667,435.35015803923346
14831,0.8924600049990917,HIGH,3,1676.5699999999997,589,57,28.5,28.5,558.8566666666666,1496.271670581327
14834,0.4442700148889466,MEDIUM,3,915.16,29,286,142.5,142.5,305.05333333333334,406.57814682576833
14835,0.9268455274915208,HIGH,2,297.0,437,88,88.0,88.0,148.5,275.27312166498166
14837,0.2350633218661378,LOW,8,3156.38,14,579,82.28571428571429,61.0,394.5475,741.94916787184
14838,0.7987687844752461,HIGH,2,769.9200000000001,332,313,313.0,313.0,384.96000000000004,614.9880625431815
14839,0.6815460643385635,MEDIUM,3,915.28,327,285,142.5,142.5,305.0933333333333,623.8054817678003
14840,0.7420202816592616,HIGH,2,362.71,176,271,271.0,271.0,181.355,269.1381763606308
14841,0.1642385483543343,LOW,12,6242.81,88,557,50.27272727272727,49.0,520.2341666666667,1025.3100520519217
14842,0.4220151649932576,MEDIUM,3,1901.52,4,212,106.0,106.0,633.84,802.4702765379792
14844,0.1710245102116397,LOW,9,5770.3,32,483,60.125,58.5,641.1444444444445,986.8627312742245
14847,0.6691442555608678,MEDIUM,3,1348.95,57,415,207.5,207.5,449.65000000000003,902.6421435388326
14849,0.0652379756572029,LOW,35,13261.6,4,603,17.5,10.5,378.90285714285716,865.1599379755621
14850,0.6698761821925151,MEDIUM,7,1770.96,220,256,42.5,0.5,252.99428571428572,1186.3239236156567
14851,0.7004108769656906,HIGH,2,524.1899999999999,165,374,374.0,374.0,262.09499999999997,367.14837759664533
14852,0.0762936798467625,LOW,17,5484.16,5,547,33.9375,30.5,322.5976470588235,418.406747268421
14853,0.5055047230767098,MEDIUM,4,1115.57,120,394,131.0,120.0,278.8925,563.9259039226852
14854,0.1615206349672805,LOW,10,3844.86,42,553,61.0,57.0,384.486,621.0242285602982
14855,0.2268230770976887,LOW,7,6520.299999999999,28,491,81.66666666666667,24.0,931.4714285714284,1478.9545096000595
14857,0.2746850485753095,LOW,6,3001.251,57,486,97.0,77.0,500.2085,824.3987767216963
14859,0.5297875075729667,MEDIUM,2,648.76,113,350,350.0,350.0,324.38,343.7049434130378
14861,0.591410662992751,MEDIUM,9,1254.94,289,350,43.5,26.5,139.4377777777778,742.184897416123
14865,0.3427737766956387,LOW,3,77.52000000000001,281,366,182.5,182.5,25.840000000000003,26.571823169445913
14866,0.1288912148530017,LOW,11,7520.540000000001,14,364,36.0,12.5,683.6854545454546,969.3315369505935
14867,0.2786236120106757,LOW,16,2952.06,94,548,36.2,22.0,184.50375,822.5136200722353
14868,0.173157466306335,LOW,8,2527.49,29,300,42.42857142857143,26.0,315.93625,437.6537645145986
14869,0.4076696011905643,MEDIUM,5,2443.75,12,620,154.75,137.0,488.75,996.2425879094415
14870,0.6456775699292311,MEDIUM,6,1838.95,170,422,84.2,101.0,306.4916666666667,1187.3687672213596
14871,0.3706331393239463,LOW,8,1062.1899999999998,87,560,79.42857142857143,76.0,132.77374999999998,393.68281425850245
14872,0.8533206897909248,HIGH,3,816.6,392,149,74.5,74.5,272.2,696.8216752832692
14873,0.8501691328814066,HIGH,2,854.1299999999999,119,423,423.0,423.0,427.06499999999994,726.1549614679957
14875,0.4802322630093786,MEDIUM,3,2862.4000000000005,16,334,167.0,167.0,954.1333333333336,1374.6168296380456
14876,0.8744079510167494,HIGH,2,256.70000000000005,430,40,40.0,40.0,128.35000000000002,224.4605210259996
14877,0.6967288380486909,MEDIUM,2,425.85,327,224,224.0,224.0,212.925,296.701975683035
14878,0.0993764616264897,LOW,22,3683.43,82,483,22.428571428571427,20.0,167.42863636363634,366.04624004886097
14880,0.5708930108961092,MEDIUM,2,347.67,94,103,103.0,103.0,173.835,198.4823730982503
14882,0.5236555070969474,MEDIUM,12,2956.95,299,228,20.454545454545453,4.0,246.4125,1548.4231517103185
14883,0.547820294139355,MEDIUM,2,358.48,72,47,47.0,47.0,179.24,196.38261904307598
14885,0.5558370544316075,MEDIUM,3,1598.12,40,334,166.5,166.5,532.7066666666666,888.2943134282405
14890,0.6561410689505529,MEDIUM,3,817.25,162,406,203.0,203.0,272.4166666666667,536.2312885998393
14891,0.4628406511007547,MEDIUM,4,1106.73,57,288,95.33333333333331,39.0,276.6825,512.2396337927382
14894,0.3869804466547787,LOW,2,837.0599999999998,352,294,294.0,294.0,418.5299999999999,323.925852676849
14895,0.0518551735481392,LOW,31,21955.620000000003,0,638,20.9,13.5,708.245806451613,1138.512485456996
14896,0.2548308503917407,LOW,8,1826.0,113,528,75.0,55.0,228.25,465.3211328153185
14897,0.4861756851351136,MEDIUM,5,1949.66,205,427,106.25,121.5,389.932,947.8772862805256
14898,0.1059094550694926,LOW,13,3087.82,43,601,49.583333333333336,45.5,237.5246153846154,327.02933355268067
14901,0.2562618631613923,LOW,8,1319.8300000000002,10,397,56.285714285714285,34.0,164.97875000000002,338.2220948563005
14902,0.6442002674699928,MEDIUM,2,702.9600000000002,304,157,157.0,157.0,351.4800000000001,452.8470200207062
14903,0.1585276238692023,LOW,4,2398.62,33,154,51.0,46.0,599.655,380.247529165146
14904,0.7290516029936355,HIGH,2,605.05,317,19,19.0,19.0,302.525,441.1126723912991
14905,0.2510997043849929,LOW,8,1971.39,66,578,82.28571428571429,76.0,246.42375,495.0154462275312
14907,0.1170274437413135,LOW,14,4654.800000000001,8,503,38.30769230769231,9.0,332.4857142857144,544.7393451270663
14909,0.7114376832194267,HIGH,3,1404.6799999999998,346,226,112.5,112.5,468.22666666666663,999.3422848646642
14911,0.055256950019134,LOW,309,229613.43,2,645,1.707792207792208,1.0,743.0855339805825,12687.737825231923
14912,0.6123771551687776,MEDIUM,5,1504.19,155,435,108.5,123.0,300.838,921.1315930333235
14913,0.2242218415637839,LOW,7,3762.85,92,302,49.833333333333336,32.5,537.55,843.7131565282842
14915,0.3697661944456447,LOW,11,1811.25,0,645,64.2,58.0,164.6590909090909,669.7390196896739
14916,0.2939920627096865,LOW,7,2741.7300000000005,2,523,86.83333333333333,81.0,391.6757142857144,806.0468580930288
14917,0.8324028388017136,HIGH,2,1123.7500000000002,505,0,0.0,0.0,561.8750000000001,935.4126901034259
14918,0.1822430007926955,LOW,9,5955.81,24,495,61.625,36.0,661.7566666666667,1085.4046865511439
14920,0.6168966555337402,MEDIUM,3,1607.1700000000003,121,352,176.0,176.0,535.7233333333335,991.4577978741614
14922,0.6418028221977976,MEDIUM,2,843.7400000000001,302,114,114.0,114.0,421.87000000000006,541.5147132011698
14924,0.6385592631250282,MEDIUM,3,931.01,154,393,196.5,196.5,310.33666666666664,594.5050595620324
14926,0.7006658141321729,HIGH,2,359.4,290,216,216.0,216.0,179.7,251.8192935991029
14930,0.3396667714188205,LOW,6,5236.73,17,497,99.2,92.0,872.7883333333333,1778.7431718920798
14931,0.4112650569886023,MEDIUM,2,586.0,115,34,34.0,34.0,293.0,241.00132339532092
14932,0.7231993548362323,HIGH,2,666.1300000000001,274,20,20.0,20.0,333.06500000000005,481.74478623705954
14933,0.6119138862361377,MEDIUM,4,1770.0,352,0,0.0,0.0,442.5,1083.0875786379638
14934,0.3495756888297045,LOW,4,2441.4,191,158,52.66666666666666,62.0,610.35,853.4540867088407
14935,0.7830123955488878,HIGH,2,2849.83,206,322,322.0,322.0,1424.915,2231.4522152070867
14936,0.1799630077823892,LOW,7,9346.67,17,475,78.83333333333333,83.0,1335.2385714285715,1682.0548459494237
14938,0.8406887001058357,HIGH,2,2322.43,471,0,0.0,0.0,1161.215,1952.440657786796
14940,0.7404296902892735,HIGH,2,531.49,326,315,315.0,315.0,265.745,393.530976091846
14942,0.61655584569486,MEDIUM,4,746.5600000000002,310,328,109.0,91.0,186.64000000000004,460.2959321619548
14944,0.136677784973334,LOW,14,7048.610000000001,3,566,43.30769230769231,41.0,503.4721428571429,963.3884019408918
14947,0.4661438182765215,MEDIUM,5,937.47,39,493,123.0,107.0,187.494,436.99584531969066
14948,0.4048849346163699,MEDIUM,4,639.2300000000001,7,120,40.0,28.0,159.80750000000003,258.81459675482216
14949,0.8368887933902944,HIGH,4,515.0000000000001,378,252,83.33333333333333,41.0,128.75000000000003,430.9977285960017
14952,0.1219880272735957,LOW,28,13064.47,115,529,19.296296296296298,16.0,466.5882142857143,1593.7089226750727
14953,0.799677365388342,HIGH,3,685.65,327,17,8.5,8.5,228.54999999999998,548.2987855785167
14957,0.8117002127346372,HIGH,2,261.68999999999994,162,391,391.0,391.0,130.84499999999997,212.41382867052715
14958,0.4199471369145094,MEDIUM,6,941.99,56,588,117.2,60.0,156.99833333333333,395.5860035020987
14959,0.3067655904786214,LOW,3,537.3199999999999,18,186,92.5,92.5,179.10666666666665,164.83128707597282
14961,0.0536473099771832,LOW,20,14283.4,0,644,33.421052631578945,20.0,714.17,766.2659873280985
14962,0.7396314620809098,HIGH,4,366.91,179,313,104.0,32.0,91.7275,271.37817975210663
14963,0.2996060067765229,LOW,8,1945.43,92,341,48.57142857142857,19.0,243.17875,582.862513763251
14965,0.4369060153891293,MEDIUM,2,596.09,5,0,0.0,0.0,298.045,260.4353067133061
14966,0.549028688138048,MEDIUM,5,881.2400000000001,296,336,84.0,7.5,176.24800000000002,483.82604113477345
14967,0.4675721746844875,MEDIUM,5,1518.8100000000002,350,294,73.25,38.0,303.76200000000006,710.1532946325465
14970,0.2026229422446885,LOW,11,4447.04,46,526,52.2,45.0,404.2763636363636,901.0723290798195
14972,0.7352000184170422,HIGH,2,145.06999999999996,37,252,252.0,252.0,72.53499999999998,106.65546667176028
14973,0.3298918266657085,LOW,3,1314.4499999999998,16,118,58.5,58.5,438.1499999999999,433.6263115607405
14976,0.3787341274299337,LOW,4,559.96,10,225,75.0,78.0,139.99,212.07596199566566
14978,0.3043898860902991,LOW,9,2718.05,144,355,43.875,40.5,302.0055555555556,827.3469298877375
14981,0.6828201177047507,MEDIUM,2,372.92,155,177,177.0,177.0,186.46,254.63727829445565
14984,0.4394398646910366,MEDIUM,5,1160.37,89,516,128.75,153.5,232.07399999999998,509.91283579153804
14985,0.629937568182724,MEDIUM,2,292.01,107,159,159.0,159.0,146.005,183.9480692850372
14986,0.6918574035317441,MEDIUM,2,563.1,285,307,307.0,307.0,281.55,389.5849039287251
14987,0.5381920888935816,MEDIUM,7,1387.4499999999996,274,371,61.333333333333336,9.5,198.2071428571428,746.7146137353996
14988,0.3401487809461881,LOW,7,2038.65,120,390,64.5,26.0,291.2357142857143,693.4443122759465
14990,0.8994197743543005,HIGH,2,304.17,521,118,118.0,118.0,152.085,273.5765127653476
14994,0.6357794133801177,MEDIUM,5,946.72,291,240,59.75,41.0,189.344,601.905086235225
14996,0.8120421541586333,HIGH,2,442.29,390,0,0.0,0.0,221.145,359.158124362822
14997,0.5700732795399842,MEDIUM,2,385.68,87,477,477.0,477.0,192.84,219.8658624529811
14998,0.5865554788474595,MEDIUM,4,753.1800000000001,79,435,144.66666666666666,177.0,188.29500000000002,441.7818555583296
15001,0.7907917194323393,HIGH,2,199.11,303,0,0.0,0.0,99.555,157.4545392561731
15002,0.1920669813487573,LOW,9,4138.08,24,580,72.25,34.5,459.78666666666663,794.7885341796656
15003,0.8111196317875194,HIGH,6,1027.0300000000002,382,209,41.2,20.0,171.1716666666667,833.0441954347363
15005,0.059647113848081,LOW,48,11966.759999999998,4,642,13.170212765957446,12.0,249.30749999999998,713.7826961126617
15008,0.891519609851665,HIGH,2,359.99999999999994,389,157,157.0,157.0,179.99999999999997,320.94705954659935
15011,0.776990293108249,HIGH,2,416.6,304,20,20.0,20.0,208.3,323.69415610889655
15012,0.6599775499482232,MEDIUM,2,429.78,282,203,203.0,203.0,214.89,283.64515141674735
15013,0.6899711274088975,MEDIUM,10,1610.8200000000002,396,189,20.666666666666668,20.0,161.08200000000002,1111.4192914528005
15015,0.7114237152189391,HIGH,13,2354.97,410,223,18.166666666666668,20.5,181.15153846153845,1675.381506629145
15016,0.423836954863345,MEDIUM,5,620.8900000000001,81,370,92.5,75.0,124.17800000000003,263.1561269051023
15018,0.6629389461974661,MEDIUM,2,291.34000000000003,161,114,114.0,114.0,145.67000000000002,193.14063258516978
15021,0.2996060067765229,LOW,8,1709.0500000000002,65,341,48.142857142857146,42.0,213.63125000000002,512.0416458814165
15023,0.0794811734696854,LOW,17,9886.21,25,557,34.4375,37.0,581.5417647058823,785.7675719677385
15024,0.1274717601442632,LOW,11,2753.58,22,311,30.7,8.0,250.32545454545453,351.0036892980403
15026,0.498902084677952,MEDIUM,4,810.6700000000001,149,208,68.66666666666667,72.0,202.66750000000002,404.4449529858754
15027,0.2071893698092798,LOW,9,3096.4200000000005,77,455,56.5,30.0,344.04666666666674,641.5453084648502
15028,0.7259429314789738,HIGH,3,521.78,277,25,12.0,12.0,173.92666666666665,378.78250278709896
15030,0.4119311905739573,MEDIUM,7,1614.39,177,376,62.333333333333336,53.5,230.62714285714287,665.0175947506909
15031,0.1475309867735001,LOW,12,2711.54,19,621,56.09090909090909,37.0,225.96166666666667,400.0361718758165
15032,0.3677182923286742,LOW,8,11010.05,165,472,67.14285714285714,55.0,1376.25625,4048.5967844533193
15033,0.2387385927594022,LOW,6,1608.9499999999998,18,220,43.4,48.0,268.1583333333333,384.11845882024016
15034,0.2859677163135992,LOW,11,6597.42,141,344,34.0,27.0,599.7654545454545,1886.6491309616656
15036,0.578603165575403,MEDIUM,2,212.49,86,2,2.0,2.0,106.245,122.94738665311739
15037,0.8190496543060768,HIGH,2,397.75999999999993,285,0,0.0,0.0,198.87999999999997,325.78519049678505
15038,0.4036276995523324,MEDIUM,7,958.4900000000002,96,237,39.0,23.5,136.92714285714288,386.8731137439152
15039,0.055256950019134,LOW,84,37759.54000000001,0,637,7.216867469879518,7.0,449.51833333333343,2086.4770145254915
15041,0.6516555929097282,MEDIUM,2,289.4,79,274,274.0,274.0,144.7,188.5891285880753
15042,0.869587880251988,HIGH,2,315.45,108,396,396.0,396.0,157.725,274.3114968254896
15043,0.5213811108946473,MEDIUM,5,2333.32,372,69,16.75,15.5,466.66400000000004,1216.5489736726986
15044,0.076942995483213,LOW,31,13542.100000000002,45,586,19.266666666666666,16.0,436.84193548387105,1041.9697391332188
15045,0.5112217134806327,MEDIUM,2,735.6600000000001,60,105,105.0,105.0,367.83000000000004,376.0853657391623
15046,0.0713489639611097,LOW,21,6477.049999999999,5,597,29.4,19.5,308.43095238095236,462.1308070243055
15048,0.4063127248533052,MEDIUM,3,321.48,25,251,125.0,125.0,107.16000000000001,130.62141478584056
15050,0.455962260891555,MEDIUM,2,2349.5,330,59,59.0,59.0,1174.75,1071.2833319647084
15051,0.2796260168767164,LOW,7,2921.29,59,588,97.5,69.0,417.32714285714286,816.8686868417828
15053,0.4728023627732087,MEDIUM,2,478.6,65,125,125.0,125.0,239.3,226.2832108232577
15055,0.8477296729062062,HIGH,3,549.1200000000001,383,248,123.5,123.5,183.04000000000005,465.50531798625605
15057,0.5243434617268512,MEDIUM,5,3255.96,184,458,114.25,117.5,651.192,1707.2413376441584
15058,0.2040388169855649,LOW,12,2519.8,33,528,47.72727272727273,58.0,209.98333333333335,514.1370110402264
15059,0.0831261320229464,LOW,17,3162.0800000000004,16,626,38.6875,41.0,186.00470588235297,262.8514795471184
15061,0.0948577270315979,LOW,116,108429.88,36,610,5.034782608695652,1.0,934.7403448275862,10285.411959108917
15062,0.3262638675640043,LOW,7,2411.8,126,392,64.66666666666667,70.0,344.54285714285714,786.8831957908656
15064,0.6734591517891367,MEDIUM,4,1254.41,319,306,101.66666666666669,83.0,313.6025,844.793894595811
15065,0.2220428872763333,LOW,4,3027.48,73,246,81.66666666666667,63.0,756.87,672.2304003713535
15067,0.5155879899312255,MEDIUM,3,2966.17,191,324,161.5,161.5,988.7233333333334,1529.3216280943032
15068,0.6201828342301041,MEDIUM,3,861.5,165,365,182.0,182.0,287.1666666666667,534.2875116892347
15070,0.6218944347926093,MEDIUM,3,737.0500000000001,281,351,175.5,175.5,245.68333333333337,458.3672931638927
15071,0.6520823239710516,MEDIUM,4,1455.5600000000004,2,476,158.66666666666666,182.0,363.8900000000001,949.1449474793042
15073,0.2106263531712705,LOW,7,2606.57,94,496,82.16666666666667,50.5,372.3671428571429,549.0123333856385
15074,0.6270257603044165,MEDIUM,3,1553.13,14,362,180.5,180.5,517.71,973.8525191015984
15076,0.6250035593301637,MEDIUM,3,1447.74,81,349,174.0,174.0,482.58,904.8426529846512
15077,0.8039612289554093,HIGH,2,2428.08,403,235,235.0,235.0,1214.04,1952.0821808020503
15078,0.059647113848081,LOW,43,14246.21,14,629,14.61904761904762,12.0,331.3072093023256,849.74530977367
15079,0.20402920234543,LOW,11,3625.400000000001,121,519,51.6,47.5,329.5818181818183,739.6874701831222
15080,0.786500958150197,HIGH,2,546.25,336,74,74.0,74.0,273.125,429.62614838954516
15081,0.2391477181245188,LOW,9,1597.8200000000004,117,327,40.5,29.0,177.5355555555556,382.1150069737187
15084,0.7365983523028902,HIGH,2,965.2,288,266,266.0,266.0,482.6,710.9647296427496
15086,0.8767123666519006,HIGH,2,218.53,473,60,60.0,60.0,109.265,191.58795348443982
15089,0.153010214652226,LOW,3,2036.28,3,34,16.5,16.5,678.76,311.57163989203474
15091,0.6421911083169308,MEDIUM,2,565.9000000000001,583,0,0.0,0.0,282.95000000000005,363.4159481965512
15092,0.5397639604606947,MEDIUM,3,776.4599999999998,124,247,123.0,123.0,258.81999999999994,419.10512473931095
15093,0.0658107094152326,LOW,22,13132.46,25,614,28.904761904761905,27.0,596.93,864.2565089671654
15094,0.9056425605462548,HIGH,2,83.0,372,181,181.0,181.0,41.5,75.16833252533915
15095,0.1798476403786434,LOW,10,3141.6400000000003,12,584,64.55555555555556,67.0,314.16400000000004,565.0165409191613
15097,0.805893186925442,HIGH,2,660.27,492,0,0.0,0.0,330.135,532.1070945312615
15098,0.6063508668963852,MEDIUM,3,39916.5,91,0,0.0,0.0,13305.5,24203.40437846956
15100,0.5046814545226894,MEDIUM,7,2193.9,242,367,60.66666666666666,6.5,313.4142857142857,1107.2206430773283
15101,0.6212406830444215,MEDIUM,5,1262.69,268,230,57.25,35.0,252.538,784.4343980733606
15102,0.8839950076554055,HIGH,2,554.6700000000001,439,16,16.0,16.0,277.33500000000004,490.3255108962238
15104,0.4334205000650816,MEDIUM,2,993.54,105,85,85.0,85.0,496.77,430.62060363466117
15105,0.6456836225190395,MEDIUM,3,1328.9600000000005,43,491,245.5,245.5,442.98666666666685,858.0877069829031
15106,0.3362777051236589,LOW,3,1032.83,50,128,63.5,63.5,344.27666666666664,347.3177021828686
15107,0.671075346084873,MEDIUM,9,824.3499999999999,220,140,17.0,12.5,91.59444444444443,553.200961545065
15108,0.353078252070781,LOW,4,1300.25,50,85,28.33333333333333,40.0,325.0625,459.089997255033
15109,0.6053725160652609,MEDIUM,3,983.1,154,489,244.5,244.5,327.7,595.141720543758
15110,0.3212026652455659,LOW,4,886.3000000000001,35,358,119.0,85.0,221.57500000000002,284.6819222071451
15111,0.6316079397999098,MEDIUM,3,1163.3900000000003,281,219,109.5,109.5,387.7966666666668,734.8063610838173
15114,0.13450142977251,LOW,9,2318.53,2,327,40.375,34.0,257.6144444444445,311.84559997045767
15116,0.3318750493817314,LOW,2,790.97,43,70,70.0,70.0,395.485,262.5032078094681
15117,0.487080806552663,MEDIUM,5,1609.92,29,513,128.0,140.0,321.98400000000004,784.1611320852633
15122,0.2101386116235958,LOW,11,4487.27,23,505,50.2,38.0,407.9336363636364,942.9486877802128
15123,0.4649019782885651,MEDIUM,4,3526.33,115,427,142.0,195.0,881.5825,1639.3977930983158
15124,0.5333692074499561,MEDIUM,3,357.37999999999994,100,459,229.5,229.5,119.12666666666665,190.61548735846526
15125,0.2677015558272016,LOW,21,16291.87,22,505,25.05,12.0,775.8033333333334,4361.3589463345115
15126,0.8835671914014844,HIGH,2,449.49,445,150,150.0,150.0,224.745,397.15461686305326
15128,0.3161026778978338,LOW,4,1482.92,35,303,100.33333333333331,50.0,370.73,468.7549831082557
15129,0.0707175342180649,LOW,22,6209.51,15,503,23.52380952380953,17.0,282.25045454545455,439.1212359024162
15132,0.3444884862261145,LOW,3,842.23,14,156,78.0,78.0,280.74333333333334,290.1385377542204
15133,0.4388531129467247,MEDIUM,5,1806.9,36,392,97.75,104.5,361.38,792.9636897834368
15134,0.3647676300878048,LOW,6,823.1600000000001,36,295,58.6,41.0,137.19333333333336,300.2621223830774
15135,0.7014176289959159,HIGH,2,305.68,148,317,317.0,317.0,152.84,214.40934083147155
15137,0.8642175597431232,HIGH,2,823.4,429,159,159.0,159.0,411.7,711.5967386924876
15139,0.8335959547514356,HIGH,2,178.96,148,96,96.0,96.0,89.48,149.18033206231692
15140,0.1825816126384751,LOW,6,2617.55,24,326,65.0,35.0,436.2583333333334,477.91650016184053
15141,0.81543805192008,HIGH,7,1388.47,366,163,26.83333333333333,23.0,198.35285714285715,1132.2112719494735
15142,0.5587796776749802,MEDIUM,5,2121.18,319,90,22.5,20.0,424.236,1185.2722766906143
15143,0.6111259184474721,MEDIUM,2,563.63,134,206,206.0,206.0,281.815,344.4489014145487
15144,0.0536473099771832,LOW,22,9140.71,1,634,29.857142857142858,24.0,415.48681818181814,490.3745027815382
15145,0.652301269954618,MEDIUM,2,724.03,136,21,21.0,21.0,362.015,472.2856884852421
15146,0.4576714397572773,MEDIUM,2,1327.16,73,126,126.0,126.0,663.58,607.4032279882682
15149,0.4580310490546698,MEDIUM,5,1554.61,42,515,128.75,36.5,310.92199999999997,712.0596491708801
15150,0.2082153685487925,LOW,8,7256.23,18,434,61.57142857142857,31.0,907.02875,1510.8586037248044
15151,0.6689394580363546,MEDIUM,2,2085.61,332,86,86.0,86.0,1042.805,1395.1468230752016
15152,0.3875799053436915,LOW,7,2901.3500000000004,22,587,97.5,9.0,414.47857142857146,1124.5049583689195
15154,0.7976850768661341,HIGH,2,1089.4400000000005,387,0,0.0,0.0,544.7200000000003,869.0300301410415
15157,0.5990396174420228,MEDIUM,4,2223.41,63,574,191.0,203.0,555.8525,1331.910675816768
15159,0.0622312012152041,LOW,22,12445.69,21,319,14.761904761904765,13.0,565.7131818181819,774.5102386520535
15160,0.6166836802723238,MEDIUM,4,589.27,266,63,20.666666666666668,20.0,147.3175,363.39319227407225
15164,0.2427611806532661,LOW,8,1566.7599999999998,117,481,68.28571428571429,62.0,195.84499999999997,380.3485074003111
15167,0.6075496487322708,MEDIUM,5,1627.62,229,352,87.75,61.5,325.524,988.8599592696186
15169,0.669088886199977,MEDIUM,2,569.22,291,344,344.0,344.0,284.61,380.8587758027509
15172,0.3546697010577219,LOW,3,886.74,44,100,50.0,50.0,295.58,314.4998107159243
15173,0.6147004904873177,MEDIUM,7,1494.6,289,236,38.833333333333336,26.0,213.5142857142857,918.731353082345
15174,0.6892601236242595,MEDIUM,2,481.46,231,87,87.0,87.0,240.73,331.85117912013595
15179,0.2909850938218275,LOW,11,6740.09,142,502,49.8,47.5,612.7354545454546,1961.2657210175614
15180,0.6256178018107692,MEDIUM,3,816.9300000000001,276,221,110.5,110.5,272.31,511.08595083327174
15181,0.5832772813524213,MEDIUM,4,945.72,84,555,185.0,151.0,236.43,551.6169905206119
15182,0.185828387224935,LOW,11,2998.9520000000007,63,502,50.0,56.5,272.63200000000006,557.2904135249934
15183,0.8487659235048858,HIGH,3,639.9300000000001,456,36,18.0,18.0,213.31000000000003,543.1507774284817
15184,0.5316938810391942,MEDIUM,3,518.42,99,533,266.0,266.0,172.80666666666664,275.64074180833904
15186,0.5771823469371294,MEDIUM,4,1221.05,77,528,175.66666666666666,120.0,305.2625,704.7685047275819
15187,0.1223617867696732,LOW,6,1883.88,0,120,23.6,20.0,313.98,230.51492285965196
15189,0.0656716542665032,LOW,38,13934.76,0,418,10.783783783783784,7.0,366.7042105263158,915.1187410066982
15191,0.870785406525,HIGH,3,588.0500000000001,372,225,112.5,112.5,196.01666666666668,512.0653583070264
15192,0.5866737177516316,MEDIUM,5,1666.39,28,560,139.75,139.0,333.278,977.6272165241414
15194,0.074600786166296,LOW,24,8874.529999999999,35,610,26.043478260869566,21.0,369.7720833333333,662.0469148563787
15196,0.8181926846892512,HIGH,2,313.70000000000005,341,293,293.0,293.0,156.85000000000002,256.6670451870181
15197,0.4693465964170378,MEDIUM,5,1571.15,161,475,118.5,74.0,314.23,737.413904960629
15198,0.6605716279541669,MEDIUM,5,571.35,1,597,148.75,140.0,114.27000000000001,377.41759963161326
15199,0.1964238181088153,LOW,9,2821.4500000000003,3,480,59.5,50.0,313.49444444444447,554.199981603117
15201,0.3655139042907119,LOW,6,1539.67,35,484,96.6,77.0,256.6116666666667,562.7707930192804
15202,0.6712210827183362,MEDIUM,3,6001.49,329,0,0.0,0.0,2000.4966666666667,4028.326615723268
15203,0.1032068843790806,LOW,13,3900.7,14,625,51.583333333333336,52.5,300.05384615384617,402.57909389747965
15206,0.3363215410584277,LOW,3,236.7,8,176,88.0,88.0,78.89999999999999,79.60730876852983
15207,0.6934333404662839,MEDIUM,3,683.9200000000001,325,130,65.0,65.0,227.97333333333336,474.2529302117009
15208,0.4892492123342282,MEDIUM,3,423.9199999999999,72,260,130.0,130.0,141.30666666666664,207.40252609272596
15210,0.6299247730813261,MEDIUM,3,1176.1900000000005,134,350,174.5,174.5,392.0633333333335,740.9112188505253
15212,0.5931766828957701,MEDIUM,2,208.28000000000003,150,135,135.0,135.0,104.14000000000001,123.54683951353101
15213,0.6111437558886491,MEDIUM,2,328.35,227,11,11.0,11.0,164.175,200.66905224603795
15214,0.4069030102498571,MEDIUM,2,651.6299999999999,92,58,58.0,58.0,325.81499999999994,265.15020856911434
15215,0.4745384882704764,MEDIUM,5,1987.53,5,516,128.75,95.0,397.506,943.1594815922199
15218,0.0794811734696854,LOW,19,9577.29,25,566,31.05555555555556,34.5,504.06789473684216,761.2142478594834
15219,0.8439111970320734,HIGH,2,685.45,85,472,472.0,472.0,342.725,578.4589300056348
15220,0.2695286501379782,LOW,5,1284.0500000000002,24,165,40.75,38.0,256.81000000000006,346.08826320967097
15221,0.5951922616678854,MEDIUM,4,2062.2,275,271,90.0,44.0,515.55,1227.4054820115132
15222,0.5261370797410833,MEDIUM,11,3550.9100000000003,227,404,39.8,22.0,322.81,1868.2654178234102
15223,0.5041891680360224,MEDIUM,5,1417.9500000000005,134,509,126.75,62.0,283.5900000000001,714.9150308166783
15224,0.4915636823928924,MEDIUM,5,871.3600000000001,267,334,83.25,89.5,174.27200000000002,428.32893028987075
15227,0.4039592649350271,MEDIUM,7,2145.91,124,418,69.16666666666667,67.0,306.5585714285714,866.860226216724
15228,0.290275297225456,LOW,5,4417.590000000001,38,370,92.0,98.0,883.5180000000003,1282.3172502702023
15230,0.7449778636348974,HIGH,2,429.6,148,1,1.0,1.0,214.8,320.0424902175519
15232,0.3739579297153713,LOW,2,612.0600000000001,22,27,27.0,27.0,306.03000000000003,228.88469046159017
15235,0.676843388163338,MEDIUM,16,2772.76,126,170,11.0,8.0,173.2975,1876.7242729637771
15237,0.4873003847657699,MEDIUM,2,1093.65,112,23,23.0,23.0,546.825,532.9360657990843
15238,0.368677598099368,LOW,2,772.7799999999999,4,88,88.0,88.0,386.38999999999993,284.90667425922953
15240,0.1464069514017518,LOW,10,3798.79,100,542,59.77777777777778,51.0,379.879,556.1692629154608
15241,0.1767717250530158,LOW,9,2638.5800000000004,36,527,65.375,55.5,293.1755555555556,466.4263382903865
15244,0.6361180541349023,MEDIUM,2,578.45,157,418,418.0,418.0,289.225,367.96248841433425
15245,0.2026573576704092,LOW,8,4610.84,43,461,65.42857142857143,71.0,576.355,934.4206510410296
15246,0.5732296331320668,MEDIUM,3,780.4000000000001,147,317,158.0,158.0,260.1333333333334,447.34840569626493
15247,0.6610706994321541,MEDIUM,3,976.06,31,414,207.0,207.0,325.3533333333333,645.2446668877483
15248,0.6083137145006439,MEDIUM,3,1893.93,320,122,60.5,60.5,631.3100000000001,1152.1035933042044
15249,0.0584989239485957,LOW,16,8216.880000000001,0,531,35.06666666666667,19.0,513.5550000000001,480.67863821473713
15251,0.0773902949141992,LOW,18,19535.37,0,588,34.11764705882353,26.0,1085.2983333333332,1511.8480455579995
15252,0.585162149998307,MEDIUM,4,1663.1799999999998,92,428,142.66666666666666,155.0,415.79499999999996,973.2299846341841
15253,0.6005926198084354,MEDIUM,4,1310.74,78,417,138.33333333333334,118.0,327.685,787.2207704877086
15254,0.6610706994321541,MEDIUM,3,1088.35,36,433,216.5,216.5,362.7833333333333,719.4762957269849
15255,0.49253141711672,MEDIUM,8,2815.17,305,340,48.142857142857146,22.0,351.89625,1386.5596695244767
15256,0.9252696368530654,HIGH,2,170.39999999999998,57,413,413.0,413.0,85.19999999999999,157.6659461197623
15257,0.5965944830859683,MEDIUM,2,685.9,192,130,130.0,130.0,342.95,409.20415594866563
15258,0.4507795541665135,MEDIUM,2,623.1600000000001,77,48,48.0,48.0,311.58000000000004,280.9077869744046
15259,0.8533206897909248,HIGH,4,1182.38,421,169,56.333333333333336,80.0,295.595,1008.9493171949938
15260,0.0536473099771832,LOW,25,8767.73,9,633,25.95833333333333,17.5,350.7092,470.36512910624845
15261,0.3599093542488812,LOW,4,1508.0,44,299,99.0,35.0,377.0,542.7433062073129
15262,0.7415261471027571,HIGH,3,418.8200000000001,232,164,81.5,81.5,139.6066666666667,310.5659809295768
15265,0.4693952511607206,MEDIUM,4,3345.6399999999994,60,586,195.3333333333333,133.0,836.4099999999999,1570.427528093353
15266,0.6764072543988203,MEDIUM,5,852.21,247,363,90.25,43.0,170.442,576.4410262712187
15267,0.3685898533747912,LOW,2,1407.76,64,27,27.0,27.0,703.88,518.8860519868961
15268,0.8655331666601216,HIGH,3,961.9000000000002,387,126,63.0,63.0,320.6333333333334,832.5563530103711
15269,0.5129559820698799,MEDIUM,2,816.5600000000001,289,10,10.0,10.0,408.28000000000003,418.8593367189812
15270,0.0908618334976434,LOW,19,7995.66,26,604,33.27777777777778,7.0,420.82421052631577,726.5003276237675
15271,0.060160881354203,LOW,19,3627.78,3,396,21.444444444444443,17.5,190.93578947368422,218.25044215915057
15272,0.450777713036543,MEDIUM,4,1309.0100000000002,359,213,70.66666666666667,63.0,327.25250000000005,590.0725341419653
15276,0.5977611067797562,MEDIUM,3,491.17,303,40,20.0,20.0,163.72333333333333,293.60232281701286
15278,0.8979178709084702,HIGH,4,496.16,470,103,34.333333333333336,0.0,124.04,445.5109308299466
15279,0.5661859164365002,MEDIUM,5,1580.5399999999995,263,321,79.75,83.0,316.1079999999999,894.8794883645458
15280,0.6447202397321319,MEDIUM,3,397.52,81,399,199.0,199.0,132.50666666666666,256.28918969831705
15281,0.0887514085832397,LOW,15,8403.2,45,290,20.285714285714285,13.0,560.2133333333334,745.7958366066799
15283,0.8193578564649305,HIGH,3,148.33,299,127,63.5,63.5,49.443333333333335,121.53535084944316
15287,0.6951188450136494,MEDIUM,3,369.34,288,357,178.5,178.5,123.11333333333333,256.73519421734125
15288,0.1551861274455357,LOW,9,3415.2200000000003,64,509,63.125,54.0,379.4688888888889,529.9947661745425
15289,0.5814311072526723,MEDIUM,4,1351.29,46,483,161.0,163.0,337.8225,785.6820409194636
15290,0.0762936798467625,LOW,20,5945.65,12,550,28.526315789473685,29.0,297.28249999999997,453.61551758090343
15291,0.0599997581261437,LOW,37,12534.48,3,641,17.333333333333332,7.5,338.7697297297297,752.0657682369856
15296,0.1490864383194542,LOW,11,9249.66,18,578,57.4,64.5,840.8781818181818,1378.9988650659227
15298,0.0797606863165145,LOW,18,7620.090000000001,1,638,37.0,33.0,423.33833333333337,607.7836081936091
15299,0.2131170931452072,LOW,8,4684.530000000001,73,532,75.85714285714286,46.0,585.5662500000001,998.3534163515176
15301,0.0709567353988636,LOW,14,5587.120000000001,22,336,25.384615384615383,21.0,399.08000000000004,396.4437954816989
15303,0.6288392636504946,MEDIUM,3,1224.1800000000003,199,393,196.5,196.5,408.0600000000001,769.8124497756627
15304,0.4461618852135027,MEDIUM,7,593.9000000000001,73,256,42.333333333333336,38.5,84.84285714285716,264.9755436282993
15306,0.2423334452985054,LOW,8,2967.45,1,566,80.42857142857143,55.0,370.93125,719.1123822510498
15309,0.8898207811204941,HIGH,4,797.96,519,124,41.333333333333336,29.0,199.49,710.0413905029095
15311,0.055256950019134,LOW,182,100354.42,3,644,3.027624309392265,2.0,551.3979120879121,5545.279170139182
15312,0.160401336221495,LOW,11,2800.14,12,620,61.6,34.0,254.5581818181818,449.14619760725697
15314,0.4596549780674653,MEDIUM,3,820.4499999999999,108,228,114.0,114.0,273.4833333333333,377.12392675545186
15321,0.3818744361137226,LOW,10,5120.889999999999,200,383,42.22222222222222,21.0,512.0889999999999,1955.5369811504008
15323,0.8961326894302694,HIGH,3,434.6,471,99,49.0,49.0,144.86666666666667,389.4592668263951
15325,0.3476755598415328,LOW,8,1601.46,12,557,79.14285714285714,46.0,200.1825,556.7885020638212
15326,0.6097273379834077,MEDIUM,5,1700.52,242,404,100.75,55.5,340.104,1036.8535327875445
15329,0.1618863749330378,LOW,10,2663.13,43,591,65.22222222222223,37.0,266.313,431.124461675421
15331,0.8655331666601216,HIGH,3,767.91,408,109,54.5,54.5,255.97,664.651574009974
15332,0.7072354718172545,HIGH,6,4892.68,275,147,29.0,3.0,815.4466666666667,3460.276848250845
15334,0.62642470182583,MEDIUM,3,350.82,65,16,8.0,8.0,116.94,219.76231389453767
15339,0.6436429726953178,MEDIUM,6,1504.85,227,350,69.6,46.0,250.8083333333333,968.5861274605489
15346,0.6612618242560209,MEDIUM,3,596.12,241,98,48.5,48.5,198.70666666666668,394.19139867549916
15347,0.6097036990032633,MEDIUM,4,1162.0000000000002,275,71,23.33333333333333,21.0,290.50000000000006,708.4756982417921
15349,0.52507766433876,MEDIUM,2,463.9099999999999,67,29,29.0,29.0,231.95499999999996,243.58877926339412
15350,0.5203049016890071,MEDIUM,2,547.6,282,9,9.0,9.0,273.8,284.91896416490033
15351,0.5113662034460197,MEDIUM,4,1770.23,278,62,20.666666666666668,17.0,442.5575,905.2357943262474
15353,0.2939711723111868,LOW,7,2794.4700000000003,163,483,80.0,70.5,399.21000000000004,821.4936218884422
15354,0.8427892933732652,HIGH,3,284.4,512,0,0.0,0.0,94.8,239.68927503535662
15356,0.0965578577769134,LOW,11,2752.71,14,317,31.2,32.0,250.24636363636364,265.7957806810873
15358,0.0609501863842322,LOW,35,13718.47,29,612,17.676470588235293,16.5,391.9562857142857,836.1433034064978
15359,0.9351711644261614,HIGH,8,181.35,571,30,4.142857142857143,0.0,22.66875,169.59329066868438
15361,0.6260481170770608,MEDIUM,4,689.07,270,181,60.0,9.0,172.2675,431.3909760342903
15362,0.5158416622385464,MEDIUM,2,613.0799999999999,357,290,290.0,290.0,306.53999999999996,316.252206285208
15363,0.6418028221977976,MEDIUM,2,678.11,281,120,120.0,120.0,339.055,435.21291176054854
15364,0.5478128913231399,MEDIUM,2,913.1900000000002,4,158,158.0,158.0,456.5950000000001,500.25725422737827
15365,0.2135620497806589,LOW,8,3204.09,5,576,82.14285714285714,80.0,400.51125,684.2720280817114
15366,0.519081297631725,MEDIUM,6,1892.11,267,293,58.0,51.0,315.35166666666663,982.1589140619631
15367,0.2943400655528139,LOW,9,4619.92,154,483,60.0,37.0,513.3244444444445,1359.827555648756
15369,0.8069411425807327,HIGH,11,6251.259999999999,401,239,23.5,14.0,568.2963636363636,5044.39888696923
15370,0.1801945212554792,LOW,5,2866.42,50,269,66.75,69.5,573.284,516.5131796171306
15372,0.2495888695375336,LOW,8,6017.06,46,526,75.0,5.0,752.1325,1501.7912033395119
15373,0.1306799963367024,LOW,14,2355.53,24,470,35.84615384615385,37.0,168.25214285714287,307.82065177099264
15374,0.860257311955285,HIGH,2,307.32,37,495,495.0,495.0,153.66,264.37427711009815
15376,0.3869263923574045,LOW,2,977.22,26,105,105.0,105.0,488.61,378.11220913950285
15377,0.7436406562955358,HIGH,4,1211.7499999999998,291,32,10.666666666666666,13.0,302.93749999999994,901.1065652661154
15378,0.8939296683474898,HIGH,2,246.5,371,39,39.0,39.0,123.25,220.35366324765621
15379,0.1802497193770619,LOW,8,4877.84,78,231,32.42857142857143,22.0,609.73,879.2292911662078
15380,0.2491275997113947,LOW,8,2141.26,50,597,85.0,72.0,267.6575,533.446964158021
15381,0.3612260307828397,LOW,5,1890.57,122,369,92.0,85.5,378.114,682.9230970171133
15382,0.1073997327697556,LOW,10,9904.96,93,550,60.888888888888886,74.0,990.4959999999999,1063.7900570951183
15384,0.585162149998307,MEDIUM,4,2027.7900000000004,78,422,140.0,189.0,506.9475000000001,1186.585956145067
15385,0.6616911721168484,MEDIUM,2,625.1999999999999,301,284,284.0,284.0,312.59999999999997,413.68932080745356
15389,0.3858414838808021,LOW,5,2733.8,81,509,126.75,137.0,546.76,1054.8134486333367
15390,0.8061085378892492,HIGH,2,1216.6600000000003,305,12,12.0,12.0,608.3300000000002,980.7600137083342
15392,0.5113662034460197,MEDIUM,4,1715.07,269,71,23.33333333333333,22.0,428.7675,877.028834544165
15393,0.603766119598939,MEDIUM,4,783.5799999999999,190,442,147.0,125.0,195.89499999999998,473.0990559953366
15394,0.1675442299364652,LOW,9,4539.700000000001,113,519,64.625,41.5,504.4111111111112,760.6005406425712
15396,0.9135502460396574,HIGH,2,796.38,21,471,471.0,471.0,398.19,727.5331449410623
15400,0.4371797193442019,MEDIUM,8,1302.3000000000002,1,468,66.42857142857143,69.0,162.78750000000002,569.3391485019542
15401,0.590202609640271,MEDIUM,2,216.95,361,116,116.0,116.0,108.475,128.0444561614568
15402,0.3962099526854937,LOW,6,1830.54,57,443,88.0,60.0,305.09,725.2781667889036
15403,0.8959587852988347,HIGH,2,170.88,400,238,238.0,238.0,85.44,153.10143723186485
15405,0.7480846469643442,HIGH,2,659.84,98,386,386.0,386.0,329.92,493.61617345295286
15406,0.6115367096875048,MEDIUM,3,717.45,210,152,76.0,76.0,239.15,438.74701236530035
15407,0.4098038976669363,MEDIUM,3,740.73,92,121,60.5,60.5,246.91,303.55404111882973
15410,0.189291277141255,LOW,9,4324.290000000001,8,500,62.125,30.0,480.47666666666674,818.5503768291577
15411,0.3578021722834873,LOW,2,382.21,33,58,58.0,58.0,191.105,136.75556826847168
15413,0.9426957805577568,HIGH,5,6798.72,600,47,11.0,6.5,1359.7440000000001,6409.124657193633
15416,0.2886036290723101,LOW,6,3732.83,64,521,103.8,84.0,622.1383333333333,1077.308284709991
15418,0.8038959103851433,HIGH,2,449.42,334,161,161.0,161.0,224.71,361.28690004529113
15420,0.7759011572414689,HIGH,6,743.0,343,300,59.6,47.0,123.83333333333333,576.4945598304114
15421,0.2094860576644843,LOW,9,3594.34,124,516,64.125,79.5,399.37111111111113,752.9641165057625
15422,0.5539986599908323,MEDIUM,7,1619.9700000000005,232,347,57.333333333333336,61.0,231.4242857142858,897.4612092253489
15423,0.8848128854515926,HIGH,2,223.39,490,39,39.0,39.0,111.695,197.65835048103128
15424,0.5833837009554926,MEDIUM,3,597.78,163,208,104.0,104.0,199.26,348.7351087571744
15425,0.5533790545853801,MEDIUM,4,1941.12,309,263,87.33333333333333,100.0,485.28,1074.1751504367728
15426,0.4307365223614448,MEDIUM,6,1386.41,166,329,65.4,72.0,231.06833333333336,597.1774219671307
15428,0.6190219635140012,MEDIUM,3,668.9700000000001,296,334,166.5,166.5,222.99000000000004,414.10712293196144
15430,0.8907167554898342,HIGH,2,954.75,376,60,60.0,60.0,477.375,850.4118223039192
15433,0.4847848639967482,MEDIUM,2,533.3,122,53,53.0,53.0,266.65,258.5357679694658
15434,0.2642571316565366,LOW,9,2112.86,16,577,71.875,23.5,234.76222222222225,558.3383231918299
15437,0.6880052667646328,MEDIUM,2,393.44999999999993,171,378,378.0,378.0,196.72499999999997,270.69567220854475
15439,0.747303393399261,HIGH,4,1269.0499999999995,313,248,82.66666666666667,19.0,317.2624999999999,948.3653713933318
15440,0.310128703501378,LOW,2,237.66,45,72,72.0,72.0,118.83,73.70518767413749
15441,0.6545985748577114,MEDIUM,3,1254.2100000000005,305,334,166.5,166.5,418.07000000000016,821.0040785722906
15443,0.1882815840061487,LOW,9,2585.44,18,533,66.125,41.0,287.2711111111111,486.7907385528571
15445,0.7395921897447215,HIGH,2,284.5,173,326,326.0,326.0,142.25,210.41397798237327
15446,0.6925276252341943,MEDIUM,3,399.75,285,349,174.5,174.5,133.25,276.83791818736916
15447,0.6058762090973725,MEDIUM,5,492.88,239,294,73.25,48.5,98.576,298.62426593991296
15448,0.8461412161234436,HIGH,2,788.81,221,361,361.0,361.0,394.405,667.4446526903336
15449,0.3761029709549521,LOW,2,647.7,94,76,76.0,76.0,323.85,243.6018942875225
15451,0.7817100924553559,HIGH,2,226.86,343,164,164.0,164.0,113.43,177.33875157442205
15452,0.4549568491503499,MEDIUM,4,1493.63,173,247,82.0,82.0,373.4075,679.5371985964372
15453,0.2424503759338412,LOW,4,701.2,1,95,31.33333333333333,37.0,175.3,170.00620360480946
15454,0.7667721834333696,HIGH,2,305.99,271,256,256.0,256.0,152.995,234.62462040877676
15456,0.4294503084947708,MEDIUM,10,2091.52,192,448,49.22222222222222,43.0,209.152,898.2039092229829
15459,0.7834154718400008,HIGH,2,202.83,326,80,80.0,80.0,101.415,158.90016015330738
15461,0.8921895965050782,HIGH,2,429.7,369,170,170.0,170.0,214.85,383.3738696182321
15462,0.4239293432006157,MEDIUM,4,737.05,3,351,116.66666666666669,49.0,184.2625,312.4571224060138
15465,0.0985509570353472,LOW,29,10737.91,47,591,20.571428571428573,13.0,370.2727586206897,1058.231307059425
15466,0.6374217218419401,MEDIUM,3,1225.9299999999998,298,347,173.0,173.0,408.64333333333326,781.4344114576895
15467,0.2727448438820605,LOW,2,402.56000000000006,54,7,7.0,7.0,201.28000000000003,109.79616435316228
15469,0.6121844251329019,MEDIUM,2,640.0,29,318,318.0,318.0,320.0,391.79803208505723
15471,0.6442002674699928,MEDIUM,2,837.53,289,170,170.0,170.0,418.765,539.5370500141431
15476,0.5827954884774814,MEDIUM,4,2209.98,289,62,20.33333333333333,12.0,552.495,1287.9663736254645
15480,0.4629201816729886,MEDIUM,5,6279.0,25,559,139.5,104.5,1255.8,2906.6758207246953
15482,0.1751059340167459,LOW,11,5465.9,74,571,56.7,28.0,496.9,957.1115247421313
15483,0.3548994990911444,LOW,10,817.8199999999999,70,522,57.77777777777778,60.0,81.782,290.24390834671965
15484,0.8455051971353441,HIGH,2,1061.69,449,194,194.0,194.0,530.845,897.6644127466235
15485,0.4023461552521917,MEDIUM,6,3514.55,245,401,80.0,39.0,585.7583333333333,1414.0656799415904
15488,0.4672565280637576,MEDIUM,5,431.92,1,490,122.25,62.5,86.384,201.8174396012982
15489,0.3341204428529485,LOW,6,1633.5900000000004,120,481,96.0,78.0,272.26500000000004,545.8158142401483
15491,0.2445231706021901,LOW,6,3100.09,4,140,27.6,17.0,516.6816666666667,758.0438359521435
15493,0.4703534480318651,MEDIUM,7,3455.2200000000003,58,505,83.5,104.5,493.6028571428572,1625.174640708661
15494,0.7449797907897922,HIGH,4,3541.9000000000005,30,607,202.0,208.0,885.4750000000001,2638.643920998365
15497,0.3345494701919696,LOW,8,8365.79,228,401,56.57142857142857,62.0,1045.72375,2798.770612237278
15498,0.0772183866464794,LOW,36,20782.83,29,602,16.82857142857143,11.0,577.3008333333333,1604.8166025480516
15501,0.5934869968639187,MEDIUM,2,399.95,313,10,10.0,10.0,199.975,237.36512439572428
15502,0.1791432753641428,LOW,7,8574.470000000001,32,431,71.33333333333333,80.5,1224.9242857142858,1536.0586403115817
15503,0.8290723972934628,HIGH,2,257.29999999999995,271,363,363.0,363.0,128.64999999999998,213.32032782360795
15504,0.8825159375856604,HIGH,3,349.87,429,144,72.0,72.0,116.62333333333333,308.765851083095
15505,0.1481810728633251,LOW,3,2091.14,22,41,20.5,20.5,697.0466666666666,309.8673687074136
15506,0.3671448424212383,LOW,4,1267.02,47,338,112.33333333333331,59.0,316.755,465.17985824455735
15508,0.4517554214660192,MEDIUM,6,1000.27,98,46,8.8,6.0,166.71166666666667,451.877395429815
15512,0.5399692742862658,MEDIUM,4,331.58000000000004,64,520,172.66666666666666,203.0,82.89500000000001,179.04301196784004
15513,0.0648566683414895,LOW,33,23030.97,3,600,18.375,12.5,697.9081818181819,1493.7119828727944
15514,0.2549609566256717,LOW,13,4870.280000000001,134,509,41.833333333333336,34.0,374.63692307692315,1241.7312478348765
15518,0.1476270685018684,LOW,14,3872.3,33,595,45.38461538461539,37.0,276.59285714285716,571.6562973597851
15519,0.7243329744284385,HIGH,2,344.61,292,63,63.0,63.0,172.305,249.6123863177842
15521,0.1187400881274781,LOW,15,6424.82,3,608,43.142857142857146,46.5,428.3213333333333,762.8836930031838
15523,0.5181652315489413,MEDIUM,15,16847.18,297,349,24.428571428571427,18.0,1123.1453333333334,8729.622925646694
15525,0.541429482989083,MEDIUM,2,430.78,282,9,9.0,9.0,215.39,233.23699268203717
15527,0.0922447441132835,LOW,20,4457.15,53,579,30.05263157894737,34.0,222.8575,411.1486612245215
15529,0.1042916449066152,LOW,9,3208.29,51,251,30.875,32.0,356.4766666666667,334.59784143744446
15530,0.3760074874841347,LOW,4,1475.06,58,363,120.66666666666669,77.0,368.765,554.6336044883477
15532,0.194064331079663,LOW,9,3388.61,40,417,51.625,31.0,376.51222222222225,657.6083329398568
15535,0.3852006308217066,LOW,6,1044.37,82,275,54.8,63.0,174.06166666666664,402.29198281126565
15538,0.8853114838022161,HIGH,6,3358.4,446,125,24.8,17.0,559.7333333333333,2973.230087201363
15542,0.8438918916950774,HIGH,3,855.71,421,225,112.5,112.5,285.2366666666667,722.1267306423947
15543,0.6293136270085093,MEDIUM,2,242.26,197,171,171.0,171.0,121.13,152.45751927908148
15544,0.0794811734696854,LOW,18,7033.55,28,560,32.47058823529412,23.0,390.7527777777778,559.0348076577058
15546,0.8324028388017136,HIGH,2,1079.1,515,0,0.0,0.0,539.55,898.2459033509291
15547,0.0536473099771832,LOW,20,7891.610000000001,19,623,32.36842105263158,28.0,394.58050000000003,423.36364788903876
15549,0.2451916132119307,LOW,7,2272.58,66,539,89.5,92.0,324.6542857142857,557.2175563531695
15550,0.2511170478844327,LOW,11,2068.7,15,630,62.5,46.0,188.06363636363633,519.4858369585259
15551,0.5432533894717062,MEDIUM,6,1243.75,303,155,30.8,23.0,207.29166666666666,675.6714031554346
15552,0.8570079572922116,HIGH,2,252.52,126,405,405.0,405.0,126.26,216.41164937542928
15555,0.059647113848081,LOW,30,9258.68,12,630,21.344827586206897,12.0,308.6226666666667,552.2535400429506
15560,0.8223853605214635,HIGH,2,153.51999999999998,306,0,0.0,0.0,76.75999999999999,126.25260054725506
15561,0.2968116032975342,LOW,7,1583.4699999999998,58,513,85.16666666666667,74.5,226.20999999999998,469.9922694735464
15562,0.6727127591792412,MEDIUM,3,671.4300000000001,260,374,186.5,186.5,223.81000000000003,451.67952789571797
15563,0.4348428347395471,MEDIUM,5,2194.64,109,480,119.75,122.5,438.928,954.3234788327997
15564,0.902413857221393,HIGH,2,70.74000000000001,372,212,212.0,212.0,35.370000000000005,63.83675625984135
15566,0.6585336752093007,MEDIUM,2,227.87000000000003,301,331,331.0,331.0,113.93500000000002,150.06006856994338
15569,0.1798476403786434,LOW,10,3583.45,12,545,60.22222222222222,49.0,358.34499999999997,644.4750269148496
15570,0.076942995483213,LOW,22,7397.65,50,479,22.33333333333333,18.0,336.2568181818182,569.1973505363906
15571,0.4481891337093804,MEDIUM,10,3241.92,295,347,38.11111111111112,11.0,324.192,1452.9933163551145
15572,0.2305786631105298,LOW,7,2984.57,18,494,81.83333333333333,68.0,426.3671428571429,688.1781605597939
15573,0.8797184965163124,HIGH,3,597.23,527,110,55.0,55.0,199.07666666666668,525.3942776744373
15574,0.4138318764245124,MEDIUM,6,1101.44,86,286,56.8,43.0,183.57333333333335,455.81098196901496
15577,0.5259756551903465,MEDIUM,5,396.03,60,575,143.25,78.0,79.20599999999999,208.3021387250329
15579,0.6972462499449845,MEDIUM,4,1118.38,222,118,39.0,43.0,279.595,779.7862610134719
15580,0.6147004904873177,MEDIUM,8,1375.39,285,293,41.57142857142857,38.0,171.92375,845.4529076113519
15581,0.2393978755881858,LOW,38,7480.4,29,616,16.216216216216218,8.0,196.85263157894735,1790.7918685498648
15582,0.4797926881548092,MEDIUM,2,541.51,9,120,120.0,120.0,270.755,259.8125385627107
15584,0.5449502247953133,MEDIUM,3,697.7399999999999,71,508,253.5,253.5,232.57999999999996,380.23356984868184
15586,0.8820254848624177,HIGH,3,1139.1,501,108,54.0,54.0,379.7,1004.7152298067799
15587,0.3785057063923174,LOW,5,1065.2399999999998,51,349,86.75,61.0,213.04799999999994,403.1994186773521
15589,0.5366449016595017,MEDIUM,3,478.53,164,54,27.0,27.0,159.51,256.80068479112134
15590,0.6147004904873177,MEDIUM,5,1496.6,291,224,55.75,29.0,299.32,919.9607540633195
15591,0.8890470253801304,HIGH,3,217.9,491,91,45.0,45.0,72.63333333333334,193.7233468303304
15594,0.5044455460592417,MEDIUM,2,788.22,2,141,141.0,141.0,394.11,397.61406831481554
15596,0.1519035032824973,LOW,9,2727.7200000000003,9,398,49.5,41.0,303.08000000000004,414.3502239737336
15599,0.6132248093999997,MEDIUM,2,937.15,113,241,241.0,241.0,468.575,574.6836301292096
15600,0.7909457371659468,HIGH,4,1199.31,337,165,54.66666666666666,51.0,299.8275,948.5891320404917
15601,0.0609501863842322,LOW,27,13000.64,31,615,23.192307692307693,20.0,481.50518518518516,792.3914311143044
15602,0.2038739248036508,LOW,12,2383.04,109,537,48.18181818181818,28.0,198.58666666666667,485.839717764092
15605,0.4997623069145727,MEDIUM,7,1233.9,161,441,73.16666666666667,42.5,176.27142857142857,616.6567105018913
15606,0.0884075443149766,LOW,16,4750.21,28,528,34.733333333333334,29.0,296.888125,419.954401080445
15607,0.524806753602529,MEDIUM,9,1708.97,245,364,45.125,16.5,189.88555555555556,896.8789977041141
15608,0.5820415416013794,MEDIUM,2,977.98,29,294,294.0,294.0,488.99,569.2249868553171
15611,0.0858967603900127,LOW,21,2352.97,12,579,28.4,24.0,112.04619047619046,202.11250029488818
15614,0.6873071627522261,MEDIUM,4,3147.36,346,188,62.66666666666666,62.0,786.84,2163.2030717598464
15615,0.0518551735481392,LOW,43,18342.08,14,631,14.642857142857142,14.5,426.56000000000006,951.1317416338532
15617,0.6443866736041617,MEDIUM,3,828.5500000000001,305,111,55.0,55.0,276.18333333333334,533.9065784147282
15618,0.2382023011965486,LOW,3,419.041,1,44,22.0,22.0,139.68033333333332,99.81653049570292
15620,0.567766191218382,MEDIUM,3,1264.19,129,188,94.0,94.0,421.3966666666667,717.7643412763664
15622,0.1601131011062016,LOW,13,6745.049999999999,106,448,37.083333333333336,22.5,518.8499999999999,1079.9708726163851
15623,0.1344441720466989,LOW,8,2437.0500000000006,50,588,83.57142857142857,61.0,304.6312500000001,327.6471694864076
15624,0.3779974705902375,LOW,4,588.13,25,139,46.0,49.0,147.0325,222.3116523782364
15625,0.1921751744231464,LOW,9,3236.4,12,438,54.25,50.5,359.6,621.9557345030711
15626,0.646273187496427,MEDIUM,2,673.5999999999999,238,91,91.0,91.0,336.79999999999995,435.3296190975932
15627,0.8935485981798426,HIGH,2,566.9,366,65,65.0,65.0,283.45,506.55270030815274
15628,0.106625858858162,LOW,13,4088.24,7,627,51.833333333333336,47.0,314.47999999999996,435.9121012182922
15629,0.6405798262732652,MEDIUM,4,2240.9000000000005,359,82,27.33333333333333,35.0,560.2250000000001,1435.4753326957602
15630,0.5334952315486131,MEDIUM,2,691.91,113,439,439.0,439.0,345.955,369.1306856608009
15632,0.0998865547797901,LOW,6,2351.84,30,153,30.2,28.0,391.97333333333336,234.91719499330156
15633,0.7513766489013042,HIGH,13,4335.96,418,221,17.916666666666668,16.5,333.5353846153846,3257.939094570099
15636,0.5732817291619168,MEDIUM,3,1026.52,191,287,143.0,143.0,342.17333333333335,588.4851606192908
15637,0.6762137474096682,MEDIUM,4,574.23,322,310,103.0,84.0,143.5575,388.3022201750538
15638,0.5145125789644097,MEDIUM,6,2265.2,287,231,46.0,17.0,377.5333333333333,1165.4738938701807
15639,0.7110165699571576,HIGH,3,1065.08,43,471,235.0,235.0,355.02666666666664,757.2895283299694
15640,0.0658107094152326,LOW,25,19914.94,30,603,24.791666666666668,22.5,796.5975999999999,1310.6163293617922
15641,0.1736912050219018,LOW,12,5345.55,14,627,56.63636363636363,50.0,445.46250000000003,928.4750210048272
15643,0.473134541701515,MEDIUM,3,664.0,100,90,45.0,45.0,221.33333333333334,314.1613356898059
15644,0.4734745991863242,MEDIUM,4,803.54,75,94,31.0,4.0,200.885,380.4557794301789
15645,0.5296965496299897,MEDIUM,2,443.1600000000001,323,11,11.0,11.0,221.58000000000004,234.74032293402627
15646,0.3852006308217066,LOW,5,784.8100000000002,66,252,63.0,55.5,156.96200000000005,302.3093070751836
15648,0.4252091104773984,MEDIUM,2,639.5,113,62,62.0,62.0,319.75,271.92122615029626
15649,0.5809813496114972,MEDIUM,4,1660.35,245,50,16.666666666666668,12.0,415.0875,964.6323838274493
15650,0.8813298051732019,HIGH,2,553.88,430,106,106.0,106.0,276.94,488.15095248933306
15651,0.5867504795103055,MEDIUM,3,840.08,169,335,167.5,167.5,280.0266666666667,492.9173428270174
15652,0.3645443438217265,LOW,5,1405.9400000000005,0,393,97.75,44.0,281.1880000000001,512.5274747527184
15653,0.342524609547414,LOW,2,877.4399999999999,1,23,23.0,23.0,438.71999999999997,300.5447934012829
15656,0.4507795541665135,MEDIUM,3,563.63,87,105,52.5,52.5,187.87666666666667,254.072880114872
15658,0.2573958376370612,LOW,8,2117.2700000000004,99,546,77.57142857142857,63.0,264.65875000000005,544.9764851538207
15659,0.6845808566695787,MEDIUM,2,226.04,295,266,266.0,266.0,113.02,154.74265684159155
15660,0.2625318249159792,LOW,12,1887.17,44,536,48.27272727272727,53.0,157.26416666666668,495.4421840266885
15661,0.6631740283657668,MEDIUM,8,1215.9499999999996,226,261,36.85714285714285,33.0,151.99374999999995,806.3864597913538
15662,0.8965831402246005,HIGH,2,283.73,570,77,77.0,77.0,141.865,254.38753437592592
15664,0.4616078474975425,MEDIUM,3,867.5999999999999,358,200,99.5,99.5,289.2,400.49096848886785
15665,0.4663621398028867,MEDIUM,5,3987.0700000000006,77,466,116.25,117.0,797.4140000000001,1859.4184967438957
15666,0.87955346273645,HIGH,2,632.9399999999999,381,23,23.0,23.0,316.46999999999997,556.7045687044086
15669,0.3907561786503361,LOW,3,565.5400000000001,12,160,79.5,79.5,188.51333333333335,220.9882492739111
15670,0.7661517247956536,HIGH,2,325.20000000000005,205,259,259.0,259.0,162.60000000000002,249.1525409035466
15671,0.2697457524692778,LOW,5,1972.89,3,176,43.5,28.0,394.57800000000003,532.1786975891135
15673,0.1937816627014537,LOW,8,5492.790000000001,65,498,70.57142857142857,57.0,686.5987500000001,1064.401979069918
15674,0.2168463419552861,LOW,12,5881.29,122,517,46.54545454545455,33.0,490.1075,1275.3362224782045
15675,0.4835492318657723,MEDIUM,3,443.74,64,249,124.5,124.5,147.91333333333333,214.5701361481178
15677,0.6875274511575781,MEDIUM,2,648.4000000000001,330,42,42.0,42.0,324.20000000000005,445.7927993305737
15678,0.628180456976411,MEDIUM,2,1473.24,304,127,127.0,127.0,736.62,925.4605764359278
15679,0.4448563150819476,MEDIUM,2,260.26,63,28,28.0,28.0,130.13,115.77830456322768
15680,0.3703772057208786,LOW,8,3173.9,275,371,52.57142857142857,48.0,396.7375,1175.5402132374968
15681,0.2123905045366314,LOW,12,2266.76,92,381,34.36363636363637,14.0,188.89666666666668,481.4383000634547
15682,0.9077356294463286,HIGH,2,318.23999999999995,508,88,88.0,88.0,159.11999999999998,288.87778671499956
15683,0.6145275119227864,MEDIUM,2,524.54,26,356,356.0,356.0,262.27,322.3442611039784
15684,0.9142054667348696,HIGH,3,173.95000000000002,456,188,93.5,93.5,57.98333333333334,159.02604093853057
15687,0.2651772286565821,LOW,5,1679.4499999999998,95,143,35.25,21.0,335.89,445.3518966672968
15689,0.618124998563016,MEDIUM,3,521.03,28,497,248.5,248.5,173.67666666666665,322.0616680012882
15691,0.5501630715974076,MEDIUM,4,571.3,161,480,160.0,143.0,142.825,314.308162803599
15694,0.0963514115774049,LOW,19,6804.860000000001,85,556,30.38888888888889,21.0,358.1505263157895,655.6578665866195
15695,0.6022328989270043,MEDIUM,4,1131.04,175,414,137.66666666666666,83.0,282.76,681.1494980023989
15696,0.3790633363964379,LOW,11,2800.0600000000004,129,463,45.9,35.0,254.55090909090913,1061.40008571021
15700,0.5932058036320305,MEDIUM,2,696.6799999999998,81,1,1.0,1.0,348.3399999999999,413.27461927436286
15702,0.8965134318785253,HIGH,2,140.39,385,205,205.0,205.0,70.195,125.86152070142616
15704,0.3485860511182613,LOW,6,3734.66,49,442,88.2,46.0,622.4433333333333,1301.8503816693258
15708,0.1761954856716924,LOW,8,3241.24,47,287,40.57142857142857,34.0,405.155,571.0918559785163
15709,0.7289498983790171,HIGH,2,327.85,192,305,305.0,305.0,163.925,238.98622418356078
15711,0.8851512420976958,HIGH,2,420.25,465,128,128.0,128.0,210.125,371.98480949155663
15712,0.1023949674784159,LOW,10,3166.36,18,629,69.33333333333333,73.0,316.636,324.21932922495694
15713,0.6160476269812236,MEDIUM,4,839.6400000000001,52,580,193.0,222.0,209.91000000000003,517.2582295185147
15714,0.6684291002695688,MEDIUM,3,453.93,362,102,50.5,50.5,151.31,303.4200214853654
15715,0.8610573607956309,HIGH,5,658.0200000000001,464,63,15.75,11.5,131.604,566.5929645507412
15716,0.1664118312729848,LOW,11,2485.26,54,586,58.1,48.5,225.9327272727273,413.5766677894983
15717,0.5736853231611818,MEDIUM,5,607.0,143,358,89.0,65.0,121.4,348.22699115883734
15719,0.0518551735481392,LOW,29,9227.87,8,638,22.392857142857142,22.5,318.20241379310346,478.5128003296673
15722,0.1901852810851425,LOW,9,4436.24,17,531,65.875,50.0,492.91555555555556,843.7075513611525
15723,0.6455001098828641,MEDIUM,4,930.7,273,209,69.33333333333333,46.0,232.675,600.7669522679817
15724,0.5408655681389709,MEDIUM,3,310.85,110,199,99.5,99.5,103.61666666666667,168.1280618559991
15727,0.136677784973334,LOW,14,8802.04,16,577,43.92307692307692,36.0,628.7171428571429,1203.0433304466849
15728,0.6612618242560209,MEDIUM,2,544.6,288,64,64.0,64.0,272.3,360.123189489829
15729,0.7491983875661862,HIGH,3,192.55,121,190,95.0,95.0,64.18333333333334,144.25814952586916
15730,0.4449043831098629,MEDIUM,4,1382.92,1,339,112.66666666666669,114.0,345.73,615.2671694902916
15732,0.3125310797093914,LOW,10,1543.97,121,461,50.77777777777778,19.0,154.397,482.53861113890906
15734,0.6339036646243799,MEDIUM,4,2263.3,23,432,143.66666666666666,110.0,565.825,1434.714164144359
15736,0.6780847061060392,MEDIUM,2,1767.12,344,0,0.0,0.0,883.56,1198.257045854104
15737,0.3142283338776316,LOW,5,880.93,56,95,23.5,20.5,176.18599999999998,276.813166162822
15738,0.0518551735481392,LOW,38,12084.35,5,632,16.54054054054054,15.0,318.0092105263158,626.636066466456
15741,0.8805942027215902,HIGH,2,208.62,367,160,160.0,160.0,104.31,183.70956257177815
15743,0.3462781120665067,LOW,2,434.05,22,71,71.0,71.0,217.025,150.30201454246725
15747,0.2802058785196074,LOW,8,2078.54,29,570,81.0,58.0,259.8175,582.4191267381447
15748,0.7092190891694911,HIGH,2,465.45,358,0,0.0,0.0,232.725,330.1060250539396
15749,0.637314623766932,MEDIUM,3,44534.3,144,97,48.5,48.5,14844.766666666668,28382.360649223683
15750,0.1366865348332511,LOW,14,5098.120999999999,79,567,43.07692307692308,20.0,364.15149999999994,696.8444936506288
15751,0.826079609730172,HIGH,11,1380.44,369,272,27.0,20.0,125.49454545454546,1140.3533364559187
15752,0.1742963359860681,LOW,8,3391.6800000000003,2,364,51.42857142857143,33.0,423.96000000000004,591.1573968372276
15754,0.3892274072705719,LOW,7,2670.84,155,408,67.66666666666667,18.0,381.54857142857145,1039.5641284345343
15755,0.1026699037888735,LOW,14,4773.700000000001,17,627,47.84615384615385,41.0,340.97857142857146,490.1153197169455
15756,0.4799946879603405,MEDIUM,3,359.89,61,96,48.0,48.0,119.96333333333332,172.74528825004694
15757,0.3327577844526746,LOW,5,2487.3,126,329,82.0,57.5,497.46000000000004,827.6684372691376
15759,0.4812657151424497,MEDIUM,7,830.9300000000001,127,519,86.16666666666667,69.5,118.70428571428572,399.89812068331577
15760,0.8786895848999138,HIGH,2,13916.34,539,0,0.0,0.0,6958.17,12228.143017926066
15764,0.1945575783810132,LOW,7,4499.7300000000005,16,371,61.66666666666666,60.5,642.8185714285715,875.4565721683966
15766,0.5325307502932104,MEDIUM,2,516.0,365,225,225.0,225.0,258.0,274.78586715129654
15768,0.2393978755881858,LOW,34,15308.89,24,620,18.363636363636363,7.0,450.2614705882353,3664.9157436132214
15769,0.0576579468106727,LOW,39,74223.52,10,627,16.07894736842105,13.0,1903.1671794871795,4279.575768260901
15771,0.8980895937709098,HIGH,3,1006.54,513,89,44.5,44.5,335.5133333333333,903.9630997141716
15774,0.6685640076651205,MEDIUM,5,1017.54,327,238,59.25,56.5,203.50799999999998,680.2906203595667
15775,0.9090491134165534,HIGH,2,150.5,154,386,386.0,386.0,75.25,136.8118915691913
15777,0.4052589654606117,MEDIUM,7,1762.61,150,327,54.16666666666666,39.0,251.80142857142854,714.3135051105287
15779,0.9379552508053484,HIGH,2,124.08,372,69,69.0,69.0,62.04,116.38148751992762
15780,0.4228941227844676,MEDIUM,3,475.28,92,174,86.5,86.5,158.42666666666665,200.99311867700175
15781,0.4220810357698307,MEDIUM,2,211.3,46,168,168.0,168.0,105.65,89.18572285816524
15784,0.8702890242394684,HIGH,2,848.3299999999999,376,204,204.0,204.0,424.16499999999996,738.2922879330682
15785,0.1417461364029067,LOW,15,5306.789999999999,66,566,40.142857142857146,45.0,353.78599999999994,752.2169792015811
15786,0.5078784855104813,MEDIUM,3,6730.26,23,422,210.5,210.5,2243.42,3418.154255891772
15789,0.519081297631725,MEDIUM,6,1962.01,267,265,52.8,61.0,327.00166666666667,1018.4426967664207
15791,0.4378131622026118,MEDIUM,4,3218.8900000000003,113,437,145.66666666666666,61.0,804.7225000000001,1409.2724096823652
15792,0.6519729834505383,MEDIUM,2,933.84,308,218,218.0,218.0,466.92,608.8384508654508
15793,0.5272838446832855,MEDIUM,6,1740.6,177,469,93.6,110.0,290.09999999999997,917.7902600557267
15794,0.8662423945610102,HIGH,2,777.0000000000001,645,0,0.0,0.0,388.50000000000006,673.070340573905
15795,0.2907079838047872,LOW,8,1979.87,58,540,77.0,27.0,247.48375,575.564015895584
15796,0.1192119844713072,LOW,14,4035.789999999999,18,509,38.69230769230769,35.0,288.27071428571423,481.11453480945676
15797,0.4382683679439585,MEDIUM,6,2821.08,22,568,113.4,100.0,470.18,1236.3901274393425
15798,0.8594863528197746,HIGH,3,1535.37,401,188,94.0,94.0,511.78999999999996,1319.6295615288973
15799,0.4660341298289095,MEDIUM,3,1018.44,94,233,116.5,116.5,339.48,474.6277991829546
15800,0.4509933759130224,MEDIUM,7,1227.07,16,511,85.0,69.5,175.29571428571427,553.4004417815923
15803,0.4644789352083163,MEDIUM,3,1513.8400000000004,354,230,115.0,115.0,504.61333333333346,703.1467912757577
15804,0.1116302557098518,LOW,5,2554.84,3,104,25.75,25.0,510.968,285.1974424977578
15805,0.0536473099771832,LOW,24,8209.25,15,623,26.82608695652174,16.0,342.0520833333333,440.40417943019116
15806,0.4926136921326535,MEDIUM,2,521.8800000000001,66,119,119.0,119.0,260.94000000000005,257.08523365018925
15807,0.5368191031912293,MEDIUM,2,913.62,317,257,257.0,257.0,456.81,490.4486690575709
15808,0.5091098826571935,MEDIUM,21,17180.25,215,431,21.05,21.0,818.1071428571429,8746.635061521249
15809,0.3665249001095086,LOW,6,1157.88,93,351,69.6,52.0,192.98000000000002,424.3918513387979
15810,0.1607244555065093,LOW,7,2968.25,79,502,83.16666666666667,70.5,424.0357142857143,477.0703650571962
15811,0.1828132207268187,LOW,6,3041.33,14,282,55.8,59.0,506.8883333333333,555.9953325930954
15812,0.1521843984637437,LOW,12,5201.470000000001,16,617,55.63636363636363,44.0,433.45583333333343,791.5825830772092
15813,0.4205277026832162,MEDIUM,2,1303.91,116,31,31.0,31.0,651.955,548.3302768056725
15814,0.6338875282679222,MEDIUM,2,689.1100000000001,302,210,210.0,210.0,344.55500000000006,436.8182346047079
15815,0.2747658775745244,LOW,4,1874.7,49,119,39.333333333333336,33.0,468.675,515.1035906889609
15816,0.8590127980934154,HIGH,2,144.15,451,0,0.0,0.0,72.075,123.82669484516583
15817,0.7157600703707608,HIGH,3,2766.4,329,122,60.5,60.5,922.1333333333333,1980.0786586736729
15819,0.1710245102116397,LOW,9,3614.81,40,500,62.25,59.5,401.6455555555556,618.2211097581372
15822,0.4795641745660317,MEDIUM,5,1394.79,268,373,93.0,95.5,278.95799999999997,668.8913150429553
15823,0.6105140363922462,MEDIUM,3,3882.17,281,358,179.0,179.0,1294.0566666666666,2370.1192766608865
15824,0.4665396484664638,MEDIUM,2,890.94,362,78,78.0,78.0,445.47,415.6588344047113
15826,0.5265084437986276,MEDIUM,2,1663.9699999999998,119,357,357.0,357.0,831.9849999999999,876.0942552276023
15827,0.0781752466689264,LOW,27,3365.21,23,586,22.192307692307693,21.5,124.63740740740741,263.07612184273785
15829,0.3994622710191378,LOW,2,636.1399999999998,8,41,41.0,41.0,318.0699999999999,254.1139290861142
15831,0.5402197489767369,MEDIUM,2,451.1100000000001,33,199,199.0,199.0,225.55500000000006,243.69853096089582
15834,0.2316522139050693,LOW,6,3322.46,74,258,51.4,47.0,553.7433333333333,769.6552146110365
15835,0.3646095243725313,LOW,3,675.5099999999999,46,193,96.0,96.0,225.16999999999996,246.29737980888856
15838,0.0532800604593039,LOW,27,53715.92,17,616,23.26923076923077,17.0,1989.4785185185185,2861.9874652271315
15841,0.3661784536267619,LOW,7,2131.61,127,511,84.83333333333333,67.0,304.5157142857143,780.5496535353419
15842,0.6485396595979432,MEDIUM,2,548.8,302,134,134.0,134.0,274.4,355.91856518735125
15845,0.1981922709537429,LOW,8,3241.2700000000004,53,537,76.28571428571429,55.0,405.15875000000005,642.3946620742383
15847,0.5898116793937461,MEDIUM,4,613.9800000000001,197,353,117.33333333333331,139.0,153.49500000000003,362.1325749141723
15850,0.4899951234031264,MEDIUM,5,888.0300000000001,77,558,139.0,168.5,177.60600000000002,435.1303694356784
15852,0.5706264613653712,MEDIUM,3,257.26,95,340,169.5,169.5,85.75333333333333,146.7993634508554
15854,0.0879616798142962,LOW,18,5002.85,49,589,34.11764705882353,31.0,277.93611111111113,440.0590898589518
15855,0.3312334398328944,LOW,6,1052.72,45,339,67.6,34.0,175.45333333333335,348.69606678088456
15856,0.059647113848081,LOW,42,27380.24,4,641,15.170731707317072,12.0,651.9104761904762,1633.1522924677815
15858,0.3662427134311226,LOW,10,2941.0599999999995,198,440,48.22222222222222,51.0,294.10599999999994,1077.1417947637372
15860,0.150233279947453,LOW,15,2163.28,7,634,44.71428571428572,24.0,144.21866666666668,324.99664984472616
15861,0.301508208489295,LOW,7,2346.04,43,545,90.66666666666669,101.0,335.1485714285714,707.3503174442257
15862,0.1319435384664286,LOW,12,2339.14,21,610,55.27272727272727,42.0,194.9283333333333,308.6344085683618
15863,0.4366084829290025,MEDIUM,4,295.46,101,530,176.33333333333334,69.0,73.865,129.00034236620309
15864,0.3481677535642439,LOW,4,1202.3000000000002,7,282,93.66666666666669,78.0,300.57500000000005,418.6020901102905
15865,0.5890904171211384,MEDIUM,3,1660.22,122,489,244.5,244.5,553.4066666666666,978.0196923128565
15867,0.0609501863842322,LOW,28,8060.57,22,612,22.185185185185187,20.0,287.8775,491.2932438631505
15869,0.6811026627456579,MEDIUM,3,321.11000000000007,186,349,174.5,174.5,107.03666666666669,218.70887603425825
15870,0.6391174790112344,MEDIUM,3,506.02,305,49,24.5,24.5,168.67333333333332,323.4062267292648
15872,0.7376644767663532,HIGH,2,413.0,287,171,171.0,171.0,206.5,304.6554289045039
15873,0.8520929713624522,HIGH,4,313.92,408,1,0.3333333333333333,0.0,78.48,267.48902557010103
15874,0.0963514115774049,LOW,20,9086.63,86,523,27.157894736842103,26.0,454.33149999999995,875.5096269815946
15876,0.6390042144617821,MEDIUM,2,1449.14,318,39,39.0,39.0,724.57,926.006567345147
15878,0.8994197743543005,HIGH,2,330.7699999999999,470,171,171.0,171.0,165.38499999999996,297.5010787631719
15879,0.6316079397999098,MEDIUM,4,1137.8000000000002,313,317,105.0,116.0,284.45000000000005,718.6435139043375
15881,0.7868926237857052,HIGH,5,501.39,221,52,12.75,1.0,100.27799999999999,394.54009263991475
15882,0.3945179509839117,LOW,8,1124.66,107,530,75.42857142857143,53.0,140.5825,443.69855875356615
15884,0.7696287376003083,HIGH,2,244.6,341,303,303.0,303.0,122.3,188.2511892170354
15885,0.3797059919042894,LOW,15,1951.82,1,594,42.07142857142857,33.0,130.12133333333333,741.1177491186301
15886,0.5995147764254952,MEDIUM,3,871.78,325,181,90.5,90.5,290.5933333333333,522.6449917922182
15887,0.6208867359258998,MEDIUM,3,1027.15,315,148,74.0,74.0,342.3833333333334,637.743810806288
15888,0.648044786688404,MEDIUM,2,260.85,309,125,125.0,125.0,130.425,169.0424826076702
15889,0.3027561563206671,LOW,8,1427.6,65,572,81.28571428571429,20.0,178.45,432.21468876338434
15890,0.704366762250776,HIGH,5,535.65,303,210,52.25,3.5,107.13,377.29405619962813
15894,0.5931766828957701,MEDIUM,2,258.25,162,115,115.0,115.0,129.125,153.18787835783263
15897,0.6154189702794128,MEDIUM,2,208.59000000000003,103,0,0.0,0.0,104.29500000000002,128.37024301058275
15898,0.3020440698329844,LOW,24,4610.56,135,501,21.26086956521739,16.0,192.10666666666668,1392.5923066091646
15900,0.6717866285231906,MEDIUM,3,549.29,322,148,73.5,73.5,183.09666666666666,369.00567718150336
15901,0.5069874241119117,MEDIUM,5,446.48,63,388,96.75,45.5,89.296,226.35974511748634
15903,0.4106262106840508,MEDIUM,7,4454.72,136,467,77.33333333333333,56.0,636.3885714285715,1829.2247932584548
15906,0.2647615890526972,LOW,7,1760.21,53,305,50.5,39.5,251.45857142857145,466.03599666644817
15907,0.4172226841957678,MEDIUM,2,477.5899999999999,85,33,33.0,33.0,238.79499999999996,199.26138174505672
15908,0.8764008167214478,HIGH,2,758.6200000000001,399,21,21.0,21.0,379.31000000000006,664.8551875812248
15910,0.2524438124277957,LOW,12,2095.65,8,588,53.09090909090909,42.0,174.63750000000002,529.03387551431
15911,0.846676026012976,HIGH,8,1700.24,532,106,14.857142857142858,15.0,212.53,1439.5524464683024
15912,0.370750592498801,LOW,9,1074.7,87,551,68.625,47.5,119.41111111111111,398.4456617584614
15914,0.7704080230908346,HIGH,2,205.99,287,0,0.0,0.0,102.995,158.69634867648102
15916,0.1514780676722218,LOW,10,2489.33,100,537,59.22222222222222,49.0,248.933,377.07889819849186
15917,0.5507743736647138,MEDIUM,5,530.17,156,489,122.0,65.0,106.03399999999999,292.0040496858213
15918,0.5946274045243067,MEDIUM,3,582.88,99,441,220.0,220.0,194.29333333333332,346.5964215491279
15920,0.4305992871435281,MEDIUM,9,569.1400000000001,63,571,71.25,45.0,63.23777777777779,245.07127828486762
15921,0.6093175030992419,MEDIUM,4,775.2600000000001,81,468,155.66666666666666,223.0,193.81500000000003,472.37948745271837
15932,0.1575397678513498,LOW,6,1885.95,16,181,35.8,28.0,314.325,297.11212517925316
15934,0.7521091559277477,HIGH,2,2190.66,326,11,11.0,11.0,1095.33,1647.6154435246797
15935,0.7526573320611571,HIGH,2,416.86,148,2,2.0,2.0,208.43,313.752735443014
15936,0.7320919538045425,HIGH,2,282.79,288,88,88.0,88.0,141.395,207.0282836163866
15938,0.4403552935138732,MEDIUM,9,734.8100000000001,21,444,55.125,47.0,81.64555555555556,323.5774732269292
15939,0.0542114434954003,LOW,15,8805.63,16,267,18.714285714285715,16.5,587.0419999999999,477.3659131864017
15943,0.906048267147224,HIGH,2,271.29,558,28,28.0,28.0,135.645,245.80183439437042
15944,0.5556781850241271,MEDIUM,4,2164.24,185,449,149.66666666666666,117.0,541.06,1202.620955156617
15945,0.6306901918928637,MEDIUM,4,646.2700000000001,274,372,124.0,76.0,161.56750000000002,407.59615031460106
15946,0.8770057533448165,HIGH,3,2304.18,411,131,65.5,65.5,768.06,2020.779116742059
15950,0.1888639419411293,LOW,8,6467.58,15,576,82.0,69.0,808.4475,1221.492653619609
15951,0.6012064886209776,MEDIUM,2,680.12,194,95,95.0,95.0,340.06,408.8925570408993
15952,0.5111019194740516,MEDIUM,2,309.2,68,66,66.0,66.0,154.6,158.03271350137675
15953,0.1585042772937392,LOW,14,2607.1,120,524,40.0,35.0,186.22142857142856,413.23650133250743
15955,0.098498919939155,LOW,16,6133.37,15,547,36.13333333333333,17.0,383.335625,604.130320587215
15956,0.8569763860681151,HIGH,2,617.6,460,175,175.0,175.0,308.8,529.268616035668
15957,0.6427737392345363,MEDIUM,2,492.36,329,0,0.0,0.0,246.18,316.4760782495163
15958,0.6942103407329934,MEDIUM,3,357.77000000000004,312,147,73.0,73.0,119.25666666666667,248.36763360404308
15959,0.8467286785440857,HIGH,3,542.89,591,0,0.0,0.0,180.96333333333334,459.6805322947987
15960,0.7330056785652563,HIGH,4,410.95,283,61,19.666666666666668,14.0,102.7375,301.2286836063921
15965,0.3692874430108286,LOW,10,2119.26,276,369,40.55555555555556,41.0,211.92600000000002,782.6161064751287
15967,0.4257984672066984,MEDIUM,11,2730.22,227,419,41.5,37.5,248.20181818181817,1162.523491137072
15969,0.5453068906251121,MEDIUM,3,769.65,94,336,168.0,168.0,256.55,419.6954483696175
15970,0.7958935072074779,HIGH,2,1017.32,212,295,295.0,295.0,508.66,809.6783827523114
15971,0.1026699037888735,LOW,13,3812.4300000000007,17,623,51.5,25.0,293.2638461538462,391.4218213018151
15972,0.6206444049371708,MEDIUM,5,1769.33,365,143,35.5,23.5,353.866,1098.1247649874842
15973,0.6290123260175051,MEDIUM,3,680.62,275,62,31.0,31.0,226.87333333333333,428.11836933403436
15974,0.1561834038433994,LOW,6,2895.01,4,193,38.2,38.0,482.5016666666667,452.15251596067975
15976,0.3132243611601271,LOW,6,1694.41,74,385,76.6,55.0,282.4016666666667,530.730489793331
15978,0.6677865185358876,MEDIUM,2,2180.6400000000003,341,211,211.0,211.0,1090.3200000000002,1456.201993780098
15980,0.3665755574179906,LOW,5,4905.0,163,302,75.25,32.5,981.0,1798.0531091352439
15981,0.0829661987087899,LOW,19,8412.49,46,483,26.444444444444443,24.0,442.7626315789474,697.952316975708
15983,0.4242338697366732,MEDIUM,7,2783.62,269,372,61.66666666666666,6.0,397.65999999999997,1180.9058844763983
15984,0.0518551735481392,LOW,27,7419.9,9,637,24.192307692307693,20.5,274.8111111111111,384.76020220983804
15985,0.244597521189249,LOW,7,2715.28,32,438,72.5,49.0,387.8971428571429,664.1507573347441
15987,0.259646780320807,LOW,7,1296.85,29,258,42.66666666666666,23.0,185.2642857142857,336.72292705903857
15988,0.8818090731676043,HIGH,2,582.1100000000002,460,105,105.0,105.0,291.0550000000001,513.3098795815944
15989,0.8674241210123408,HIGH,2,368.31,284,361,361.0,361.0,184.155,319.48097801005525
15990,0.4631158452655132,MEDIUM,6,1607.01,196,362,72.0,32.0,267.835,744.2317945001323
15992,0.6546389863231615,MEDIUM,2,854.6099999999999,305,57,57.0,57.0,427.30499999999995,559.461024101637
15994,0.6752486673474107,MEDIUM,2,761.4100000000001,320,224,224.0,224.0,380.70500000000004,514.141087804992
15996,0.2183082443686307,LOW,6,1233.58,25,280,56.0,49.0,205.59666666666666,269.3006840882554
15998,0.1235461614998268,LOW,14,7299.179999999999,80,566,43.0,37.0,521.37,901.7856710963058
16003,0.187983957805604,LOW,8,4672.360000000001,43,601,85.57142857142857,31.0,584.0450000000001,878.3287250925921
16004,0.7841750227376025,HIGH,5,2146.39,383,208,52.0,60.0,429.27799999999996,1683.1454270537627
16005,0.2996060067765229,LOW,8,2062.19,91,267,37.71428571428572,20.0,257.77375,617.8445111144778
16006,0.659847898266549,MEDIUM,2,332.81999999999994,120,176,176.0,176.0,166.40999999999997,219.61057750107278
16007,0.2871209259344838,LOW,5,2086.92,89,362,90.0,79.0,417.384,599.1984027511929
16008,0.1823867226347335,LOW,13,4999.5,113,425,34.916666666666664,17.0,384.5769230769231,911.84241981235
16010,0.4451382774544591,MEDIUM,11,1694.86,154,165,16.1,5.5,154.0781818181818,754.4470609264645
16011,0.0533244052984567,LOW,25,4433.71,1,646,26.45833333333333,21.5,177.3484,236.42494901582046
16012,0.3741089256472899,LOW,4,2695.42,37,401,133.33333333333334,128.0,673.855,1008.3806803682182
16013,0.055256950019134,LOW,72,42357.18,7,633,8.633802816901408,4.0,588.2941666666667,2340.5285782114624
16014,0.5706936785931274,MEDIUM,4,967.83,61,525,174.66666666666666,138.0,241.9575,552.3344629527865
16016,0.2553991168900704,LOW,7,1408.96,105,206,34.0,14.0,201.28,359.8471397334336
16017,0.6778053346371078,MEDIUM,4,1333.6999999999998,326,286,95.0,59.0,333.42499999999995,903.9889748055106
16018,0.4557639797974586,MEDIUM,3,451.13,89,551,275.5,275.5,150.37666666666667,205.6088042060275
16019,0.2180940120707837,LOW,25,16495.170000000002,45,588,24.041666666666668,20.0,659.8068000000001,3597.4978050896293
16021,0.6436465542551338,MEDIUM,2,487.03,304,149,149.0,149.0,243.515,313.47518131887784
16023,0.4425496892780108,MEDIUM,2,500.69,101,74,74.0,74.0,250.345,221.58020392460722
16024,0.6441969559153228,MEDIUM,2,232.96,320,0,0.0,0.0,116.48,150.0721228500336
16027,0.2609327349112119,LOW,15,2048.36,0,608,42.85714285714285,29.5,136.55733333333333,534.48417688273
16029,0.055256950019134,LOW,96,91042.92,2,637,6.3578947368421055,5.0,948.36375,5030.754080036015
16031,0.5510199818638256,MEDIUM,2,547.9000000000001,1,154,154.0,154.0,273.95000000000005,301.9038480631901
16032,0.584474901402771,MEDIUM,6,1965.72,365,67,13.0,16.0,327.62,1148.9140031854552
16033,0.0661886861693409,LOW,23,7694.540000000001,17,376,16.681818181818183,13.0,334.5452173913044,509.2914932774404
16034,0.4225202394558486,MEDIUM,6,911.32,105,213,42.4,12.0,151.88666666666668,385.051144620904
16036,0.5853468114438201,MEDIUM,3,1986.65,172,356,178.0,178.0,662.2166666666667,1162.8792429548653
16037,0.4839466579673462,MEDIUM,5,1509.34,178,378,94.0,78.5,301.868,730.4400487364343
16038,0.3862339045989621,LOW,2,393.3299999999999,86,24,24.0,24.0,196.66499999999996,151.91738169590974
16039,0.7234302263525979,HIGH,2,456.4,332,204,204.0,204.0,228.2,330.17355530732567
16040,0.3870987529490634,LOW,6,1979.53,57,461,91.8,80.0,329.9216666666667,766.2735944252594
16041,0.3078983695786877,LOW,2,2739.8,50,0,0.0,0.0,1369.9,843.5799529716886
16042,0.3282518588174799,LOW,5,1508.3300000000004,16,346,86.0,60.0,301.66600000000005,495.1121262101696
16043,0.3203881447529019,LOW,7,1759.0899999999997,120,270,44.66666666666666,48.0,251.2985714285714,563.5915815533821
16045,0.1752308908712832,LOW,8,3434.9300000000003,28,378,53.71428571428572,44.0,429.36625000000004,601.9058439804969
16048,0.6618645650545362,MEDIUM,4,818.79,282,176,58.333333333333336,26.0,204.6975,541.9280872210037
16049,0.6208867359258998,MEDIUM,3,777.34,284,141,70.0,70.0,259.11333333333334,482.640095304639
16050,0.5472751119063313,MEDIUM,3,300.7,82,227,113.0,113.0,100.23333333333333,164.5656261502338
16053,0.3840437199908711,LOW,5,3247.08,31,488,121.75,98.0,649.4159999999999,1247.0206823079577
16054,0.6541876832265394,MEDIUM,4,2111.88,54,471,157.0,104.0,527.97,1381.5658844524642
16057,0.1554712739502323,LOW,9,3135.96,5,604,75.375,59.0,348.44,487.5516962569705
16059,0.261439537687135,LOW,10,2545.01,72,405,44.44444444444444,40.0,254.50100000000003,665.3662378091356
16060,0.6874677410221034,MEDIUM,3,541.95,309,93,46.5,46.5,180.65,372.57314224692897
16062,0.262526939542428,LOW,7,2487.97,42,402,66.66666666666667,78.0,355.4242857142857,653.1591497733746
16065,0.496716584739753,MEDIUM,8,1992.13,274,97,13.571428571428571,14.0,249.01625,989.5240099576042
16067,0.9102679674482956,HIGH,3,3269.11,471,112,55.5,55.5,1089.7033333333334,2975.766115064898
16071,0.6489065252948242,MEDIUM,3,750.5600000000002,436,127,63.5,63.5,250.18666666666672,487.0432816252833
16072,0.539193069959905,MEDIUM,4,4180.09,197,260,86.33333333333333,120.0,1045.0225,2253.8755598086996
16075,0.8706892545740573,HIGH,2,736.9300000000001,411,61,61.0,61.0,368.46500000000003,641.6370323732601
16076,0.154215072934513,LOW,5,1357.9799999999998,1,115,28.5,20.5,271.59599999999995,209.42098474360995
16078,0.8729988280423274,HIGH,2,362.99,192,385,385.0,385.0,181.495,316.88984459108445
16080,0.6160790531617215,MEDIUM,3,515.66,183,176,87.5,87.5,171.88666666666666,317.6873245533733
16081,0.326376818146315,LOW,6,2471.91,94,489,97.2,99.0,411.98499999999996,806.7741205440574
16083,0.4010427564918223,MEDIUM,4,2351.4200000000005,9,287,95.33333333333331,21.0,587.8550000000001,943.019958470001
16085,0.3745279169294216,LOW,9,1684.5600000000002,145,451,56.125,57.5,187.17333333333335,630.9147477426266
16086,0.1399274929588561,LOW,9,2466.04,7,639,79.25,83.0,274.00444444444446,345.06679473625746
16087,0.5632477757132637,MEDIUM,5,1739.9199999999998,298,300,74.5,43.5,347.984,980.0060699190217
16088,0.8936466097659873,HIGH,2,1437.43,484,15,15.0,15.0,718.715,1284.5544462759233
16089,0.648044786688404,MEDIUM,2,263.48999999999995,295,122,122.0,122.0,131.74499999999998,170.75332084452754
16091,0.547820294139355,MEDIUM,2,315.06,63,43,43.0,43.0,157.53,172.59626187154518
16092,0.4143138226640953,MEDIUM,6,1587.9399999999998,23,464,92.4,74.0,264.65666666666664,657.9054915612234
16094,0.3383087762379327,LOW,8,2869.43,128,382,54.285714285714285,32.0,358.67875,970.7533518004112
16096,0.5664327750167463,MEDIUM,4,1584.97,173,380,126.33333333333331,151.0,396.2425,897.7789554182923
16098,0.1381793978004845,LOW,13,3717.56,37,596,49.25,51.0,285.9661538461538,513.6902020871692
16099,0.3703274073055069,LOW,6,1433.4,46,508,101.4,88.0,238.9,530.8273056317137
16101,0.7276784259706706,HIGH,3,1938.46,343,126,63.0,63.0,646.1533333333333,1410.575521607106
16102,0.2160983390267997,LOW,2,1392.84,7,29,29.0,29.0,696.42,300.9904105300877
16103,0.10695230982439,LOW,20,5918.47,66,542,28.105263157894736,18.0,295.9235,632.9940371263575
16104,0.5520722002254353,MEDIUM,8,2476.25,327,314,44.71428571428572,48.0,309.53125,1367.0687858082342
16105,0.3907709008095423,LOW,5,2386.19,157,355,88.25,60.5,477.238,932.4536158027217
16107,0.2546245984924052,LOW,3,1494.12,12,79,39.5,39.5,498.03999999999996,380.43970509947246
16108,0.7313179392224934,HIGH,3,1393.42,343,197,98.0,98.0,464.47333333333336,1019.0330428714069
16109,0.6389346983133616,MEDIUM,3,939.48,127,479,239.5,239.5,313.16,600.266370371437
16110,0.5697775705269327,MEDIUM,3,1138.82,171,260,129.5,129.5,379.6066666666666,648.8740928674814
16112,0.7089251926872777,HIGH,4,195.74,52,195,64.33333333333333,11.0,48.935,138.76501721660776
16115,0.2602906142363835,LOW,9,1817.51,26,457,56.75,51.5,201.94555555555556,473.0807942807694
16117,0.5796903281412208,MEDIUM,3,654.3999999999999,98,401,200.5,200.5,218.1333333333333,379.3493507356148
16119,0.593668231857074,MEDIUM,6,1297.45,303,329,65.6,49.0,216.24166666666667,770.2548474229607
16120,0.5842904053519733,MEDIUM,2,1658.37,331,0,0.0,0.0,829.185,968.9696795235519
16121,0.5397639604606947,MEDIUM,4,881.3199999999999,124,350,116.66666666666669,175.0,220.32999999999998,475.7047736332195
16122,0.332010579557275,LOW,5,761.46,21,312,77.5,41.5,152.292,252.8127759096826
16124,0.6456371686968772,MEDIUM,4,1772.49,226,415,138.33333333333334,149.0,443.1225,1144.3854251435278
16125,0.5587519010939599,MEDIUM,14,4292.35,276,358,26.923076923076923,26.0,306.5964285714286,2398.3587226606587
16126,0.1072349678489731,LOW,14,12063.53,10,635,48.30769230769231,46.0,861.6807142857143,1293.6322516951225
16128,0.1839019338175713,LOW,8,2615.5300000000007,52,367,52.0,27.0,326.9412500000001,481.0010249578724
16129,0.6210212858507421,MEDIUM,3,1396.05,316,100,49.5,49.5,465.34999999999997,866.9767661119286
16130,0.7086218122968035,HIGH,4,987.48,331,195,64.33333333333333,38.0,246.87,699.7498672068476
16131,0.1185165609440112,LOW,10,8729.380000000001,24,622,68.77777777777777,50.0,872.9380000000001,1034.5760967734325
16132,0.8220360884249187,HIGH,2,664.1999999999999,453,83,83.0,83.0,332.09999999999997,545.9963699318309
16133,0.0911744856417087,LOW,46,19022.49,10,517,11.0,7.0,413.53239130434787,1734.3657413745475
16134,0.4538578660487139,MEDIUM,4,1810.78,268,181,60.0,64.0,452.695,821.8367466836902
16135,0.7556665167981486,HIGH,2,819.4499999999999,171,321,321.0,321.0,409.72499999999997,619.2309271902428
16136,0.704800988624529,HIGH,2,396.72,186,385,385.0,385.0,198.36,279.60864820712317
16138,0.6316079397999098,MEDIUM,3,910.35,287,212,106.0,106.0,303.45,574.9842879968479
16139,0.2849610140923103,LOW,4,782.11,21,624,207.3333333333333,94.0,195.5275,222.8708587317368
16140,0.6314290386169477,MEDIUM,2,832.4200000000001,280,70,70.0,70.0,416.21000000000004,525.6141603255196
16143,0.1558496020009974,LOW,11,4079.5,17,621,61.9,62.5,370.8636363636364,635.7884513630689
16145,0.0762936798467625,LOW,16,5606.26,8,484,31.933333333333334,26.0,350.39125,427.7222055777107
16146,0.4799729058536715,MEDIUM,4,946.38,66,291,96.66666666666669,46.0,236.595,454.2367586417977
16147,0.4693165600263205,MEDIUM,5,2398.91,42,538,134.25,132.5,479.782,1125.8481890127405
16148,0.7090760076299782,HIGH,2,386.62,205,140,140.0,140.0,193.31,274.1429660699022
16149,0.5376435532109364,MEDIUM,2,305.38,51,286,286.0,286.0,152.69,164.18558827955576
16150,0.1609938172674138,LOW,8,3357.85,37,593,84.14285714285714,85.0,419.73125,540.5930893113854
16153,0.1835636358946238,LOW,10,4332.8,24,446,49.11111111111112,40.0,433.28000000000003,795.344521604226
16155,0.6712490609806511,MEDIUM,5,796.9,290,158,39.25,44.0,159.38,534.9183766954808
16156,0.1248884653705384,LOW,16,4511.31,60,585,38.6,42.0,281.956875,563.4105827107636
16158,0.7445739753038112,HIGH,9,628.32,431,211,26.125,23.0,69.81333333333333,467.8307201628907
16159,0.6716039616178124,MEDIUM,4,1232.79,190,455,151.0,176.0,308.1975,827.9466478428229
16161,0.116531128450315,LOW,36,10083.05,49,529,14.685714285714283,10.0,280.0847222222222,1174.9891947209487
16163,0.5017977768323081,MEDIUM,6,2407.98,141,505,100.6,129.0,401.33,1208.3190106566612
16166,0.8255546821634735,HIGH,2,435.8300000000001,337,263,263.0,263.0,217.91500000000005,359.80149712730673
16167,0.6314974151925012,MEDIUM,5,1386.1199999999997,323,324,80.75,72.5,277.22399999999993,875.3311971466296
16168,0.055256950019134,LOW,57,9205.19,3,641,11.035714285714286,7.0,161.49456140350878,508.65072374663214
16170,0.0696520313168167,LOW,19,6544.61,21,546,29.83333333333333,16.0,344.4531578947368,455.84538067635174
16172,0.3281823700811577,LOW,8,1884.55,4,417,59.0,34.0,235.56875,618.4760855364457
16173,0.1999818482453429,LOW,2,635.0500000000001,0,6,6.0,6.0,317.52500000000003,126.99847272820503
16174,0.3016323851255122,LOW,7,2246.75,35,476,79.0,32.5,320.9642857142857,677.6925612807446
16175,0.4030668225185616,MEDIUM,7,1836.44,3,469,77.66666666666667,45.5,262.34857142857146,740.2080355459873
16176,0.5875720906430164,MEDIUM,4,2052.69,330,198,65.66666666666667,67.0,513.1725,1206.1033547420134
16177,0.5918744860736389,MEDIUM,7,1915.36,345,210,34.5,30.5,273.62285714285713,1133.652715646005
16178,0.5743120110875374,MEDIUM,2,612.5999999999999,47,263,263.0,263.0,306.29999999999995,351.82353799222534
16180,0.2636602135663928,LOW,13,16249.87,9,434,35.75,20.5,1249.99,4284.4441946261195
16182,0.1592215182856097,LOW,8,8198.0,39,510,72.57142857142857,73.0,1024.75,1305.2980069054283
16183,0.5129559820698799,MEDIUM,3,739.1,303,12,5.5,5.5,246.36666666666667,379.12576634784824
16184,0.2126402223117644,LOW,5,985.8,14,105,26.0,24.5,197.16,209.62073115493735
16185,0.6047681571130197,MEDIUM,2,450.31,141,332,332.0,332.0,225.155,272.33314882956387
16186,0.0536473099771832,LOW,23,7408.02,12,626,28.09090909090909,21.5,322.08782608695657,397.4203452571727
16187,0.0817137119654373,LOW,12,5395.699999999999,8,185,16.363636363636363,13.0,449.6416666666666,440.90267565190993
16188,0.3284389040337717,LOW,4,860.83,50,267,88.66666666666667,85.0,215.2075,282.7300617593917
16190,0.49253141711672,MEDIUM,7,2508.47,303,330,54.5,40.5,358.3528571428571,1235.5002838947785
16191,0.5111879818346646,MEDIUM,19,13112.98,171,465,25.5,10.0,690.1568421052631,6703.19778203832
16193,0.6216971722831239,MEDIUM,2,630.4300000000002,145,174,174.0,174.0,315.2150000000001,391.93654832244994
16197,0.8017372606447507,HIGH,9,2016.71,378,254,31.25,24.5,224.07888888888888,1616.8715509148751
16199,0.6357794133801177,MEDIUM,7,942.75,301,238,39.16666666666666,31.5,134.67857142857142,599.381041964106
16200,0.1751059340167459,LOW,11,5089.8,73,573,56.9,32.5,462.70909090909095,891.2541829584334
16201,0.5288577198120927,MEDIUM,2,552.4499999999999,18,305,305.0,305.0,276.22499999999997,292.1674473101906
16202,0.3516960608707196,LOW,9,2501.99,269,376,46.75,37.0,277.99888888888887,879.9400273379316
16203,0.3669506165348098,LOW,5,729.24,56,356,88.75,95.0,145.848,267.59506760184473
16204,0.669088886199977,MEDIUM,2,534.53,289,350,350.0,350.0,267.265,357.64808234047365
16205,0.4690707532653917,MEDIUM,4,1174.8300000000004,88,362,120.33333333333331,111.0,293.7075000000001,551.0783930587803
16206,0.1868048697712714,LOW,12,2462.67,33,559,50.27272727272727,48.0,205.2225,460.0387486396169
16208,0.3939762098602262,LOW,9,3273.78,198,363,45.125,36.0,363.75333333333333,1289.7914363162113
16209,0.2147218789881363,LOW,8,4001.06,28,427,60.71428571428572,59.0,500.1325,859.1151211442726
16210,0.0599997581261437,LOW,28,23913.63,7,638,23.14814814814815,8.0,854.0582142857144,1434.8120159180937
16211,0.7334341610503635,HIGH,2,543.5699999999999,330,16,16.0,16.0,271.78499999999997,398.67280692214604
16212,0.6288392636504946,MEDIUM,3,1101.5200000000002,192,386,193.0,193.0,367.1733333333334,692.6790256962929
16214,0.3196969928157467,LOW,4,2038.25,79,264,87.66666666666667,82.0,509.5625,651.6223956066957
16217,0.6741673071854232,MEDIUM,2,304.25000000000006,144,46,46.0,46.0,152.12500000000003,205.11540321116505
16218,0.2232753652445815,LOW,12,3519.4700000000003,23,446,40.18181818181818,23.0,293.2891666666667,785.8109497173473
16221,0.4366469921100558,MEDIUM,8,1474.43,184,210,29.428571428571427,21.0,184.30375,643.8054245768296
16222,0.9207281716532552,HIGH,2,1272.0500000000002,227,402,402.0,402.0,636.0250000000001,1171.2122707515234
16223,0.7231993548362323,HIGH,2,1087.05,283,20,20.0,20.0,543.525,786.1538586747263
16224,0.2953163481607538,LOW,4,1187.12,50,246,81.66666666666667,99.0,296.78,350.57594322859404
16225,0.1414767672381696,LOW,14,2716.63,58,520,39.46153846153846,30.0,194.04500000000002,384.3400301822287
16226,0.438902020331469,MEDIUM,5,672.17,112,210,52.0,31.0,134.434,295.0167710062035
16227,0.6057160882936931,MEDIUM,3,1027.22,134,310,154.5,154.5,342.4066666666667,622.2036802170473
16228,0.7960810957178271,HIGH,3,885.7099999999999,294,14,7.0,7.0,295.2366666666666,705.0969872882366
16229,0.2924395308026922,LOW,5,2215.46,121,351,87.5,81.0,443.092,647.8880829121324
16230,0.5214579217519276,MEDIUM,2,542.03,98,30,30.0,30.0,271.015,282.64583732719734
16231,0.6357794133801177,MEDIUM,4,1074.47,288,218,72.33333333333333,26.0,268.6175,683.1259062945351
16232,0.2413720889438536,LOW,6,2447.13,52,406,80.8,65.0,407.855,590.6688800171725
16233,0.434552519317738,MEDIUM,8,1608.13,238,407,57.71428571428572,50.0,201.01625,698.816942890434
16234,0.9037682460903832,HIGH,3,333.18,385,85,42.5,42.5,111.06,301.11750423239386
16235,0.3133044478679501,LOW,7,1851.69,95,283,47.0,40.5,264.52714285714285,580.1427130726045
16239,0.3133044478679501,LOW,5,1425.9,98,273,68.0,39.0,285.18,446.7408122149101
16241,0.0642258022832907,LOW,13,3180.98,5,313,25.75,17.5,244.69076923076923,204.30099254710203
16242,0.1989318642565247,LOW,10,4671.379999999999,74,468,51.55555555555556,48.0,467.1379999999999,929.2863320506442
16244,0.576899381420645,MEDIUM,2,1522.75,120,160,160.0,160.0,761.375,878.4735330582872
16245,0.4320844196072465,MEDIUM,2,769.7000000000002,30,135,135.0,135.0,384.8500000000001,332.5753777716977
16246,0.8702890242394684,HIGH,2,821.35,368,209,209.0,209.0,410.675,714.8118900590874
16249,0.2627627445820691,LOW,4,1440.7700000000002,21,126,41.66666666666666,38.0,360.19250000000005,378.58067951150775
16250,0.5726488193959733,MEDIUM,3,565.24,170,125,62.0,62.0,188.41333333333333,323.68401867538
16253,0.4052450282760343,MEDIUM,6,5288.74,164,475,94.6,111.0,881.4566666666666,2143.235590844594
16254,0.6316079397999098,MEDIUM,3,967.44,287,253,126.0,126.0,322.48,611.0427852800248
16255,0.1486892024357627,LOW,14,4092.880000000001,4,588,44.69230769230769,37.0,292.3485714285715,608.5670628652846
16256,0.5716574348407875,MEDIUM,3,1629.37,175,331,165.0,165.0,543.1233333333333,931.4414746065338
16258,0.136677784973334,LOW,14,10480.070000000002,36,512,39.0,33.0,748.5764285714287,1432.3927539654885
16259,0.7151416468236784,HIGH,3,340.93999999999994,319,194,97.0,97.0,113.64666666666665,243.82039306806487
16261,0.3998531299239001,LOW,4,722.6099999999999,22,329,109.0,132.0,180.65249999999997,288.9378702143094
16264,0.7590525073684958,HIGH,2,823.5300000000001,347,7,7.0,7.0,411.76500000000004,625.1025113931775
16265,0.071922110365036,LOW,10,5550.1900000000005,19,296,32.666666666666664,22.0,555.019,399.1813777269192
16266,0.3284757467675905,LOW,13,1657.18,24,557,45.91666666666666,23.0,127.47538461538463,544.3434380283156
16271,0.2404669989406615,LOW,8,2861.61,35,516,73.14285714285714,43.0,357.70125,688.1227688385864
16273,0.7645725104060113,HIGH,2,318.34,557,7,7.0,7.0,159.17,243.3940129626496
16275,0.6690481400717463,MEDIUM,3,2151.11,105,444,222.0,222.0,717.0366666666667,1439.1961445897343
16276,0.5609624178309637,MEDIUM,3,2629.3900000000003,85,430,215.0,215.0,876.4633333333335,1474.9889718205577
16278,0.6254816531961089,MEDIUM,3,1117.8400000000004,9,399,199.0,199.0,372.61333333333346,699.1884112087387
16279,0.25479258126055,LOW,7,4554.580000000001,85,419,69.5,41.5,650.6542857142858,1160.473194757676
16281,0.6244006047506148,MEDIUM,2,1361.96,332,258,258.0,258.0,680.98,850.4086476461473
16282,0.7369352848607116,HIGH,3,1307.5800000000002,248,378,189.0,189.0,435.86000000000007,963.6018397781694
16283,0.4203242609373191,MEDIUM,6,3365.86,29,528,105.2,109.0,560.9766666666667,1414.752616918485
16286,0.891519609851665,HIGH,2,328.95,386,146,146.0,146.0,164.475,293.2653756607052
16287,0.4394398646910366,MEDIUM,5,1006.98,78,519,129.5,132.0,201.39600000000002,442.50715494658004
16290,0.863062615008301,HIGH,4,1957.7000000000005,373,101,33.0,20.0,489.4250000000001,1689.6176814017513
16292,0.4115700440405503,MEDIUM,5,1253.76,30,482,120.0,81.5,250.752,516.0100584162803
16293,0.1831502570519974,LOW,11,3484.54,0,637,63.4,59.5,316.7763636363636,638.194396707967
16296,0.8763571928235244,HIGH,4,1313.67,535,95,31.33333333333333,21.0,328.4175,1151.2441534964794
16298,0.4461618852135027,MEDIUM,5,601.8,95,255,63.25,19.0,120.35999999999999,268.5002225214859
16300,0.7668357942744778,HIGH,3,1367.3200000000002,339,245,122.5,122.5,455.77333333333337,1048.509918227379
16303,0.2921763071500017,LOW,6,6603.969999999999,24,515,102.4,62.0,1100.6616666666666,1929.5235671293965
16306,0.5382255609765095,MEDIUM,7,1124.72,122,221,36.5,32.5,160.67428571428573,605.3530529414999
16307,0.773730033303245,HIGH,3,1194.92,338,147,73.5,73.5,398.3066666666667,924.5454913947135
16308,0.3110550971147771,LOW,6,4160.0,16,616,122.8,137.0,693.3333333333334,1293.9892039974727
16309,0.5282053451522628,MEDIUM,2,706.57,15,134,134.0,134.0,353.285,373.21405072423437
16310,0.7009231971141721,HIGH,2,460.08,323,227,227.0,227.0,230.04,322.48074452828826
16314,0.6390042144617821,MEDIUM,3,1491.4000000000003,298,83,41.0,41.0,497.13333333333344,953.010885448302
16315,0.7006658141321729,HIGH,2,402.71,239,205,205.0,205.0,201.355,282.16513000916734
16316,0.1689070439039235,LOW,12,5018.81,66,336,30.0,22.0,418.2341666666667,847.7123610154504
16317,0.4175592933076489,MEDIUM,5,2192.51,28,465,116.0,88.5,438.50200000000007,915.5029261699534
16320,0.3180710049306253,LOW,6,5628.99,81,509,101.4,60.0,938.165,1790.4185060444404
16321,0.4355895672994501,MEDIUM,5,454.55000000000007,214,433,108.0,65.0,90.91000000000001,197.99723781596506
16323,0.8518325073322843,HIGH,2,353.66,105,381,381.0,381.0,176.83,301.2590845431357
16324,0.3374083703600384,LOW,3,408.5899999999999,37,48,24.0,24.0,136.19666666666663,137.86168604540805
16325,0.1812890342779375,LOW,11,3419.2800000000007,64,580,57.4,46.5,310.84363636363645,619.8779691258662
16326,0.0762936798467625,LOW,18,3206.7,5,583,34.0,27.0,178.14999999999998,244.6509431646133
16327,0.1322538709880203,LOW,14,8809.01,108,526,39.92307692307692,39.0,629.215,1165.0256720721807
16329,0.7100248217677084,HIGH,4,1664.9199999999998,336,311,103.0,93.0,416.22999999999996,1182.134526257493
16330,0.4491962630858664,MEDIUM,6,422.43,21,550,109.8,14.0,70.405,189.75397741536256
16331,0.744904534484647,HIGH,6,2037.7000000000005,341,210,41.6,9.0,339.61666666666673,1517.8919699193655
16332,0.3790649545780426,LOW,7,1068.98,39,458,75.83333333333333,77.0,152.71142857142857,405.212855144836
16333,0.0627353043980814,LOW,18,15619.6,7,210,12.058823529411764,6.0,867.7555555555556,979.9003605762724
16335,0.7338299647653557,HIGH,7,2753.52,460,184,30.33333333333333,34.5,393.36,2020.615484580702
16336,0.5885196342176449,MEDIUM,4,3517.69,329,211,70.0,37.0,879.4225,2070.2296320910673
16340,0.7308102878675242,HIGH,3,1496.24,16,444,221.5,221.5,498.74666666666667,1093.4675851189045
16341,0.4543783909798359,MEDIUM,4,2676.57,110,408,135.66666666666666,166.0,669.1425,1216.1755699448995
16342,0.2532447251487725,LOW,3,283.71000000000004,16,71,35.5,35.5,94.57000000000001,71.84806097195826
16344,0.5048403483487174,MEDIUM,4,842.4200000000002,67,510,169.66666666666666,86.0,210.60500000000005,425.2876062559266
16347,0.3871151536808304,LOW,9,2595.51,297,249,30.625,18.0,288.39000000000004,1004.7612525301322
16348,0.3284548532275808,LOW,5,1067.06,37,302,75.25,55.5,213.41199999999998,350.48103568502233
16350,0.5745546189691746,MEDIUM,6,1514.12,242,94,18.2,14.0,252.35333333333332,869.9446396736066
16351,0.4482480057317921,MEDIUM,13,3330.03,241,402,33.0,26.0,256.15615384615387,1492.6793065270397
16353,0.059647113848081,LOW,29,6587.56,0,640,22.535714285714285,12.0,227.15724137931036,392.9289413010645
16354,0.6256178018107692,MEDIUM,3,723.6600000000001,288,211,105.5,105.5,241.22000000000003,452.7345784583813
16356,0.5854427014618755,MEDIUM,6,415.87,106,354,70.2,49.0,69.31166666666667,243.46805625695018
16357,0.5184090077320713,MEDIUM,3,467.44,71,218,109.0,109.0,155.81333333333333,242.32510657427943
16358,0.5547418170315876,MEDIUM,2,1354.3000000000002,93,210,210.0,210.0,677.1500000000001,751.2868428058792
16359,0.1657693776004283,LOW,14,2358.0600000000004,3,567,43.15384615384615,31.0,168.43285714285716,390.89413854446605
16362,0.4306629503599508,MEDIUM,4,572.8199999999999,0,346,115.33333333333331,0.0,143.20499999999998,246.69235122518697
16365,0.1186688044255411,LOW,13,2489.48,32,605,50.0,43.5,191.49846153846153,295.4236152412961
16366,0.7667026823250824,HIGH,3,1220.8299999999997,491,141,70.5,70.5,406.9433333333332,936.0136356629301
16367,0.7231993548362323,HIGH,2,716.9,271,20,20.0,20.0,358.45,518.4616174820949
16369,0.4255245933745691,MEDIUM,5,1465.6,105,414,103.0,69.5,293.12,623.6488440497684
16370,0.2732849631347619,LOW,3,944.49,26,107,53.5,53.5,314.83,258.1149148311513
16372,0.6090060949879076,MEDIUM,3,934.58,318,197,98.5,98.5,311.5266666666667,569.1649162537987
16373,0.7253993650230355,HIGH,2,309.49,291,29,29.0,29.0,154.745,224.50384948097926
16374,0.5718241781738133,MEDIUM,4,1410.87,171,326,108.33333333333331,135.0,352.7175,806.7695782600879
16375,0.8826449591852756,HIGH,2,104.0,379,0,0.0,0.0,52.0,91.79507575526867
16377,0.8065197995012472,HIGH,2,1308.48,176,350,350.0,350.0,654.24,1055.315027251392
16378,0.6215653945570495,MEDIUM,3,362.9500000000001,156,63,31.0,31.0,120.98333333333336,225.59715995448119
16381,0.6703098661989679,MEDIUM,2,247.85,304,22,22.0,22.0,123.925,166.13630033741418
16382,0.7129513295206911,HIGH,2,353.1,317,142,142.0,142.0,176.55,251.74311445375602
16383,0.4513301095747478,MEDIUM,6,2562.39,177,404,80.4,76.0,427.065,1156.483759473238
16384,0.6109581689405252,MEDIUM,3,1183.55,172,326,162.5,162.5,394.51666666666665,723.0995408495586
16385,0.5219896356995632,MEDIUM,4,600.3100000000001,67,473,157.33333333333334,208.0,150.07750000000001,313.35559820680487
16386,0.5805472039892932,MEDIUM,2,826.6900000000002,162,134,134.0,134.0,413.3450000000001,479.93256806590887
16387,0.6457275925039393,MEDIUM,5,882.46,231,315,78.75,55.0,176.49200000000002,569.8287712810263
16389,0.3869399732537019,LOW,2,670.17,114,77,77.0,77.0,335.085,259.3155618754334
16390,0.8899410747723049,HIGH,3,467.50000000000006,445,142,70.5,70.5,155.83333333333334,416.0474524560526
16391,0.6618645650545362,MEDIUM,4,1052.26,309,161,53.333333333333336,38.0,263.065,696.4536072242862
16392,0.5786031449908227,MEDIUM,3,756.7,178,292,146.0,146.0,252.23333333333335,437.8289998145555
16393,0.0533244052984567,LOW,19,4018.78,3,644,35.333333333333336,29.0,211.51473684210526,214.29905352533183
16394,0.3972966807996833,LOW,3,933.1,80,118,58.5,58.5,311.03333333333336,370.71753285418447
16395,0.1809603635306618,LOW,12,3000.6500000000005,77,565,50.90909090909091,24.0,250.0541666666667,542.9987148282804
16398,0.3916127151238113,LOW,2,1705.8,63,99,99.0,99.0,852.9,668.0129694581973
16399,0.6602051176742757,MEDIUM,2,400.61,144,153,153.0,153.0,200.305,264.4847721914916
16400,0.1502995691611613,LOW,9,3059.8500000000004,3,636,79.125,52.0,339.98333333333335,459.89413669777946
16401,0.0994887164275075,LOW,18,5206.25,40,423,24.58823529411765,25.0,289.2361111111111,517.963129900711
16402,0.6777517674817435,MEDIUM,2,293.45,173,104,104.0,104.0,146.725,198.88625616751762
16405,0.7861452109204639,HIGH,2,167.25,211,7,7.0,7.0,83.625,131.48278652644757
16406,0.5429047331759794,MEDIUM,2,374.01,359,203,203.0,203.0,187.005,203.05179925514807
16407,0.1149440866185767,LOW,12,2164.34,19,322,28.90909090909091,28.0,180.36166666666668,248.77808443205032
16409,0.1464069514017518,LOW,10,4663.130000000001,59,575,63.44444444444444,64.0,466.3130000000001,682.7146472900511
16411,0.6290123260175051,MEDIUM,3,673.24,278,58,29.0,29.0,224.41333333333333,423.4762583680251
16412,0.6632787718342603,MEDIUM,4,457.19999999999993,302,279,93.0,63.0,114.29999999999998,303.2510544826238
16414,0.5068118764516186,MEDIUM,4,475.76,189,414,138.0,151.0,118.94,241.12081834062207
16415,0.870432114545192,HIGH,2,496.49,492,92,92.0,92.0,248.245,432.1608405505424
16416,0.5383052261350554,MEDIUM,6,1906.48,299,264,52.4,23.0,317.74666666666667,1026.2681475219604
16418,0.4180256362856412,MEDIUM,4,765.98,1,329,109.66666666666669,133.0,191.495,320.1992768820755
16419,0.3278114969650948,LOW,8,1463.6999999999998,21,555,79.0,39.0,182.96249999999998,479.8176881078092
16421,0.6874677410221034,MEDIUM,3,526.27,285,93,46.0,46.0,175.42333333333332,361.79364806770235
16422,0.0933431609458661,LOW,97,56354.17,8,597,5.78125,5.0,580.9708247422681,5260.276360280699
16424,0.5874039250998201,MEDIUM,2,443.06,100,191,191.0,191.0,221.53,260.2551830547263
16426,0.3441751036906985,LOW,4,689.83,1,183,61.0,0.0,172.4575,237.42231177895454
16427,0.622458867100267,MEDIUM,2,241.06,172,21,21.0,21.0,120.53,150.04993450319037
16428,0.7190221387481007,HIGH,3,638.4900000000001,322,84,42.0,42.0,212.83000000000004,459.0884453692749
16430,0.6357794133801177,MEDIUM,6,817.0899999999999,290,300,59.4,14.0,136.18166666666664,519.4890008787603
16431,0.5040699371150521,MEDIUM,3,623.2799999999999,122,84,42.0,42.0,207.75999999999996,314.1767104050696
16434,0.2886795438539327,LOW,9,2060.7300000000005,5,594,73.625,63.0,228.97000000000006,594.8905964061148
16435,0.7976850768661341,HIGH,3,1003.0700000000002,421,2,0.5,0.5,334.35666666666674,800.1339700521132
16436,0.8956176259181152,HIGH,3,319.14,577,64,32.0,32.0,106.38,285.82740913550725
16437,0.7243329744284385,HIGH,2,301.24999999999994,290,48,48.0,48.0,150.62499999999997,218.20530854656704
16440,0.5696685807223597,MEDIUM,2,488.76,123,279,279.0,279.0,244.38,278.43121551386054
16441,0.5669933793375631,MEDIUM,4,848.9299999999998,200,335,111.66666666666669,126.0,212.23249999999996,481.33768952103736
16442,0.5467821918890167,MEDIUM,4,715.11,136,499,166.0,133.0,178.7775,391.0094132417547
16444,0.0762936798467625,LOW,16,3512.61,4,530,34.86666666666667,22.0,219.538125,267.98994276653644
16445,0.6304448677601971,MEDIUM,3,352.65,295,24,12.0,12.0,117.55,222.32638261563352
16447,0.6377567816194377,MEDIUM,3,727.1000000000001,44,524,261.5,261.5,242.3666666666667,463.71295591549324
16448,0.6516555929097282,MEDIUM,2,361.12,107,272,272.0,272.0,180.56,235.32586771156105
16449,0.411858063304628,MEDIUM,2,707.69,106,82,82.0,82.0,353.845,291.4678328200522
16450,0.6003319592221681,MEDIUM,3,1505.7299999999998,58,506,252.5,252.5,501.9099999999999,903.9378409595951
16451,0.7277564027233452,HIGH,2,746.1800000000001,470,174,174.0,174.0,373.09000000000003,543.0372725841057
16452,0.9055921105739804,HIGH,2,332.17,539,63,63.0,63.0,166.085,300.81053136935907
16453,0.8428532049960438,HIGH,2,251.71,439,17,17.0,17.0,125.855,212.15458022955417
16454,0.1667201984628259,LOW,2,24.05,515,4,4.0,4.0,12.025,4.009620773030963
16455,0.169702601060032,LOW,10,3477.77,3,525,58.0,28.0,347.777,590.1866148885474
16456,0.1486892024357627,LOW,13,6000.94,8,521,43.0,35.0,461.6107692307692,892.2749824648657
16458,0.0759767997902457,LOW,23,4359.65,15,456,20.13636363636364,17.5,189.54999999999998,331.2322552055446
16461,0.689671386003009,MEDIUM,3,1545.83,86,468,234.0,234.0,515.2766666666666,1066.1147186250314
16462,0.1479063689622287,LOW,2,68.0,94,98,98.0,98.0,34.0,10.057633089431551
16465,0.765334566424376,HIGH,2,746.24,329,23,23.0,23.0,373.12,571.1232668485263
16466,0.1486892024357627,LOW,13,3170.76,12,538,44.41666666666666,37.5,243.9046153846154,471.45777551521894
16467,0.77424187404665,HIGH,7,2869.16,417,228,37.66666666666666,30.5,409.88,2221.4238153396864
16468,0.6950882250375128,MEDIUM,2,712.62,379,11,11.0,11.0,356.31,495.3337709262324
16469,0.5869061027465559,MEDIUM,3,446.78,155,267,133.5,133.5,148.92666666666665,262.2179085851062
16470,0.149733950591585,LOW,10,2203.21,24,612,67.66666666666667,55.0,220.321,329.89533728288603
16471,0.5624880012547028,MEDIUM,4,1189.9800000000002,183,377,125.66666666666669,118.0,297.49500000000006,669.3494717330714
16472,0.7890782098507363,HIGH,2,789.5999999999998,343,163,163.0,163.0,394.7999999999999,623.0561544981413
16473,0.4652204062351014,MEDIUM,4,470.83,73,209,69.33333333333333,49.0,117.7075,219.0397238676728
16475,0.4077176913995226,MEDIUM,3,459.3,52,130,64.5,64.5,153.1,187.26473565980072
16477,0.1249396883228254,LOW,10,3599.17,40,353,38.77777777777778,32.0,359.91700000000003,449.6791780208635
16484,0.5287975147784276,MEDIUM,2,404.30000000000007,82,17,17.0,17.0,202.15000000000003,213.79283522491832
16485,0.6869074436977212,MEDIUM,4,1923.54,341,301,100.0,77.0,480.885,1321.2939442503146
16487,0.8653572589486933,HIGH,2,209.4,486,81,81.0,81.0,104.7,181.20581002385637
16488,0.2848971131454363,LOW,2,354.56999999999994,23,33,33.0,33.0,177.28499999999997,101.01596940797734
16489,0.7243329744284385,HIGH,2,303.70000000000005,289,55,55.0,55.0,151.85000000000002,219.97992433391678
16493,0.4323818769963455,MEDIUM,6,1562.75,82,450,89.4,101.0,260.4583333333333,675.704778276039
16495,0.7316121938796422,HIGH,2,246.51,185,0,0.0,0.0,123.255,180.34972191327057
16496,0.2640861171191817,LOW,5,1916.29,116,301,75.0,93.0,383.258,506.06558537431664
16497,0.1146434436096808,LOW,22,5280.290000000001,112,532,25.09523809523809,15.0,240.01318181818186,605.3506288577615
16498,0.8595942202353556,HIGH,2,100.97,70,0,0.0,0.0,50.485,86.79322841716385
16499,0.3865604987493001,LOW,8,2578.34,269,186,26.142857142857142,17.0,322.2925,996.6843963452704
16500,0.6522050925074756,MEDIUM,4,608.05,239,212,70.33333333333333,44.0,152.0125,396.5733064991705
16502,0.7989628122588166,HIGH,2,258.54999999999995,529,0,0.0,0.0,129.27499999999998,206.571835109517
16503,0.2201798005956402,LOW,11,3614.34,15,429,42.5,35.0,328.5763636363636,795.8046604848463
16510,0.5336910642379753,MEDIUM,6,1777.5,281,319,63.2,59.0,296.25,948.635866683001
16511,0.4651057212645844,MEDIUM,5,1407.86,53,503,125.5,125.5,281.572,654.8037407395577
16515,0.1704630856281824,LOW,9,2802.28,0,448,55.625,61.0,311.3644444444445,477.68529559414304
16518,0.5797044515054198,MEDIUM,3,665.7499999999999,193,272,135.5,135.5,221.91666666666663,385.9382385897332
16519,0.6984707560883262,MEDIUM,3,327.67999999999995,274,283,141.0,141.0,109.22666666666665,228.87489735502268
16520,0.427108195665947,MEDIUM,6,2148.38,95,460,91.6,59.0,358.06333333333333,917.5907054048072
16521,0.6815460643385635,MEDIUM,3,1140.11,324,232,116.0,116.0,380.03666666666663,777.0374834130395
16522,0.838444643260679,HIGH,2,433.36,344,14,14.0,14.0,216.68,363.34837060344785
16523,0.0696520313168167,LOW,20,7743.81,4,588,30.526315789473685,22.0,387.19050000000004,539.3720966314784
16524,0.5596896012206704,MEDIUM,2,306.19000000000005,355,245,245.0,245.0,153.09500000000003,171.37135899775708
16525,0.0518551735481392,LOW,43,21496.2,8,638,14.69047619047619,13.5,499.9116279069768,1114.68918162551
16526,0.7970549922858663,HIGH,2,717.21,80,412,412.0,412.0,358.605,571.6558110173462
16529,0.4392263254769683,MEDIUM,4,1986.8,99,340,113.0,29.0,496.7,872.6548634576407
16531,0.2813160730156608,LOW,8,1738.2700000000002,36,314,44.42857142857143,24.0,217.28375000000003,489.00329024093276
16532,0.3868974860171605,LOW,4,6524.639999999999,44,485,161.33333333333334,189.0,1631.1599999999999,2524.366813167006
16535,0.7196952527444687,HIGH,2,378.29,294,294,294.0,294.0,189.145,272.2535171607051
16538,0.8676423483817038,HIGH,3,395.07,450,54,27.0,27.0,131.69,342.77946257515976
16539,0.3018133225264413,LOW,9,2954.46,128,312,38.625,27.0,328.2733333333333,891.6953888714697
16544,0.926768389906699,HIGH,4,376.7000000000001,428,142,47.333333333333336,0.0,94.17500000000003,349.1136524778536
16545,0.5767154612023583,MEDIUM,2,689.82,73,210,210.0,210.0,344.91,397.82985944661084
16546,0.5695030538647583,MEDIUM,5,5307.07,199,151,37.25,34.0,1061.414,3022.3925720740426
16549,0.1118080971703253,LOW,26,9527.260000000002,33,496,19.4,8.0,366.433076923077,1065.2248118469538
16550,0.0797606863165145,LOW,18,8813.58,17,628,36.588235294117645,32.0,489.6433333333333,702.9771897055059
16551,0.3378711763938224,LOW,7,2237.12,4,630,104.5,71.0,319.5885714285714,755.858366134148
16552,0.6629389461974661,MEDIUM,2,379.73,151,130,130.0,130.0,189.865,251.7378060395638
16553,0.5511004141876978,MEDIUM,33,16584.01,72,502,15.4375,0.0,502.54575757575753,9139.454779892922
16554,0.1970014163993421,LOW,7,2318.73,131,502,83.33333333333333,92.0,331.2471428571429,456.79309424764654
16555,0.4009628030815527,MEDIUM,5,1781.77,18,395,98.75,0.0,356.354,714.4234936466181
16556,0.1072349678489731,LOW,16,7255.160000000001,14,627,41.266666666666666,43.0,453.44750000000005,778.0068493391558
16558,0.0518551735481392,LOW,32,9650.79,1,643,20.32258064516129,17.0,301.5871875,500.44339032664635
16560,0.3716646035676426,LOW,7,2539.15,267,373,61.833333333333336,42.0,362.7357142857143,943.7121781487797
16563,0.3757444949234936,LOW,5,3334.82,309,337,84.0,76.0,666.964,1253.0402565607649
16565,0.6110824914514844,MEDIUM,4,773.0500000000001,273,191,63.0,68.0,193.26250000000002,472.39732001657006
16566,0.4432333928826532,MEDIUM,3,463.88,79,122,60.5,60.5,154.62666666666667,205.60710629040514
16567,0.5480415083471486,MEDIUM,2,865.6,103,142,142.0,142.0,432.8,474.3847296252918
16568,0.7697262418884188,HIGH,2,1020.9,336,213,213.0,213.0,510.45,785.8135203438867
16569,0.8691224961653005,HIGH,4,1331.03,540,92,30.0,25.0,332.7575,1156.8281160708998
16570,0.099893057570218,LOW,16,5829.98,36,492,32.53333333333333,37.0,364.37375,582.3745277732195
16571,0.2142111647272023,LOW,9,3723.84,85,455,56.5,47.0,413.76,797.688103657745
16572,0.3503156693623402,LOW,3,1009.6,36,148,74.0,74.0,336.53333333333336,353.6786997882187
16574,0.7047654231502845,HIGH,2,850.3400000000001,332,234,234.0,234.0,425.1700000000001,599.290229921613
16576,0.7067040532082518,HIGH,2,540.87,329,101,101.0,101.0,270.435,382.23502125874717
16583,0.7466695429009287,HIGH,2,297.95,282,299,299.0,299.0,148.975,222.4701903073317
16584,0.4934209209186255,MEDIUM,4,2832.03,163,407,135.33333333333334,162.0,708.0075,1397.382850669175
16585,0.9034214784205556,HIGH,2,341.59000000000003,502,101,101.0,101.0,170.79500000000002,308.5997428136776
16586,0.6595697292296147,MEDIUM,3,1462.78,157,386,192.5,192.5,487.5933333333333,964.8054085224957
16588,0.6617039912997068,MEDIUM,4,1361.28,295,188,62.333333333333336,69.0,340.32,900.7644092764649
16589,0.565387053958726,MEDIUM,3,367.8,15,343,171.0,171.0,122.60000000000001,207.94935844601943
16590,0.7651126838125537,HIGH,2,605.9000000000001,309,13,13.0,13.0,302.95000000000005,463.5817751220264
16592,0.0879616798142962,LOW,22,5908.56,45,584,27.52380952380953,21.0,268.5709090909091,519.7268628835579
16593,0.4004132128295644,MEDIUM,7,996.61,98,545,90.33333333333331,48.0,142.37285714285716,399.0558120380722
16595,0.6111288172613757,MEDIUM,4,1397.59,285,315,104.66666666666669,85.0,349.3975,854.107523716326
16596,0.6951188450136494,MEDIUM,3,329.48,275,363,181.0,181.0,109.82666666666667,229.02775705509723
16600,0.4785145885095833,MEDIUM,9,1577.35,162,468,58.0,29.5,175.2611111111111,754.7849861855912
16601,0.6772744349667172,MEDIUM,2,434.3,299,232,232.0,232.0,217.15,294.1402871060453
16604,0.7449626006700508,HIGH,2,432.45,471,5,5.0,5.0,216.225,322.15907665976346
16606,0.7253993650230355,HIGH,2,357.66,313,30,30.0,30.0,178.83,259.4463368941389
16607,0.0994887164275075,LOW,21,4626.74,37,461,22.7,19.5,220.32095238095238,460.30842384380605
16608,0.4134042186199085,MEDIUM,2,1286.62,362,209,209.0,209.0,643.31,531.8941357607466
16609,0.1527080709508792,LOW,5,2710.04,44,117,29.0,27.5,542.008,413.8449805997207
16611,0.3400328540021892,LOW,6,1785.13,95,452,90.2,76.0,297.5216666666667,607.002848664928
16612,0.1869520397098001,LOW,8,2928.07,28,616,87.71428571428571,67.0,366.00875,547.4086589130744
16614,0.6120178514323679,MEDIUM,3,1179.79,91,395,197.5,197.5,393.2633333333333,722.0525409413933
16618,0.2859800316549442,LOW,4,1441.2900000000002,119,111,37.0,48.0,360.32250000000005,412.18015982395457
16619,0.4884318417294865,MEDIUM,4,1938.33,172,391,130.33333333333334,119.0,484.5825,946.7420917795156
16620,0.4817453969964658,MEDIUM,5,1675.73,169,477,119.0,111.5,335.146,807.2752141088877
16621,0.4013182482123241,MEDIUM,3,609.4100000000001,56,130,64.5,64.5,203.13666666666668,244.56735364307247
16623,0.5697775705269327,MEDIUM,4,1015.24,154,346,114.66666666666669,134.0,253.81,578.4609807017631
16625,0.470589576840239,MEDIUM,5,1654.03,183,269,66.75,46.0,330.806,778.3692777810605
16626,0.1538667476076537,LOW,7,2165.34,22,153,25.166666666666668,15.0,309.3342857142857,333.1738232647569
16628,0.4304834036651222,MEDIUM,6,1749.8900000000003,15,534,106.6,82.0,291.64833333333337,753.2986032395609
16631,0.7841642993542897,HIGH,7,1892.52,390,170,28.0,26.5,270.36,1484.0466198139802
16632,0.8933911433130577,HIGH,2,406.4,394,95,95.0,95.0,203.2,363.07416064242665
16633,0.2779639415636579,LOW,3,1168.2600000000002,23,119,59.5,59.5,389.4200000000001,324.73415437115904
16634,0.5011474341117279,MEDIUM,6,1649.81,131,465,92.6,67.0,274.9683333333333,826.7980482718698
16636,0.4359746662185032,MEDIUM,4,3802.04,347,207,68.66666666666667,47.0,950.51,1657.593119949398
16637,0.4206930505605185,MEDIUM,2,530.55,32,102,102.0,102.0,265.275,223.19869797488306
16638,0.0969450502854025,LOW,14,2250.35,8,379,28.692307692307693,20.0,160.7392857142857,218.1602939097555
16639,0.4402920658884483,MEDIUM,3,961.62,115,202,101.0,101.0,320.54,423.3936563996497
16641,0.8625392684343083,HIGH,2,554.5000000000001,14,596,596.0,596.0,277.25000000000006,478.27802434682405
16642,0.5511703802986839,MEDIUM,2,696.85,116,207,207.0,207.0,348.425,384.0830795111379
16643,0.6460289461818849,MEDIUM,2,923.11,154,176,176.0,176.0,461.555,596.3557805099598
16644,0.3943613154918429,LOW,2,833.78,86,34,34.0,34.0,416.89,328.81057763078877
16647,0.4829717410036925,MEDIUM,4,541.9,78,374,124.33333333333331,101.0,135.475,261.72238644990097
16648,0.5415020023322983,MEDIUM,2,382.14,364,134,134.0,134.0,191.07,206.92957517126445
16650,0.6276675464283545,MEDIUM,6,1397.69,329,99,19.2,16.0,232.94833333333335,877.2846529674468
16652,0.136677784973334,LOW,14,15302.29,18,523,39.76923076923077,33.0,1093.0207142857143,2091.483102219599
16654,0.3218072115745993,LOW,8,1484.07,50,471,66.85714285714286,54.0,185.50875,477.58442848151554
16655,0.1615206349672805,LOW,10,4500.93,40,545,60.22222222222222,54.0,450.093,726.9930715432819
16656,0.0536473099771832,LOW,26,15324.05,4,639,25.04,24.0,589.3865384615384,822.0940604558542
16657,0.5822399129757309,MEDIUM,2,414.79,57,105,105.0,105.0,207.395,241.5072935032034
16658,0.6177319424549461,MEDIUM,6,690.8299999999999,277,250,49.8,56.0,115.13833333333332,426.7477578061504
16660,0.4140277577507412,MEDIUM,5,996.26,119,483,120.5,105.5,199.252,412.47929393675344
16661,0.8347084892218416,HIGH,4,932.76,449,181,60.333333333333336,38.0,233.19,778.582690406565
16668,0.4521563822971042,MEDIUM,12,822.22,25,514,46.36363636363637,44.0,68.51833333333333,371.772020652325
16670,0.0836135612003655,LOW,17,7174.22,15,623,38.5,36.5,422.0129411764706,599.8620830348863
16672,0.0710006685354396,LOW,17,6911.84,8,167,10.0,9.0,406.57882352941175,490.7452608099928
16675,0.7228133291684071,HIGH,2,608.86,350,36,36.0,36.0,304.43,440.09212359747636
16676,0.337416353008112,LOW,5,1868.28,122,205,50.75,41.5,373.656,630.3882239979955
16677,0.6739394367857092,MEDIUM,2,880.6200000000001,320,240,240.0,240.0,440.31000000000006,593.4845468222313
16678,0.109805882711732,LOW,8,2137.3,7,184,25.857142857142858,21.0,267.1625,234.68811311978482
16679,0.5452951911496444,MEDIUM,3,663.31,275,180,90.0,90.0,221.10333333333332,361.6997532414706
16680,0.4026713212022619,MEDIUM,2,637.75,437,6,6.0,6.0,318.875,256.80363509674254
16681,0.4362518633231949,MEDIUM,5,1484.1799999999998,53,496,123.5,42.5,296.83599999999996,647.4762905070193
16682,0.341304023731862,LOW,3,810.2199999999999,1,95,47.0,47.0,270.0733333333333,276.5313461080292
16684,0.1026302997485469,LOW,45,114372.71,42,599,13.363636363636363,4.5,2541.615777777778,11738.105510353627
16686,0.106625858858162,LOW,15,4321.13,7,635,44.85714285714285,46.5,288.07533333333333,460.7441974877696
16690,0.4726177981862192,MEDIUM,3,213.95,110,249,124.5,124.5,71.31666666666666,101.11657792194158
16691,0.8225055675927401,HIGH,2,178.82999999999998,327,143,143.0,143.0,89.41499999999999,147.0886706526097
16692,0.3310004292486616,LOW,4,1914.7,165,185,61.0,32.0,478.675,633.7665218824123
16693,0.556163735620822,MEDIUM,4,855.03,180,384,127.66666666666669,139.0,213.7575,475.53667886787144
16695,0.8590127980934154,HIGH,2,191.9,470,0,0.0,0.0,95.95,164.8445559541264
16696,0.3699363702544139,LOW,4,657.9000000000001,44,112,37.0,34.0,164.47500000000002,243.38113799037893
16698,0.4670405594726783,MEDIUM,2,1998.0,135,26,26.0,26.0,999.0,933.1470378264113
16699,0.6115002641581136,MEDIUM,7,994.6,289,355,58.833333333333336,61.5,142.0857142857143,608.1981627316599
16700,0.0658107094152326,LOW,22,7850.170000000001,30,615,28.95238095238096,29.0,356.82590909090914,516.6252567301765
16701,0.074600786166296,LOW,23,8568.85,38,608,27.227272727272727,21.0,372.5586956521739,639.2429465410654
16702,0.6815460643385635,MEDIUM,4,1110.83,324,316,105.0,88.0,277.7075,757.0818146492064
16704,0.8813604714776255,HIGH,2,664.1600000000001,527,53,53.0,53.0,332.08000000000004,585.3643707365799
16705,0.059647113848081,LOW,32,39260.411,7,631,20.0,11.0,1226.88784375,2341.7702046394515
16706,0.2903281513710873,LOW,2,411.55,7,15,15.0,15.0,205.775,119.48455069677098
16707,0.624656735575989,MEDIUM,4,533.4099999999999,309,239,79.33333333333333,57.0,133.35249999999996,333.1981493235882
16709,0.1322538709880203,LOW,13,8010.73,108,530,43.75,40.5,616.2099999999999,1059.450051939864
16710,0.090061508292587,LOW,19,5288.44,47,597,32.72222222222222,23.0,278.33894736842103,476.2848829148487
16711,0.3393971650653485,LOW,7,2127.32,49,597,99.0,77.0,303.90285714285716,722.0063771868172
16712,0.0743449031424034,LOW,10,3111.37,4,306,33.55555555555556,21.0,311.137,231.31450129017966
16713,0.0609501863842322,LOW,28,11175.55,24,608,22.03703703703704,15.0,399.1267857142857,681.1518554463061
16714,0.6320543787232996,MEDIUM,4,1497.3300000000002,127,451,150.33333333333334,98.0,374.33250000000004,946.3939828937583
16716,0.5914073693580463,MEDIUM,3,2149.6800000000003,175,363,181.5,181.5,716.5600000000001,1271.3365937616052
16717,0.1728581849023633,LOW,12,4380.26,4,636,57.45454545454545,39.0,365.0216666666667,757.1637930004259
16718,0.5271705219173215,MEDIUM,5,3006.08,278,363,90.25,51.5,601.216,1584.7167625252218
16719,0.1812890342779375,LOW,12,3027.28,57,577,51.81818181818182,46.0,252.27333333333334,548.8126676889146
16720,0.6937679611043649,MEDIUM,2,605.79,285,345,345.0,345.0,302.895,420.2776931574132
16722,0.0536473099771832,LOW,19,7115.33,8,636,35.0,31.0,374.49105263157895,381.71831409995093
16723,0.8839782948127444,HIGH,4,1231.36,0,643,214.3333333333333,291.0,307.84,1088.4955131006209
16725,0.515629814074502,MEDIUM,14,1688.2599999999998,211,424,32.23076923076923,12.0,120.58999999999999,870.5171899094187
16726,0.3133044478679501,LOW,6,1482.3000000000002,105,214,42.2,27.0,247.05000000000004,464.41118307466246
16727,0.6437285680685285,MEDIUM,4,1377.77,273,324,107.66666666666669,67.0,344.4425,886.9099092277766
16728,0.4507795541665135,MEDIUM,3,548.3099999999998,75,97,48.5,48.5,182.76999999999995,247.16693734504094
16729,0.1023265129786574,LOW,17,5343.27,8,142,8.4375,7.5,314.31,546.7581870034708
16730,0.4460066180092189,MEDIUM,2,480.9400000000001,143,84,84.0,84.0,240.47000000000006,214.5024228653538
16732,0.5632976486129757,MEDIUM,3,3783.89,312,328,163.5,163.5,1261.2966666666666,2131.4563396101526
16734,0.4585915777776483,MEDIUM,2,302.41,23,0,0.0,0.0,151.205,138.68267903573863
16735,0.106625858858162,LOW,13,5911.150000000001,7,633,52.333333333333336,44.5,454.7038461538462,630.2814455894244
16736,0.7604704909394022,HIGH,5,2956.5600000000004,414,230,57.0,48.5,591.3120000000001,2248.376634691799
16739,0.8156318281897936,HIGH,2,786.4299999999998,85,359,359.0,359.0,393.2149999999999,641.4373386432993
16742,0.5514284706593644,MEDIUM,13,2334.97,401,230,18.75,14.5,179.6130769230769,1287.568936135496
16743,0.1509742519641072,LOW,13,3859.92,22,483,39.75,34.5,296.91692307692307,582.7485346412966
16744,0.3327647066075909,LOW,3,399.11,5,76,37.5,37.5,133.03666666666666,132.8097220541556
16745,0.0654387390854879,LOW,16,6359.099999999999,7,213,13.8,13.0,397.44374999999997,416.1314857185261
16746,0.0518551735481392,LOW,36,15770.170000000002,9,634,17.65714285714286,16.0,438.06027777777786,817.7649022336584
16748,0.2881621263042507,LOW,12,3031.63,126,511,46.09090909090909,53.0,252.63583333333335,873.6009469677556
16749,0.907076421083776,HIGH,2,4157.879999999999,500,132,132.0,132.0,2078.9399999999996,3771.51490969581
16750,0.4069182263689049,MEDIUM,3,416.12,30,110,55.0,55.0,138.70666666666668,169.32681235662872
16754,0.8244458065290952,HIGH,29,65500.07,281,269,9.285714285714286,5.5,2258.6231034482757,54001.25803886219
16755,0.4288713823024415,MEDIUM,7,2864.6800000000003,23,615,102.0,100.0,409.24000000000007,1228.5792714541583
16756,0.5330240709203293,MEDIUM,7,1312.37,123,425,70.16666666666667,51.0,187.48142857142855,699.5247999537125
16757,0.7407058275688662,HIGH,2,270.48,227,90,90.0,90.0,135.24,200.34611224082693
16763,0.8747960048196479,HIGH,2,964.7000000000002,107,539,539.0,539.0,482.3500000000001,843.9157058495144
16764,0.2396127572154561,LOW,4,782.55,8,43,14.333333333333334,11.0,195.6375,187.50896315895517
16765,0.6410661789332088,MEDIUM,2,454.75,203,88,88.0,88.0,227.375,291.5248448698767
16766,0.749199873711053,HIGH,2,1145.5999999999997,182,0,0.0,0.0,572.7999999999998,858.2833753233821
16767,0.198126317861437,LOW,11,7301.66,2,496,49.2,44.0,663.7872727272727,1446.65101007614
16768,0.1938926761856,LOW,8,1506.97,12,628,89.28571428571429,77.0,188.37125,292.1904462314136
16769,0.6664246686900775,MEDIUM,4,1117.05,169,465,154.66666666666666,217.0,279.2625,744.4296761602511
16770,0.3244569358929005,LOW,8,1671.21,145,237,33.142857142857146,27.0,208.90125,542.2356758335742
16771,0.4202752346430142,MEDIUM,8,3358.74,184,455,64.85714285714286,57.0,419.8425,1411.5952416048774
16772,0.6667801688872399,MEDIUM,3,3698.05,332,298,149.0,149.0,1232.6833333333334,2465.7864035534576
16773,0.6547356848363843,MEDIUM,2,249.64999999999995,345,297,297.0,297.0,124.82499999999997,163.4547637194033
16774,0.3269759093456523,LOW,7,1448.16,25,544,90.33333333333331,74.5,206.88000000000002,473.51343287799983
16775,0.0848022506019759,LOW,13,2303.88,31,319,26.166666666666668,18.5,177.22153846153847,195.37420911688022
16777,0.5333928670358561,MEDIUM,4,1243.08,166,375,124.33333333333331,116.0,310.77,663.0500051549319
16779,0.059647113848081,LOW,46,28574.04,15,629,13.533333333333331,12.0,621.1747826086956,1704.3590169796205
16780,0.538424782274201,MEDIUM,3,596.4000000000001,9,306,152.5,152.5,198.80000000000004,321.1165401483335
16781,0.6786956770503259,MEDIUM,2,623.0,281,297,297.0,297.0,311.5,422.827406802353
16782,0.0985509570353472,LOW,34,8998.570000000002,47,592,17.393939393939394,13.0,264.6638235294118,886.8176854495645
16784,0.5935815226650575,MEDIUM,4,784.73,285,244,81.0,89.0,196.1825,465.80122828095057
16787,0.6196171873057054,MEDIUM,4,1017.53,306,300,100.0,77.0,254.3825,630.4790765991744
16788,0.560294714805887,MEDIUM,5,1928.93,32,547,136.25,138.0,385.786,1080.7692842305196
16791,0.1029848157262459,LOW,13,3043.7200000000003,31,613,50.5,52.0,234.1323076923077,313.4569433222892
16792,0.6099363155265172,MEDIUM,5,623.46,191,422,105.25,108.5,124.69200000000001,380.2708952781624
16794,0.2693138054152202,LOW,9,1463.25,17,515,64.0,40.5,162.58333333333334,394.073425773821
16795,0.5739276672941835,MEDIUM,3,2062.41,274,318,158.5,158.5,687.4699999999999,1183.674160304197
16797,0.5583410364474408,MEDIUM,5,1802.02,302,344,85.75,98.5,360.404,1006.1417144990173
16798,0.8846359170143013,HIGH,3,841.16,463,174,87.0,87.0,280.38666666666666,744.1203479557497
16799,0.8566836213074366,HIGH,2,452.78,341,21,21.0,21.0,226.39,387.8892100555811
16801,0.3048421655815967,LOW,4,1594.23,72,110,36.0,29.0,398.5575,485.98852563514896
16802,0.9053128560497126,HIGH,2,582.6099999999999,588,51,51.0,51.0,291.30499999999995,527.444323063123
16805,0.4964085127411871,MEDIUM,5,1091.34,82,557,138.75,166.5,218.26799999999997,541.750466294967
16806,0.3381958760538085,LOW,4,762.1600000000001,12,135,44.66666666666666,50.0,190.54000000000002,257.75936889317074
16807,0.3453308264962209,LOW,6,2123.88,51,480,95.6,73.0,353.98,733.4412357787936
16808,0.5604630285114693,MEDIUM,2,288.42,8,175,175.0,175.0,144.21,161.648746683278
16809,0.3418949227296547,LOW,7,1283.4299999999998,45,468,77.66666666666667,71.0,183.34714285714284,438.7982006789207
16810,0.5902048206325403,MEDIUM,2,842.04,101,228,228.0,228.0,421.02,496.97606716542424
16812,0.6652170561188668,MEDIUM,4,2392.0,269,21,7.0,3.0,598.0,1591.1991982363295
16813,0.1606993616110408,LOW,7,1146.84,5,107,17.5,17.0,163.8342857142857,184.296455870006
16814,0.064527399596111,LOW,31,10639.84,17,498,16.066666666666666,14.0,343.22064516129035,686.5612073186855
16815,0.5303490533800839,MEDIUM,2,406.02,362,82,82.0,82.0,203.01,215.33232265338165
16816,0.6687697342578632,MEDIUM,4,417.06000000000006,12,254,84.33333333333333,46.0,104.26500000000001,278.9171053695845
16817,0.2126150962105168,LOW,11,2135.38,94,246,24.1,15.0,194.12545454545455,454.0140241460134
16818,0.101918542652965,LOW,9,2528.47,2,112,13.625,10.5,280.94111111111107,257.6979775417424
16819,0.901031250018681,HIGH,2,182.59,374,0,0.0,0.0,91.295,164.51929594091098
16823,0.5364528686714519,MEDIUM,7,2243.09,136,510,84.5,70.0,320.4414285714286,1203.312065188247
16824,0.5874039250998201,MEDIUM,2,448.5,73,229,229.0,229.0,224.25,263.4506604072693
16825,0.4681135571581151,MEDIUM,4,1370.41,94,348,115.66666666666669,119.0,342.6025,641.5074998650525
16827,0.7603318005252199,HIGH,5,392.13000000000005,302,195,48.25,31.5,78.42600000000002,298.1489089399545
16828,0.5842024917783725,MEDIUM,2,128.5,2,19,19.0,19.0,64.25,75.07002019352086
16829,0.5838827585603573,MEDIUM,2,513.3199999999999,65,231,231.0,231.0,256.65999999999997,299.7186976242026
16830,0.4791258044492338,MEDIUM,3,881.59,351,284,141.5,141.5,293.86333333333334,422.3925179444
16832,0.6078578412201846,MEDIUM,5,417.61,93,274,68.25,24.0,83.522,253.8475130719613
16833,0.3679438898301026,LOW,5,1973.8000000000004,168,363,90.5,89.5,394.7600000000001,726.2476497466567
16834,0.8803873675052724,HIGH,2,898.96,136,446,446.0,446.0,449.48,791.4330278925397
16835,0.4253229933214855,MEDIUM,6,1456.66,37,441,87.8,41.0,242.77666666666667,619.550991451675
16836,0.6160499933383152,MEDIUM,3,621.8199999999999,25,457,228.0,228.0,207.2733333333333,383.07220685763116
16837,0.2761011658023887,LOW,9,1911.74,66,88,10.625,6.5,212.41555555555556,527.8336427110586
16838,0.6407783755037622,MEDIUM,4,1159.61,106,465,154.66666666666666,132.0,289.9025,743.0530120179176
16839,0.080802208135736,LOW,32,16033.18,18,556,17.419354838709676,10.0,501.036875,1295.5163474377198
16840,0.9078622343882002,HIGH,2,139.85000000000002,512,71,71.0,71.0,69.92500000000001,126.96453347918983
16841,0.1681169514243233,LOW,11,3697.3,46,559,55.4,51.5,336.1181818181818,621.5788045011507
16842,0.4753483656953625,MEDIUM,3,1264.19,9,201,100.5,100.5,421.3966666666667,600.9306504284203
16843,0.0518551735481392,LOW,32,18184.1,2,635,20.096774193548388,16.0,568.253125,942.9396613167179
16844,0.8895859355244653,HIGH,2,614.3399999999999,471,20,20.0,20.0,307.16999999999996,546.5082236300999
16846,0.8844032975698259,HIGH,2,628.09,486,62,62.0,62.0,314.045,555.484867170632
16848,0.6290123260175051,MEDIUM,3,1130.1999999999998,285,56,28.0,28.0,376.7333333333333,710.9097308649842
16854,0.6369509466681817,MEDIUM,2,1408.9600000000005,326,223,223.0,223.0,704.4800000000002,897.4384058176016
16856,0.6413417205266678,MEDIUM,2,323.09,326,24,24.0,24.0,161.545,207.2110964849611
16858,0.4931675541717125,MEDIUM,10,4292.589999999999,277,355,39.0,37.0,429.2589999999999,2116.966111361951
16859,0.2772976202966972,LOW,7,1932.41,53,500,83.0,100.5,276.05857142857144,535.8526944375407
16860,0.4968180050755817,MEDIUM,3,1610.62,361,209,104.5,104.5,536.8733333333333,800.1850153348333
16861,0.4596549780674653,MEDIUM,4,843.6299999999999,67,350,116.33333333333331,108.0,210.90749999999997,387.7787291470557
16862,0.8765695640058507,HIGH,4,662.3300000000002,456,154,50.66666666666666,48.0,165.58250000000004,580.5783193279952
16863,0.6607708319541509,MEDIUM,2,495.7199999999999,275,42,42.0,42.0,247.85999999999996,327.55731681631164
16864,0.8440432090160576,HIGH,2,409.25,343,164,164.0,164.0,204.625,345.42468328982153
16866,0.4383252140564331,MEDIUM,3,207.74,49,20,9.5,9.5,69.24666666666667,91.05767996808342
16868,0.6834560288797141,MEDIUM,3,384.56000000000006,303,199,99.0,99.0,128.1866666666667,262.82985046598293
16869,0.3739811020555401,LOW,2,387.68,74,9,9.0,9.0,193.84,144.98499364489177
16871,0.2461954233001682,LOW,4,2037.82,119,60,20.0,15.0,509.455,501.7019575095487
16872,0.3885681041871767,LOW,5,997.79,14,357,89.0,52.5,199.558,387.709368676923
16873,0.1463976848163651,LOW,10,11365.24,36,541,59.66666666666666,52.0,1136.524,1663.844823382345
16875,0.1499398155853384,LOW,10,3277.2000000000003,53,559,61.77777777777778,66.0,327.72,491.382763636271
16877,0.7236031712762954,HIGH,2,188.98,61,56,56.0,56.0,94.49,136.74652730779428
16880,0.2748877435537098,LOW,7,1414.9,8,393,65.16666666666667,23.0,202.12857142857143,388.93866835414406
16882,0.5516309618497189,MEDIUM,2,215.7,148,77,77.0,77.0,107.85,118.98679847098437
16883,0.2124682148594926,LOW,19,2246.0600000000004,96,548,30.0,6.0,118.21368421052634,477.216358667312
16884,0.8917971244746168,HIGH,2,641.1300000000001,465,14,14.0,14.0,320.56500000000005,571.7578904144111
16885,0.7176158226962678,HIGH,2,412.13999999999993,266,28,28.0,28.0,206.06999999999996,295.75818516603977
16887,0.5405998517724909,MEDIUM,2,465.84,309,337,337.0,337.0,232.92,251.83303494969715
16888,0.6717806748093276,MEDIUM,3,434.2,309,300,150.0,150.0,144.73333333333332,291.68716900221
16889,0.2323403769032626,LOW,6,2526.65,103,371,73.8,61.0,421.10833333333335,587.0428133026285
16890,0.896845350770906,HIGH,3,285.41,385,105,52.0,52.0,95.13666666666667,255.9686315635243
16891,0.1550096553948026,LOW,9,1501.3000000000002,4,639,79.5,52.5,166.81111111111113,232.71599564421717
16892,0.4674155730090463,MEDIUM,3,339.54,92,547,273.5,273.5,113.18,158.7062836594916
16893,0.5197631714003912,MEDIUM,2,249.89,275,9,9.0,9.0,124.945,129.88361890124375
16894,0.8050567349463508,HIGH,3,1306.96,411,33,16.5,16.5,435.65333333333336,1052.1769503054827
16895,0.4666031434518405,MEDIUM,4,900.6300000000001,347,227,75.0,81.0,225.15750000000003,420.2367890870312
16897,0.7290348153720115,HIGH,2,289.78,208,14,14.0,14.0,144.89,211.2597087985015
16898,0.4756272929050827,MEDIUM,4,697.95,86,399,132.66666666666666,161.0,174.4875,331.9640690831025
16899,0.3972569812063916,LOW,5,934.89,58,247,61.5,37.5,186.978,371.3915791600434
16903,0.6290123260175051,MEDIUM,2,678.5500000000001,289,35,35.0,35.0,339.27500000000003,426.81631381917816
16904,0.0741453952731775,LOW,19,3970.16,3,316,17.11111111111111,12.5,208.9557894736842,294.36908249775837
16905,0.2415924004366193,LOW,13,2491.3500000000004,145,492,40.5,26.5,191.64230769230772,601.8912268277716
16906,0.3211954808352645,LOW,6,1244.3200000000002,95,388,77.2,42.0,207.38666666666668,399.66996071293636
16907,0.3493811621296421,LOW,8,1201.12,57,378,53.42857142857143,55.0,150.14,419.64870145715565
16911,0.8452504575693847,HIGH,2,255.25,544,25,25.0,25.0,127.625,215.75017929458542
16912,0.1644633261397732,LOW,11,3443.51,43,596,59.4,52.5,313.04636363636365,566.3311081955706
16913,0.6453834839119932,MEDIUM,3,423.91,199,361,180.5,180.5,141.30333333333334,273.58451266513305
16915,0.3631338872604006,LOW,9,1303.89,36,441,54.875,46.0,144.87666666666667,473.4866442599637
16916,0.6166836802723238,MEDIUM,3,536.04,281,43,21.0,21.0,178.67999999999998,330.56711997317643
16917,0.7565189070372643,HIGH,2,1851.88,185,355,355.0,355.0,925.94,1400.982233564169
16918,0.1064149557252346,LOW,13,2960.42,4,641,53.083333333333336,41.0,227.7246153846154,315.03296322809905
16919,0.2542113962389854,LOW,24,4909.66,65,320,13.478260869565217,8.0,204.56916666666666,1248.091523658697
16921,0.5090069126802514,MEDIUM,2,255.03,351,157,157.0,157.0,127.515,129.81203294084452
16923,0.064527399596111,LOW,27,10851.990000000002,8,578,21.76923076923077,20.0,401.9255555555556,700.2506951430006
16926,0.6618645650545362,MEDIUM,5,1169.61,280,155,38.5,29.0,233.92199999999997,774.1234139334359
16927,0.4219132123196505,MEDIUM,3,543.0500000000001,24,245,122.5,122.5,181.01666666666668,229.11996995018623
16928,0.0707175342180649,LOW,27,3453.4800000000005,3,580,21.76923076923077,14.0,127.90666666666668,244.2215900714028
16929,0.4415048001922586,MEDIUM,2,428.8800000000001,36,27,27.0,27.0,214.44000000000005,189.35257870645592
16931,0.0594748820522023,LOW,16,3374.6800000000003,12,294,19.066666666666663,16.0,210.91750000000002,200.70869496392606
16932,0.7240513062605518,HIGH,2,262.32000000000005,332,147,147.0,147.0,131.16000000000003,189.93313865826798
16933,0.2957622807505474,LOW,8,2760.8,148,490,69.57142857142857,49.0,345.1,816.5405046961113
16934,0.6177319424549461,MEDIUM,4,1152.11,292,237,79.0,63.0,288.0275,711.6951482217679
16935,0.6166836802723238,MEDIUM,3,530.86,290,39,19.0,19.0,176.95333333333335,327.3726985093658
16938,0.1425642227926346,LOW,8,6669.73,88,480,68.0,72.0,833.71625,950.8648736867186
16939,0.8710735219125428,HIGH,3,433.85,397,160,79.5,79.5,144.61666666666667,377.91524748175675
16940,0.2667861116546408,LOW,7,5246.14,78,562,93.0,80.5,749.4485714285714,1399.5972917958773
16942,0.2125482851363889,LOW,7,1439.44,45,91,14.833333333333334,15.5,205.6342857142857,305.9505035567237
16943,0.5278953224496887,MEDIUM,5,1299.49,120,412,102.75,70.5,259.898,685.994692570146
16945,0.0518551735481392,LOW,27,7209.719999999999,7,631,24.0,24.5,267.02666666666664,373.8612818334901
16946,0.6177319424549461,MEDIUM,5,1222.04,292,264,65.5,63.5,244.408,754.8931429576423
16947,0.5798612627442942,MEDIUM,5,955.21,144,410,102.25,91.5,191.042,553.8892767859772
16948,0.4007458943356847,MEDIUM,7,868.7700000000001,47,517,85.83333333333333,90.0,124.11000000000001,348.15601062201284
16949,0.4159109422431344,MEDIUM,4,893.75,94,130,43.333333333333336,36.0,223.4375,371.72040462980135
16950,0.1822430007926955,LOW,9,3141.62,33,560,69.625,36.5,349.06888888888886,572.538256150348
16951,0.4768717384043974,MEDIUM,3,1277.7500000000002,43,169,84.5,84.5,425.91666666666674,609.3228637462189
16952,0.3370352999577051,LOW,5,795.83,18,618,154.5,143.5,159.166,268.2228027653405
16954,0.1509742519641072,LOW,15,5242.179999999999,33,565,39.85714285714285,28.5,349.47866666666664,791.4342041612033
16955,0.4877529054921844,MEDIUM,6,1120.3100000000002,93,492,98.2,123.0,186.71833333333336,546.4344575519492
16957,0.6896595600337494,MEDIUM,2,416.64,148,42,42.0,42.0,208.32,287.33975909246135
16960,0.3607271236647762,LOW,6,1685.36,161,394,78.4,90.0,280.8933333333333,607.9550651396672
16961,0.6507908856111285,MEDIUM,3,794.5600000000001,25,415,207.5,207.5,264.85333333333335,517.0924060711783
16964,0.8382421783540361,HIGH,2,207.85,642,0,0.0,0.0,103.925,174.2286367708864
16966,0.265982223101557,LOW,4,1486.5600000000002,79,70,23.0,27.0,371.64000000000004,395.3985335738506
16969,0.4047002628670459,MEDIUM,2,478.96,43,57,57.0,57.0,239.48,193.83523790280032
16972,0.6314290386169477,MEDIUM,2,748.9999999999999,291,73,73.0,73.0,374.49999999999994,472.9403499240937
16974,0.9037682460903832,HIGH,2,365.5,431,41,41.0,41.0,182.75,330.32729394603507
16975,0.7580138174443567,HIGH,3,926.12,332,82,40.5,40.5,308.70666666666665,702.0117566115676
16977,0.6472872120496413,MEDIUM,4,496.0,304,236,78.33333333333333,44.0,124.0,321.0544571766221
16978,0.8168365128007102,HIGH,2,424.55,575,0,0.0,0.0,212.275,346.78794150954155
16979,0.2832969869614699,LOW,5,1563.39,56,302,75.0,61.5,312.678,442.90367644569244
16980,0.487720053480082,MEDIUM,3,1422.8300000000002,164,173,86.0,86.0,474.2766666666667,693.9427236930652
16983,0.1503387253963055,LOW,9,2770.01,5,349,43.0,41.5,307.7788888888889,416.4397727350202
16984,0.2061096207300665,LOW,8,9104.2,39,512,72.71428571428571,42.0,1138.025,1876.4632090506716
16985,0.0963514115774049,LOW,20,9037.58,66,571,29.73684210526316,23.0,451.879,870.783590243723
16986,0.6166085385196374,MEDIUM,9,3015.55,354,228,28.25,0.0,335.06111111111113,1859.4138783328926
16987,0.3352956474124282,LOW,7,1534.05,79,567,94.0,70.5,219.15,514.3602879130354
16989,0.3331663558220856,LOW,2,890.7,7,52,52.0,52.0,445.35,296.75127313073165
16990,0.6675283620639603,MEDIUM,2,344.0,127,203,203.0,203.0,172.0,229.62975655000233
16992,0.1963176802309147,LOW,11,4834.54,7,567,56.2,44.5,439.50363636363636,949.1056777835663
16993,0.8790015159267534,HIGH,2,1950.95,372,112,112.0,112.0,975.475,1714.8880074972994
16996,0.2410544423165046,LOW,8,1708.43,30,296,41.85714285714285,23.0,213.55375,411.82464088678597
16997,0.5636323217659253,MEDIUM,3,702.0,197,37,18.5,18.5,234.0,395.66988987967954
16998,0.4914037968720391,MEDIUM,5,402.0,58,294,73.25,76.5,80.4,197.5443263425597
17000,0.5821835163006205,MEDIUM,2,406.3,305,11,11.0,11.0,203.15,236.5411626729421
17001,0.0641504030098266,LOW,16,5444.72,0,532,35.0,35.0,340.295,349.2809822756631
17002,0.4141407212788203,MEDIUM,6,2071.34,124,425,84.6,74.0,345.22333333333336,857.8262416136716
17003,0.6618645650545362,MEDIUM,4,828.21,311,176,58.333333333333336,20.0,207.0525,548.1628514238174
17004,0.5766164611484815,MEDIUM,3,1917.82,1,331,165.0,165.0,639.2733333333333,1105.8465815197808
17005,0.867634029281414,HIGH,2,622.36,379,118,118.0,118.0,311.18,539.9807144635809
17006,0.5038971519021771,MEDIUM,4,853.4899999999999,301,252,83.66666666666667,31.0,213.37249999999997,430.07118017698906
17007,0.4138318764245124,MEDIUM,6,805.6100000000001,64,282,56.2,46.0,134.26833333333335,333.3870979663515
17011,0.7645725104060113,HIGH,2,400.8,556,4,4.0,4.0,200.4,306.4406621707293
17017,0.1345370335323155,LOW,23,9314.01,71,574,25.727272727272727,6.0,404.95695652173913,1253.079275690322
17018,0.4498700659281852,MEDIUM,5,1772.6,234,408,101.75,92.0,354.52,797.439678864301
17019,0.2650019884356367,LOW,10,3340.1399999999994,170,475,52.44444444444444,50.0,334.01399999999995,885.1437416534075
17020,0.8866849849106887,HIGH,2,935.62,451,104,104.0,104.0,467.81,829.6002055821385
17021,0.6657680727517682,MEDIUM,6,1182.22,351,146,28.8,18.0,197.03666666666666,787.0843309685954
17023,0.6759513294159089,MEDIUM,3,800.1800000000001,326,280,139.5,139.5,266.7266666666667,540.882734772022
17024,0.1161195105025159,LOW,2,56.25,8,58,58.0,58.0,28.125,6.531722465766519
17025,0.6729138762895145,MEDIUM,4,1152.87,282,268,89.33333333333333,37.0,288.2175,775.7822205578925
17026,0.7741922930662309,HIGH,3,175.82999999999998,94,231,115.5,115.5,58.60999999999999,136.12623088983537
17027,0.3756632505827482,LOW,7,1078.3,88,550,91.33333333333331,90.0,154.04285714285714,405.07768310337735
17028,0.8823968164390575,HIGH,3,1593.8300000000002,490,140,69.5,69.5,531.2766666666668,1406.3905179450633
17029,0.4682271970817949,MEDIUM,7,2137.3,19,553,91.83333333333331,101.0,305.3285714285715,1000.7419883229203
17031,0.3573727105267118,LOW,5,2619.45,63,426,106.0,85.0,523.89,936.1199465891953
17032,0.7717473288358261,HIGH,8,2984.32,456,181,25.571428571428573,35.0,373.04,2303.1409883913325
17033,0.4256920897241566,MEDIUM,3,910.75,123,183,91.5,91.5,303.5833333333333,387.6990707162756
17034,0.5797044515054198,MEDIUM,3,672.7,196,225,112.5,112.5,224.23333333333335,389.96718452769596
17035,0.5501630715974076,MEDIUM,4,613.5899999999999,154,491,163.0,145.0,153.39749999999998,337.5745591014533
17040,0.7580886657372137,HIGH,2,463.25,46,412,412.0,412.0,231.625,351.1845744027642
17041,0.5156220046895839,MEDIUM,5,1334.6000000000004,17,491,122.25,119.0,266.9200000000001,688.1491274587188
17042,0.3289572887337018,LOW,4,915.02,30,125,41.333333333333336,41.0,228.755,301.0024983371118
17043,0.4394398646910366,MEDIUM,6,1183.4400000000005,87,551,109.8,108.0,197.2400000000001,520.0507134699606
17044,0.4733322520586273,MEDIUM,11,11013.820000000002,283,357,35.3,18.0,1001.2563636363637,5213.196224368351
17045,0.2937155503993593,LOW,5,827.6800000000002,22,316,78.5,71.5,165.53600000000003,243.10248675454176
17046,0.4132104219930991,MEDIUM,5,1906.07,66,463,115.5,87.5,381.214,787.6079890483863
17047,0.4160559438610289,MEDIUM,5,1937.76,114,526,131.25,149.5,387.552,806.2165657761474
17048,0.4157303213528133,MEDIUM,7,2071.68,26,572,95.0,95.0,295.9542857142857,861.2601921401962
17049,0.1027103483604952,LOW,15,6894.150000000001,26,528,37.21428571428572,26.0,459.61,708.100548149508
17050,0.2007940531105436,LOW,11,4648.59,5,585,58.1,53.0,422.59909090909093,933.4092273491419
17051,0.5865554788474595,MEDIUM,4,706.49,103,433,144.0,139.0,176.6225,414.3955802509417
17054,0.1838969563294537,LOW,4,1207.3200000000002,46,107,35.333333333333336,27.0,301.83000000000004,222.02247331567605
17058,0.4268918666609398,MEDIUM,2,819.6600000000001,108,40,40.0,40.0,409.83000000000004,349.90618742730595
17059,0.1926062694077401,LOW,8,4021.28,19,572,81.14285714285714,87.0,502.66,774.5237390439571
17061,0.141389801960893,LOW,10,4658.83,19,121,13.0,8.0,465.883,658.7110510694672
17062,0.6240298130558675,MEDIUM,6,889.7500000000001,222,125,24.6,28.0,148.29166666666669,555.2305261664582
17063,0.1514780676722218,LOW,10,2849.26,72,575,63.55555555555556,50.0,284.92600000000004,431.6003990957547
17064,0.5686769470920521,MEDIUM,2,457.4,91,144,144.0,144.0,228.7,260.1128355999046
17065,0.8590127980934154,HIGH,2,194.7,546,0,0.0,0.0,97.35,167.24979178878795
17067,0.8557426780753814,HIGH,3,454.54,633,6,3.0,3.0,151.51333333333335,388.9692768923839
17068,0.0741140361617132,LOW,42,7974.830000000001,3,526,12.390243902439025,11.0,189.87690476190477,591.0468390035154
17069,0.1464069514017518,LOW,10,4303.32,64,581,64.22222222222223,51.0,430.332,630.0359621061865
17070,0.5172523129134371,MEDIUM,2,437.4199999999999,23,296,296.0,296.0,218.70999999999995,226.25650671459562
17071,0.1551110639160721,LOW,10,2767.1000000000004,43,550,60.55555555555556,56.0,276.71000000000004,429.20782496216316
17075,0.4014115618380646,MEDIUM,9,2098.58,162,472,58.5,40.0,233.17555555555555,842.3942754421256
17076,0.60668351102451,MEDIUM,5,735.8699999999999,182,461,114.75,93.5,147.17399999999998,446.4401952576061
17080,0.5925782257860696,MEDIUM,6,746.23,178,256,50.8,15.0,124.37166666666667,442.1996494283387
17081,0.6269460294758505,MEDIUM,4,660.48,304,259,85.66666666666667,89.0,165.12,414.0853135482098
17082,0.4174986535571892,MEDIUM,5,3365.12,227,406,101.0,87.0,673.024,1404.9330690583683
17083,0.1710245102116397,LOW,9,4049.79,18,559,69.5,59.5,449.9766666666667,692.6133512099963
17085,0.0609501863842322,LOW,28,7847.670000000001,32,610,22.14814814814815,14.0,280.2739285714286,478.31694918194756
17088,0.2901304564235666,LOW,2,1399.11,91,70,70.0,70.0,699.555,405.92442288677626
17090,0.2571942497179752,LOW,10,1917.3,7,409,45.22222222222222,45.0,191.73,493.1185349842739
17091,0.0836135612003655,LOW,17,6359.99,7,624,38.625,35.0,374.1170588235294,531.7814130987126
17092,0.1710245102116397,LOW,9,4366.7,35,548,68.5,49.0,485.18888888888887,746.812728741167
17094,0.7455805859116557,HIGH,2,402.19999999999993,231,101,101.0,101.0,201.09999999999997,299.87251165366786
17095,0.4575634888104354,MEDIUM,6,1792.05,208,425,84.8,93.0,298.675,819.9766501227407
17096,0.1865126752350884,LOW,9,3119.74,52,412,51.125,28.0,346.6377777777777,581.8710534379147
17097,0.3256448724798273,LOW,7,828.4699999999998,9,330,54.66666666666666,25.0,118.35285714285712,269.7870075033625
17098,0.6277888148240612,MEDIUM,3,591.0699999999999,290,159,79.5,79.5,197.0233333333333,371.06713477805783
17101,0.4690707532653917,MEDIUM,4,1115.9,87,371,123.66666666666669,129.0,278.975,523.4360535688506
17105,0.5578685044651206,MEDIUM,2,665.7799999999999,68,147,147.0,147.0,332.88999999999993,371.4176929027879
17107,0.1725196949096392,LOW,7,11587.85,64,522,86.5,77.5,1655.4071428571428,1999.1323466586628
17109,0.5339363654117585,MEDIUM,4,875.01,141,265,88.0,91.0,218.7525,467.1996590989428
17110,0.6175515094547345,MEDIUM,3,499.8999999999999,74,444,222.0,222.0,166.6333333333333,308.7139995764217
17113,0.8857064503684348,HIGH,6,2305.59,483,123,24.2,18.0,384.26500000000004,2042.0759349049597
17114,0.3885466012824227,LOW,6,601.94,47,196,38.8,40.0,100.32333333333334,233.88174117594153
17115,0.3268115702440802,LOW,6,2536.81,91,551,110.0,54.0,422.8016666666667,829.0588595108851
17122,0.3926532798824397,LOW,4,570.5000000000001,28,380,126.33333333333331,90.0,142.62500000000003,224.0086961729319
17123,0.6483107379795626,MEDIUM,3,977.17,70,410,205.0,205.0,325.7233333333333,633.5098038314892
17126,0.2585623814997236,LOW,9,2016.43,61,313,39.0,25.0,224.04777777777778,521.3729429274877
17127,0.7759011572414689,HIGH,5,1155.03,337,306,76.0,44.0,231.006,896.1891136486138
17132,0.7491531026267191,HIGH,2,1220.91,361,36,36.0,36.0,610.455,914.6485145279877
17133,0.2220338053653025,LOW,8,12208.88,99,438,62.0,32.0,1526.11,2710.7840856483344
17134,0.555965983443082,MEDIUM,3,625.3,15,335,167.0,167.0,208.4333333333333,347.64552944695913
17135,0.5341158070787314,MEDIUM,5,1083.0,198,289,71.75,80.0,216.6,578.4474190662661
17137,0.6685640076651205,MEDIUM,6,1099.81,325,261,51.8,48.0,183.30166666666665,735.2933812701762
17138,0.4159997546127347,MEDIUM,7,4417.27,184,397,65.66666666666667,49.0,631.0385714285715,1837.5832360581949
17139,0.0794811734696854,LOW,20,15767.81,31,575,29.894736842105264,30.0,788.3905,1253.24404184704
17141,0.7729102400293136,HIGH,4,727.5800000000002,327,266,88.66666666666667,0.0,181.89500000000004,562.3540324405282
17142,0.6430380711066602,MEDIUM,4,1275.25,148,445,148.0,150.0,318.8125,820.0343001787685
17143,0.6951827429800977,MEDIUM,2,880.97,326,98,98.0,98.0,440.485,612.4351410831767
17145,0.9145468785821638,HIGH,4,3120.91,421,145,48.333333333333336,8.0,780.2275,2854.2184988358604
17146,0.1486892024357627,LOW,13,5852.64,14,570,46.91666666666666,30.0,450.20307692307694,870.2243737436422
17147,0.1808241534823897,LOW,7,2458.4700000000003,115,491,81.33333333333333,85.5,351.21000000000004,444.55075661185066
17150,0.5597128613918343,MEDIUM,6,1357.9499999999998,285,357,70.8,73.0,226.32499999999996,760.0620801270413
17152,0.3106064080739341,LOW,4,2016.5,103,230,76.66666666666667,68.0,504.125,626.3378218810881
17155,0.4097159406754142,MEDIUM,6,784.0600000000002,86,558,111.4,57.0,130.6766666666667,321.24188044596536
17157,0.1486481336368654,LOW,18,4994.36,85,559,32.47058823529412,10.0,277.46444444444444,742.402292710615
17158,0.6123771551687776,MEDIUM,4,1411.5799999999997,141,409,136.0,127.0,352.8949999999999,864.4193446931429
17159,0.5222262763548028,MEDIUM,3,1089.16,80,473,236.0,236.0,363.05333333333334,568.787971154597
17160,0.1032590260927262,LOW,16,9692.31,18,626,41.2,32.0,605.769375,1000.8184911887911
17162,0.1416841080041161,LOW,9,1463.66,40,174,21.5,14.0,162.6288888888889,207.37736152130458
17163,0.5429047331759794,MEDIUM,2,406.68,354,229,229.0,229.0,203.34,220.78849688800733
17164,0.3257682742528159,LOW,3,1270.4200000000003,60,121,60.5,60.5,423.4733333333334,413.86253097626246
17165,0.49184219466407,MEDIUM,6,1794.3200000000002,193,444,88.4,70.0,299.05333333333334,882.5222867296342
17167,0.6290123260175051,MEDIUM,3,867.1099999999999,288,65,32.0,32.0,289.03666666666663,545.4228780130388
17169,0.5812864420791078,MEDIUM,2,629.63,92,395,395.0,395.0,314.815,365.99538252626866
17170,0.8320011206588688,HIGH,2,178.67999999999998,283,14,14.0,14.0,89.33999999999999,148.66196023932665
17171,0.8729988280423274,HIGH,2,384.59,198,372,372.0,372.0,192.295,335.7466192767987
17172,0.7176876232430982,HIGH,2,638.81,339,296,296.0,296.0,319.405,458.4660306039235
17173,0.3165236453267824,LOW,2,961.26,25,14,14.0,14.0,480.63,304.26151930682283
17175,0.3281688985266253,LOW,3,1132.63,50,155,77.0,77.0,377.54333333333335,371.6939395382116
17176,0.6124041216739162,MEDIUM,3,902.32,110,475,237.5,237.5,300.77333333333337,552.5844870688081
17179,0.3132243611601271,LOW,6,1507.2600000000002,87,384,76.4,54.0,251.21000000000004,472.1105506022132
17180,0.3628857936287396,LOW,10,2005.6,150,445,49.0,33.0,200.56,727.8037477018
17181,0.6344058198646518,MEDIUM,2,225.45000000000005,282,222,222.0,222.0,112.72500000000002,143.0267920884858
17182,0.767301792600905,HIGH,2,321.29999999999995,331,295,295.0,295.0,160.64999999999998,246.53406596267075
17184,0.9104204032250388,HIGH,2,198.41,478,161,161.0,161.0,99.205,180.63651220387996
17185,0.7989628122588166,HIGH,3,229.46,500,6,3.0,3.0,76.48666666666666,183.33000690090807
17187,0.6321976141618442,MEDIUM,2,467.7099999999999,135,299,299.0,299.0,233.85499999999996,295.6851461196361
17188,0.1642385483543343,LOW,11,3933.79,73,566,56.3,55.5,357.61727272727273,646.0799591307967
17189,0.7972030487573313,HIGH,5,953.63,15,631,157.5,181.5,190.726,760.2367433864538
17190,0.3337994214414583,LOW,6,1476.83,116,437,87.2,94.0,246.13833333333332,492.9649995673888
17191,0.1032068843790806,LOW,14,3778.17,3,643,49.07692307692308,56.0,269.8692857142857,389.933154354511
17193,0.5832772813524213,MEDIUM,4,1059.3,85,561,186.66666666666663,209.0,264.825,617.8656241366199
17194,0.5669933793375631,MEDIUM,3,812.5000000000001,182,256,127.5,127.5,270.83333333333337,460.6821207117701
17198,0.5203049016890071,MEDIUM,2,521.6600000000001,274,5,5.0,5.0,260.83000000000004,271.4222550150875
17200,0.8218970776763489,HIGH,4,356.71,296,264,88.0,0.0,89.1775,293.1789065779304
17201,0.6255316995584687,MEDIUM,3,853.32,432,143,71.0,71.0,284.44,533.7787098672325
17203,0.5388823637226365,MEDIUM,4,2004.01,297,0,0.0,0.0,501.0025,1079.925645723801
17204,0.1827581807885484,LOW,9,5504.6900000000005,84,372,46.125,31.5,611.6322222222223,1006.0271302049147
17205,0.6972826218813573,MEDIUM,2,615.2700000000001,325,148,148.0,148.0,307.63500000000005,429.01707876494277
17209,0.8960597203156132,HIGH,3,595.6999999999999,558,87,43.5,43.5,198.56666666666663,533.7827753920108
17211,0.1809603635306618,LOW,11,2921.02,89,546,54.1,37.0,265.54727272727274,528.5888410803337
17212,0.5634769019747978,MEDIUM,3,794.41,162,233,116.5,116.5,264.80333333333334,447.6316856977991
17213,0.1716293072483615,LOW,11,3868.18,50,583,57.9,32.0,351.65272727272725,663.893053711967
17214,0.5797220092420323,MEDIUM,4,611.9700000000001,158,110,36.0,43.0,152.99250000000004,354.7724779958466
17217,0.7905006880026508,HIGH,2,210.1,143,385,385.0,385.0,105.05,166.08419454935694
17218,0.3062659174713789,LOW,13,2883.0,123,469,38.66666666666666,18.5,221.76923076923077,882.9646400699853
17220,0.1121243557024263,LOW,17,3557.84,8,589,36.625,34.5,209.28470588235294,398.9205176923204
17221,0.9267978052686816,HIGH,3,642.14,500,15,7.5,7.5,214.04666666666665,595.1339426752312
17222,0.762653033898889,HIGH,5,1250.86,386,220,55.0,50.5,250.17199999999997,953.9721739827643
17223,0.7088636684549177,HIGH,3,558.04,219,64,32.0,32.0,186.01333333333332,395.5742815445822
17226,0.6823447600361752,MEDIUM,3,895.47,217,356,178.0,178.0,298.49,611.0192622695938
17227,0.212311264254267,LOW,9,1413.36,81,520,64.5,71.0,157.04,300.07224844641075
17228,0.2560693789879336,LOW,9,1601.5200000000002,116,429,53.25,54.0,177.9466666666667,410.1002318367554
17229,0.3941774353875684,LOW,2,318.76000000000005,5,46,46.0,46.0,159.38000000000002,125.64799930414132
17230,0.5733323687966477,MEDIUM,18,9388.49,173,467,27.176470588235293,6.0,521.5827777777778,5382.725211123639
17231,0.0718398492687389,LOW,22,5845.9,35,605,28.38095238095238,27.0,265.72272727272724,419.9685748401207
17233,0.5976736995869298,MEDIUM,2,369.98,357,276,276.0,276.0,184.99,221.1273153731723
17235,0.4800983919333809,MEDIUM,7,1354.8199999999997,281,180,29.666666666666668,14.5,193.54571428571424,650.4469033591829
17236,0.3393759043593595,LOW,11,1710.86,88,463,45.9,46.0,155.53272727272727,580.6246597322538
17237,0.5129559820698799,MEDIUM,2,679.44,284,6,6.0,6.0,339.72,348.5228124575592
17238,0.06129539188973,LOW,26,5556.14,45,602,23.72,19.0,213.6976923076923,340.5657786942045
17239,0.6439681932372084,MEDIUM,4,1189.45,221,213,71.0,74.0,297.3625,765.9679674459976
17241,0.4725995569891743,MEDIUM,12,2736.64,294,276,24.63636363636364,14.0,228.0533333333333,1293.334851638854
17242,0.5422467155005323,MEDIUM,5,2889.2800000000007,17,576,143.75,113.5,577.8560000000001,1566.7025901613783
17243,0.055256950019134,LOW,59,15995.89,1,645,10.672413793103448,8.5,271.11677966101695,883.8840942415653
17244,0.7327326497840644,HIGH,4,871.1399999999999,292,350,116.66666666666669,0.0,217.78499999999997,638.3127205328898
17245,0.8080243536033932,HIGH,2,371.63,113,484,484.0,484.0,185.815,300.286090529629
17246,0.8968955489850399,HIGH,2,38.92,455,191,191.0,191.0,19.46,34.907174766497754
17248,0.720285297483059,HIGH,2,500.5400000000001,29,361,361.0,361.0,250.27000000000004,360.5316028021704
17251,0.6277605140892768,MEDIUM,3,798.98,271,362,181.0,181.0,266.32666666666665,501.5680955470504
17252,0.3513788111258257,LOW,2,348.91,25,69,69.0,69.0,174.455,122.59958098991186
17255,0.6185044211679154,MEDIUM,3,598.48,208,146,73.0,73.0,199.49333333333334,370.162525980574
17256,0.5407057047852303,MEDIUM,5,498.9299999999999,16,492,122.75,143.5,99.78599999999997,269.7742972884949
17257,0.8540913913400112,HIGH,2,189.78,345,0,0.0,0.0,94.89,162.08946424850734
17258,0.7663597521818625,HIGH,2,417.2999999999999,305,268,268.0,268.0,208.64999999999995,319.8019245854911
17259,0.3483976901353459,LOW,6,1452.39,57,507,101.0,83.0,242.06500000000003,506.00932117567504
17262,0.2821754094025515,LOW,10,2190.76,136,497,55.0,34.0,219.07600000000002,618.1785999027337
17265,0.4550334399516791,MEDIUM,2,550.0100000000001,47,41,41.0,41.0,275.00500000000005,250.2729423078231
17266,0.534214313354962,MEDIUM,3,318.2,56,493,246.0,246.0,106.06666666666666,169.98699450954888
17267,0.544326528339281,MEDIUM,2,317.2,36,0,0.0,0.0,158.6,172.66037478921993
17268,0.2685045758472489,LOW,11,1733.89,16,623,62.1,44.0,157.62636363636364,465.5573990157864
17270,0.8892261009875464,HIGH,2,601.4499999999999,378,262,262.0,262.0,300.72499999999997,534.8250384389597
17272,0.3054077862085765,LOW,2,1409.44,108,63,63.0,63.0,704.72,430.45395019381607
17277,0.554152208511053,MEDIUM,2,1065.35,136,95,95.0,95.0,532.675,590.3660553372503
17278,0.7014176289959159,HIGH,2,271.24,150,323,323.0,323.0,135.62,190.25251768885224
17281,0.6177319424549461,MEDIUM,6,797.8499999999999,283,299,59.2,62.0,132.975,492.8574302876787
17282,0.6045595251571413,MEDIUM,5,2308.5400000000004,39,418,104.0,108.5,461.7080000000001,1395.6498462062673
17284,0.1713466453757538,LOW,7,2629.62,29,324,53.66666666666666,54.0,375.65999999999997,450.5765656129897
17285,0.91030059367061,HIGH,2,407.94,537,34,34.0,34.0,203.97,371.34802418198865
17286,0.6552739221320573,MEDIUM,2,237.81,309,0,0.0,0.0,118.905,155.83069142222453
17287,0.090061508292587,LOW,19,3480.21,52,593,32.55555555555556,23.5,183.16894736842104,313.4329617749442
17288,0.1373321842219603,LOW,9,1714.5,116,186,22.875,31.0,190.5,235.45602984855094
17289,0.3730779211727702,LOW,7,1275.23,89,461,76.33333333333333,69.0,182.1757142857143,475.7601574171518
17290,0.6018925903660572,MEDIUM,6,974.95,290,344,68.4,69.0,162.49166666666667,586.8151809773875
17292,0.9030202110413652,HIGH,2,271.75,381,107,107.0,107.0,135.875,245.395742350491
17293,0.1143232179101534,LOW,13,2763.6,28,616,50.91666666666666,39.0,212.58461538461538,315.94364501649994
17294,0.8394962837187336,HIGH,2,467.79,578,0,0.0,0.0,233.895,392.7079665607864
17298,0.5796243416020439,MEDIUM,5,954.26,10,540,134.75,133.5,190.852,553.1123242171664
17299,0.4371069656130255,MEDIUM,4,604.8100000000001,9,380,126.33333333333331,72.0,151.20250000000001,264.36666387241394
17300,0.7169253876435916,HIGH,2,393.64,299,90,90.0,90.0,196.82,282.2105095920234
17302,0.2936020841839054,LOW,3,661.61,31,182,91.0,91.0,220.53666666666666,194.25007491691363
17306,0.0542114434954003,LOW,17,7851.100000000001,8,303,18.625,16.0,461.829411764706,425.6194640267374
17307,0.5594866385807077,MEDIUM,11,3999.89,304,293,29.0,28.0,363.62636363636364,2237.885010792587
17308,0.6497468987508311,MEDIUM,2,4511.76,302,59,59.0,59.0,2255.88,2931.50206790805
17309,0.6166023194201605,MEDIUM,3,320.39,4,577,288.5,288.5,106.79666666666667,197.55321711902522
17310,0.6620478887884236,MEDIUM,2,1025.1,296,147,147.0,147.0,512.55,678.665290797013
17311,0.4979152841173978,MEDIUM,5,2738.17,225,357,88.75,94.0,547.634,1363.3766935117353
17312,0.616443951614222,MEDIUM,3,644.3,47,20,10.0,10.0,214.76666666666665,397.17483802504324
17314,0.1221207963666621,LOW,14,3883.43,57,588,44.69230769230769,48.0,277.3878571428571,474.24756423418654
17315,0.0627353043980814,LOW,35,7686.44,9,338,9.5,8.0,219.6125714285714,482.21115313758884
17320,0.4937383285247078,MEDIUM,6,2444.8500000000004,9,586,116.6,131.0,407.4750000000001,1207.116152493632
17321,0.5733749936945071,MEDIUM,4,1008.05,303,183,60.66666666666666,22.0,252.0125,577.9906623937478
17322,0.6670969781354652,MEDIUM,5,922.59,285,360,89.75,15.5,184.518,615.4570010579988
17323,0.3341327032395677,LOW,9,1175.47,33,574,71.375,73.0,130.60777777777778,392.7629686770146
17324,0.3791754382534392,LOW,10,1886.82,240,389,42.888888888888886,45.0,188.682,715.4358004053541
17325,0.6174065748498402,MEDIUM,3,609.5699999999999,189,361,180.0,180.0,203.18999999999997,376.35252583121706
17326,0.7129513295206911,HIGH,2,312.35,317,121,121.0,121.0,156.175,222.69034777578787
17327,0.8010821704131252,HIGH,2,152.35,318,152,152.0,152.0,76.175,122.04486866243963
17329,0.7844920866247592,HIGH,4,718.7800000000001,224,420,140.0,5.0,179.69500000000002,563.8772220241445
17330,0.5188043347338991,MEDIUM,2,59.900000000000006,453,103,103.0,103.0,29.950000000000003,31.076379650560558
17332,0.533023596727665,MEDIUM,5,838.27,437,128,31.5,31.5,167.654,446.8176904288997
17334,0.7313304428037118,HIGH,3,635.1500000000001,211,104,51.5,51.5,211.7166666666667,464.5045307467776
17335,0.6983284526269681,MEDIUM,2,497.04,292,300,300.0,300.0,248.52,347.09717409370825
17337,0.307659297968069,LOW,4,1981.06,60,158,52.333333333333336,59.0,495.265,609.4915288326227
17338,0.0794811734696854,LOW,16,10559.71,23,524,34.53333333333333,30.0,659.981875,839.2981422995716
17339,0.5801611806916436,MEDIUM,3,302.36000000000007,3,415,207.0,207.0,100.78666666666669,175.41753459392538
17340,0.136677784973334,LOW,14,14858.31,29,542,41.30769230769231,35.0,1061.307857142857,2030.8008992471382
17341,0.3882827821957512,LOW,5,1272.21,65,383,95.5,86.5,254.442,493.9772383372566
17342,0.685741640314376,MEDIUM,4,1227.5400000000002,288,290,96.0,132.0,306.88500000000005,841.7752931515092
17343,0.471018757580199,MEDIUM,6,1259.94,264,380,75.8,63.0,209.99,593.455373425596
17345,0.1435624502336956,LOW,9,1348.12,2,644,80.375,76.0,149.7911111111111,193.5394104090497
17346,0.0762936798467625,LOW,19,3604.51,12,497,27.11111111111111,15.5,189.71105263157895,275.0013319444539
17348,0.5703443313900995,MEDIUM,5,1445.84,206,341,85.0,93.5,289.168,824.6266480970614
17349,0.501571540764023,MEDIUM,5,772.41,88,452,112.25,121.0,154.482,387.418873801539
17350,0.6324847315238293,MEDIUM,3,612.3810000000001,303,282,140.5,140.5,204.12700000000004,387.3216323752942
17351,0.2590094265363764,LOW,11,1828.38,78,560,55.6,45.5,166.21636363636364,473.56765529057986
17353,0.512615107632173,MEDIUM,4,3242.0,38,495,164.66666666666666,132.0,810.5,1661.898178943505
17354,0.6780847061060392,MEDIUM,3,1740.9,337,0,0.0,0.0,580.3000000000001,1180.4776648600036
17356,0.5131920877070126,MEDIUM,5,946.47,220,376,93.75,49.0,189.294,485.7209152520563
17358,0.7339879078545439,HIGH,5,861.01,212,350,87.25,43.5,172.202,631.9709285418409
17360,0.3149723090198094,LOW,4,953.17,93,250,83.0,48.0,238.2925,300.22215578841167
17361,0.5185822974168023,MEDIUM,4,647.5100000000001,95,489,163.0,105.0,161.87750000000003,335.7872234003537
17362,0.565807897161552,MEDIUM,7,1024.04,148,463,76.66666666666667,54.0,146.29142857142855,579.4099190093157
17363,0.6490907430873848,MEDIUM,3,920.46,304,6,3.0,3.0,306.82,597.4620653822142
17364,0.0849578832217056,LOW,23,10127.65,46,594,26.545454545454547,24.0,440.33260869565214,860.4237060103067
17365,0.1798510503491958,LOW,12,5753.9400000000005,78,506,45.54545454545455,54.0,479.49500000000006,1034.8521526462519
17366,0.8450859493861683,HIGH,2,1077.2400000000002,341,23,23.0,23.0,538.6200000000001,910.3603881167562
17368,0.178653739889615,LOW,12,2484.49,2,630,56.90909090909091,37.0,207.04083333333332,443.86343021834955
17370,0.3035816899411129,LOW,2,228.06,1,77,77.0,77.0,114.03,69.23484020797021
17371,0.7567993978214254,HIGH,4,329.11,270,370,123.33333333333331,108.0,82.2775,249.0702498170093
17372,0.0993764616264897,LOW,26,4065.76,75,569,22.32,17.0,156.37538461538463,404.04084262251683
17373,0.4379694558528579,MEDIUM,5,807.8800000000001,43,515,128.25,141.5,161.57600000000002,353.8267639944069
17374,0.5750395209820909,MEDIUM,3,727.11,127,176,87.5,87.5,242.37,418.1169861012881
17375,0.3888572935438781,LOW,4,660.5500000000003,108,232,77.0,70.0,165.13750000000007,256.8596852504088
17376,0.7415162728000079,HIGH,3,356.29,220,211,105.0,105.0,118.76333333333334,264.19483283591484
17377,0.0948577270315979,LOW,67,15626.29,35,611,8.772727272727273,6.0,233.2282089552239,1482.2743513365879
17380,0.8260459787635025,HIGH,3,645.0,343,100,49.5,49.5,215.0,532.7996563024591
17381,0.1181186796757098,LOW,33,34384.689999999995,8,449,13.5625,11.5,1041.9603030303028,4061.4741838585815
17382,0.8175003647486853,HIGH,7,836.88,344,133,22.0,10.5,119.55428571428571,684.1497052508797
17384,0.6627052573539624,MEDIUM,2,398.80000000000007,128,248,248.0,248.0,199.40000000000003,264.28685663276025
17386,0.2598587545219625,LOW,6,1823.69,8,286,56.8,14.0,303.9483333333333,473.9018120341578
17388,0.1130994089863799,LOW,10,2368.84,40,598,65.88888888888889,75.0,236.88400000000001,267.9144039832962
17389,0.055256950019134,LOW,52,34885.73,4,639,12.117647058823527,7.0,670.8794230769231,1927.6790389910036
17391,0.6446238426242887,MEDIUM,2,508.8,72,0,0.0,0.0,254.4,327.9846111272381
17392,0.7016574964809719,HIGH,3,585.9200000000001,215,143,71.5,71.5,195.3066666666667,411.1151603381311
17393,0.734135059796639,HIGH,2,381.15,319,77,77.0,77.0,190.575,279.81557804148895
17396,0.2396887920069541,LOW,12,5880.6,57,292,26.27272727272728,1.0,490.05,1409.5139102760943
17398,0.364576974337086,LOW,3,653.38,23,140,69.5,69.5,217.79333333333332,238.20730349236527
17400,0.2429683605662708,LOW,8,4623.280000000001,35,595,84.71428571428571,77.0,577.9100000000001,1123.3107620388287
17402,0.0743222375986634,LOW,18,3734.16,10,621,36.05882352941177,31.0,207.45333333333332,277.5311267514249
17404,0.1091524248484669,LOW,18,36878.6,32,578,33.411764705882355,32.0,2048.811111111111,4025.3886150166713
17406,0.3582857782296436,LOW,13,4186.950000000001,242,400,32.75,25.5,322.073076923077,1500.1246391586064
17408,0.6419213303303484,MEDIUM,3,316.09000000000003,72,350,174.5,174.5,105.36333333333334,202.90491330411984
17409,0.1324754998392809,LOW,10,7793.51,93,543,60.11111111111112,48.0,779.351,1032.449132752434
17410,0.4639519261007112,MEDIUM,2,419.55,5,119,119.0,119.0,209.775,194.65103059555338
17411,0.5503977780897793,MEDIUM,3,932.02,170,475,237.0,237.0,310.67333333333335,512.9817371352361
17412,0.1515148519715122,LOW,13,3671.980000000001,105,541,44.66666666666666,44.0,282.4600000000001,556.3595061423536
17413,0.6509165396939336,MEDIUM,2,560.1400000000001,313,165,165.0,165.0,280.07000000000005,364.60439054416
17414,0.4984969426722856,MEDIUM,5,2069.5200000000004,93,551,137.25,136.0,413.9040000000001,1031.6493927991487
17416,0.0575664194810789,LOW,20,15699.52,18,615,32.10526315789474,18.0,784.976,903.7651539715878
17418,0.7477101088608137,HIGH,2,373.99,232,63,63.0,63.0,186.995,279.6361036128557
17419,0.1400233179456217,LOW,14,4559.68,52,539,41.07692307692308,38.0,325.6914285714286,638.4615223702924
17420,0.4161965915764032,MEDIUM,5,746.26,80,230,57.25,13.5,149.252,310.5908684298067
17421,0.6374217218419401,MEDIUM,3,1059.41,295,349,174.0,174.0,353.1366666666667,675.2909463365698
17422,0.1808904248696912,LOW,10,3314.36,2,441,48.66666666666666,40.0,331.43600000000004,599.5359885711098
17423,0.6278109375109059,MEDIUM,2,869.96,126,175,175.0,175.0,434.98,546.1704031969878
17426,0.1497760870657334,LOW,11,7321.1,0,569,56.7,24.5,665.5545454545455,1096.5257110169407
17428,0.0599997581261437,LOW,37,24871.0,19,627,17.166666666666668,10.0,672.1891891891892,1492.25398435532
17429,0.292954935358264,LOW,5,1357.4599999999998,37,301,74.75,44.5,271.49199999999996,397.674606551429
17430,0.6953808395991136,MEDIUM,3,469.41,274,114,56.5,56.5,156.47,326.4187199162199
17432,0.6055408953091291,MEDIUM,7,1363.23,294,350,58.0,38.0,194.74714285714285,825.4915147122641
17436,0.4742667410862861,MEDIUM,4,440.16,135,505,168.0,181.0,110.04,208.7532487565397
17438,0.4608778465493514,MEDIUM,5,1422.7700000000004,162,387,96.5,92.0,284.5540000000001,655.7231737350209
17440,0.5280798553125848,MEDIUM,4,323.58,65,392,130.33333333333334,90.0,80.895,170.8760795820462
17442,0.1486892024357627,LOW,14,4293.43,2,568,43.23076923076923,42.0,306.67357142857145,638.3866824137767
17444,0.5420250530806796,MEDIUM,3,2940.04,56,25,12.5,12.5,980.0133333333333,1593.5753370593213
17446,0.819356804489534,HIGH,2,120.90000000000002,85,133,133.0,133.0,60.45000000000001,99.06023766278467
17448,0.9430684831429668,HIGH,46,14523.67,406,147,3.0444444444444443,0.0,315.7319565217391,13696.815436569012
17449,0.1417504511554065,LOW,10,3846.4900000000007,3,635,70.11111111111111,50.0,384.64900000000006,545.2416928647597
17450,0.0867442245509928,LOW,28,136695.0,4,342,12.333333333333334,5.0,4881.964285714285,11857.501774997962
17454,0.2130648201088574,LOW,10,1547.9399999999996,101,500,55.333333333333336,51.0,154.79399999999995,329.8115576393047
17456,0.646273187496427,MEDIUM,2,975.56,274,90,90.0,90.0,487.78,630.4782707940143
17457,0.1145477852289,LOW,14,5984.81,35,605,46.07692307692308,47.0,427.4864285714286,685.546730515773
17460,0.3105455823715247,LOW,16,2157.9700000000003,3,592,38.93333333333333,34.0,134.87312500000002,670.1480503902792
17463,0.4255245933745691,MEDIUM,5,1886.99,85,412,102.75,68.0,377.398,802.9606524518781
17464,0.6483107379795626,MEDIUM,3,907.14,67,461,230.0,230.0,302.38,588.1086028507805
17465,0.6524673423291176,MEDIUM,7,2542.79,334,310,51.333333333333336,58.0,363.2557142857143,1659.087433401057
17469,0.1137476466284816,LOW,15,4230.55,17,614,43.5,31.5,282.0366666666667,481.21510644412285
17470,0.148693223818886,LOW,10,2317.8700000000003,36,380,41.77777777777778,28.0,231.78700000000003,344.65156269308136
17472,0.5673336187003588,MEDIUM,4,922.35,100,437,145.33333333333334,96.0,230.5875,523.280163208276
17473,0.6874677410221034,MEDIUM,2,607.0,317,47,47.0,47.0,303.5,417.29291880041677
17476,0.7100928195849098,HIGH,2,489.86,304,341,341.0,341.0,244.93,347.8460686018639
17477,0.8807422643129131,HIGH,2,1144.3000000000002,521,34,34.0,34.0,572.1500000000001,1007.8333730532667
17478,0.6176584709142349,MEDIUM,2,1272.8,317,225,225.0,225.0,636.4,786.1557017796381
17482,0.866489577219498,HIGH,2,775.6400000000001,396,91,91.0,91.0,387.82000000000005,672.0839756745315
17483,0.5063259910568405,MEDIUM,3,452.43,43,280,139.5,139.5,150.81,229.07706813384635
17484,0.8890470253801304,HIGH,2,209.57,485,47,47.0,47.0,104.785,186.3175851089139
17490,0.6120178514323679,MEDIUM,3,963.38,85,392,196.0,196.0,321.12666666666667,589.6057577129145
17491,0.1486892024357627,LOW,13,4212.91,4,494,40.66666666666666,39.5,324.07,626.414227833649
17492,0.5697775705269327,MEDIUM,3,1122.42,157,270,135.0,135.0,374.14000000000004,639.5297407108399
17496,0.6348491221242145,MEDIUM,4,1412.89,267,335,111.33333333333331,67.0,353.2225,896.9719761580815
17497,0.7006658141321729,HIGH,2,287.25,299,220,220.0,220.0,143.625,201.26625510946667
17499,0.7435615465557522,HIGH,2,1341.3899999999996,198,271,271.0,271.0,670.6949999999998,997.4060229344202
17501,0.7866217212246331,HIGH,2,288.6,129,0,0.0,0.0,144.3,227.01902874542915
17504,0.1904749342909435,LOW,18,9490.17,115,463,26.88235294117647,21.0,527.2316666666667,1807.6395071598834
17505,0.3975271813908035,LOW,5,2435.48,70,443,110.5,49.0,487.096,968.1694997336741
17507,0.6123236143536911,MEDIUM,2,605.58,170,47,47.0,47.0,302.79,370.81093438030825
17508,0.4383513236575186,MEDIUM,8,4579.23,189,451,64.0,53.0,572.40375,2007.3115318322189
17511,0.0576579468106727,LOW,50,140446.24,2,644,12.591836734693878,13.0,2808.9248,8097.841835678972
17512,0.1103342157578793,LOW,16,4434.7300000000005,30,607,40.13333333333333,30.0,277.17062500000003,489.3024566479401
17513,0.5959262378396977,MEDIUM,2,645.5999999999999,317,70,70.0,70.0,322.79999999999995,384.72997914930875
17514,0.837020731026868,HIGH,2,522.0,37,541,541.0,541.0,261.0,436.9248215960251
17515,0.28682529563653,LOW,8,1534.86,115,344,48.71428571428572,47.0,191.8575,440.23667326068437
17516,0.28049742690093,LOW,5,788.27,28,259,64.5,80.0,157.654,221.10770670319607
17518,0.8040292752341407,HIGH,2,329.42,334,195,195.0,195.0,164.71,264.8633238476306
17519,0.1103342157578793,LOW,14,4418.15,42,605,46.07692307692308,39.0,315.58214285714286,487.4731153506744
17521,0.4725860052254715,MEDIUM,3,714.41,108,235,117.0,117.0,238.13666666666666,337.6201679931291
17522,0.3091109080757665,LOW,4,912.25,47,79,26.0,23.0,228.0625,281.986425892118
17524,0.678324354506359,MEDIUM,3,539.14,270,76,38.0,38.0,179.71333333333334,365.7117924885584
17525,0.6290123260175051,MEDIUM,3,1161.9,268,69,34.5,34.5,387.3,730.8494215997392
17526,0.4425006228432408,MEDIUM,11,3616.14,199,431,42.7,50.0,328.74,1600.1442022883568
17527,0.4343476379812531,MEDIUM,2,606.6199999999999,18,108,108.0,108.0,303.30999999999995,263.4839641521877
17529,0.8824980833995375,HIGH,2,1240.25,519,87,87.0,87.0,620.125,1094.5182479362763
17530,0.2548308503917407,LOW,8,1789.83,115,527,75.0,64.0,223.72875,456.1039009566492
17531,0.6652426480714917,MEDIUM,3,1266.8200000000002,99,428,213.5,213.5,422.27333333333337,842.7426914299272
17534,0.4463837656758714,MEDIUM,4,1445.47,360,200,66.66666666666667,84.0,361.3675,645.2343417715018
17536,0.534585882387739,MEDIUM,3,364.83,86,505,252.5,252.5,121.61,195.0329674715188
17539,0.869918766299621,HIGH,4,1176.84,526,108,35.666666666666664,27.0,294.21,1023.7552009320458
17540,0.6141910532965515,MEDIUM,5,1280.5000000000005,225,283,70.5,75.0,256.1000000000001,786.4716437462346
17542,0.6626310511115585,MEDIUM,3,340.85,178,371,185.5,185.5,113.61666666666667,225.85779377137473
17544,0.6490907430873848,MEDIUM,3,944.8200000000002,299,0,0.0,0.0,314.94000000000005,613.273915883823
17545,0.5452951911496444,MEDIUM,3,767.54,299,187,93.5,93.5,255.84666666666666,418.53587101499807
17547,0.721028826223788,HIGH,2,727.85,284,289,289.0,289.0,363.925,524.8008311669842
17548,0.6030843763467286,MEDIUM,4,731.26,142,162,53.66666666666666,12.0,182.815,441.0114810473088
17550,0.2178993258030545,LOW,9,2506.64,106,472,58.625,60.5,278.5155555555555,546.1951660309685
17552,0.4475614256691687,MEDIUM,10,2154.880000000001,281,255,28.22222222222222,28.0,215.4880000000001,964.4411649459787
17553,0.4916418059351152,MEDIUM,4,3757.6,38,481,160.33333333333334,117.0,939.4,1847.3932499817888
17554,0.2240914973605492,LOW,2,1249.89,31,25,25.0,25.0,624.945,280.08972163597684
17555,0.5011897629513512,MEDIUM,4,760.88,243,251,83.33333333333333,91.0,190.22,381.3452668344241
17556,0.629622854979279,MEDIUM,2,300.67,114,173,173.0,173.0,150.335,189.3087038066198
17560,0.3000475645619375,LOW,8,1895.8000000000004,3,565,80.14285714285714,84.0,236.97500000000005,568.8301728965212
17561,0.625937538635695,MEDIUM,3,537.9000000000001,299,342,170.5,170.5,179.30000000000004,336.6918020321404
17562,0.2379112668787465,LOW,4,661.1,18,63,20.666666666666668,16.0,165.275,157.28313853353933
17563,0.9005769313286109,HIGH,2,392.38000000000005,487,33,33.0,33.0,196.19000000000003,353.3683763147204
17567,0.1828132207268187,LOW,7,3432.05,1,348,57.66666666666666,62.5,490.29285714285714,627.4241141954781
17571,0.4144904538887632,MEDIUM,4,764.79,54,396,132.0,132.0,191.1975,316.9981542295872
17572,0.2501197607825708,LOW,9,621.4600000000002,8,625,77.625,77.5,69.05111111111113,155.4394265359365
17576,0.0518551735481392,LOW,36,7413.37,8,636,17.771428571428572,18.0,205.92694444444444,384.4215879265687
17577,0.8843841367420401,HIGH,2,348.74999999999994,554,23,23.0,23.0,174.37499999999997,308.42896768878643
17578,0.5971429350143215,MEDIUM,7,1047.33,127,311,51.5,10.5,149.6185714285714,625.4057101285492
17579,0.6081578803540268,MEDIUM,3,575.2400000000001,46,440,219.5,219.5,191.7466666666667,349.8367390948505
17580,0.6015796521926534,MEDIUM,5,541.0200000000001,161,169,41.75,45.0,108.20400000000002,325.4666234292694
17581,0.0599997581261437,LOW,35,13448.22,18,626,18.147058823529413,0.0,384.23485714285715,806.8899472271681
17582,0.4800369876464584,MEDIUM,5,1446.95,145,387,96.25,69.0,289.39,694.589519275043
17584,0.3421325878235983,LOW,5,4816.57,36,556,138.75,88.0,963.314,1647.9055585335086
17585,0.2409625294103982,LOW,7,2064.71,18,368,61.16666666666666,68.0,294.9585714285714,497.5177440989433
17588,0.2851954292354981,LOW,7,2939.55,9,537,89.0,79.0,419.9357142857143,838.3462240092085
17589,0.0963514115774049,LOW,17,13276.84,60,491,30.3125,19.5,780.9905882352941,1279.2422752873524
17591,0.4047657375046551,MEDIUM,7,1976.52,31,568,94.16666666666669,55.0,282.36,800.0275754927009
17593,0.1348208598528679,LOW,10,7414.120000000001,0,643,71.0,56.0,741.412,999.578033452345
17594,0.5770225905901996,MEDIUM,3,1819.7,163,350,174.5,174.5,606.5666666666667,1050.0080080969863
17596,0.1434010709426999,LOW,10,3421.85,45,588,64.88888888888889,57.0,342.185,490.69695460527765
17597,0.376555819846579,LOW,5,3484.09,122,369,91.75,64.5,696.818,1311.9543663692675
17601,0.6878481013108826,MEDIUM,2,413.08,148,141,141.0,141.0,206.54,284.1362936894994
17602,0.1722452447667204,LOW,10,3209.5600000000004,33,494,54.44444444444444,23.0,320.956,552.8314477934751
17603,0.8823968164390575,HIGH,3,1393.66,526,112,55.5,55.5,464.55333333333334,1229.761147198457
17604,0.5794750809007521,MEDIUM,6,942.38,126,464,92.0,94.0,157.06333333333333,546.0857267392507
17608,0.5830573922457974,MEDIUM,2,296.07,358,158,158.0,158.0,148.035,172.62580212221326
17609,0.7276995739719512,HIGH,8,1313.37,211,307,43.42857142857143,25.0,164.17125,955.7387894675414
17610,0.8347220253740372,HIGH,5,1511.94,449,193,48.0,36.5,302.38800000000003,1262.0496190440217
17611,0.0658107094152326,LOW,22,7077.56,32,614,28.714285714285715,31.0,321.70727272727277,465.7792445288736
17612,0.0831261320229464,LOW,17,5029.35,4,627,38.8125,36.5,295.84411764705885,418.0704120896055
17613,0.1083900531274301,LOW,9,2976.69,26,188,23.0,24.5,330.74333333333334,322.6435872438899
17615,0.3697726461874673,LOW,6,721.8,39,355,70.4,63.0,120.3,266.90189601811386
17616,0.4137053403242492,MEDIUM,4,734.3999999999999,82,277,92.0,83.0,183.59999999999997,303.8252019341286
17618,0.3390365699847708,LOW,10,3696.84,157,436,48.0,35.0,369.684,1253.3639533825
17621,0.4986938270902188,MEDIUM,5,2697.0,221,119,29.25,27.5,539.4,1344.9772516623202
17622,0.8324028388017136,HIGH,2,1130.2100000000005,506,0,0.0,0.0,565.1050000000002,940.7900124420852
17623,0.5383052261350554,MEDIUM,6,1838.72,318,315,62.8,35.0,306.4533333333333,989.792585399049
17624,0.6053725160652609,MEDIUM,3,1125.4499999999998,127,501,250.5,250.5,375.1499999999999,681.3164982056477
17625,0.3865565850684511,LOW,6,5185.63,49,584,116.4,117.0,864.2716666666666,2004.539424228512
17629,0.2530430054191931,LOW,7,1439.78,29,301,49.833333333333336,39.0,205.68285714285713,364.32625834244584
17630,0.4746514159702683,MEDIUM,2,503.6,78,62,62.0,62.0,251.8,239.03445308262712
17631,0.3801704416275998,LOW,6,886.6600000000001,46,592,118.2,95.0,147.77666666666667,337.08192377352765
17633,0.3016114262644579,LOW,5,1381.1600000000003,12,286,71.25,12.5,276.2320000000001,416.5736374994188
17634,0.2428452328142526,LOW,7,2077.07,1,245,40.333333333333336,35.5,296.7242857142857,504.4065477214997
17635,0.7676854248929045,HIGH,3,1265.58,333,166,82.5,82.5,421.85999999999996,971.567320035962
17638,0.8760613714137157,HIGH,2,842.4,556,74,74.0,74.0,421.2,737.9940992789141
17639,0.6493165448885384,MEDIUM,6,615.1700000000001,185,207,41.0,8.0,102.52833333333335,399.4400589190822
17640,0.4521031326083655,MEDIUM,5,2547.28,288,247,61.5,75.0,509.456,1151.6332676306374
17642,0.7876730149909498,HIGH,5,1824.49,28,614,153.0,152.0,364.898,1437.101539120838
17643,0.684718260413473,MEDIUM,2,439.7,282,132,132.0,132.0,219.85,301.07061910380406
17644,0.0915937327305315,LOW,16,4758.59,29,541,35.6,29.0,297.411875,435.8570206341799
17646,0.3418551048885384,LOW,12,3898.79,128,504,45.36363636363637,43.0,324.89916666666664,1332.8212643883844
17647,0.7234664193862892,HIGH,2,198.6,578,0,0.0,0.0,99.3,143.68043089011704
17648,0.2969477341516432,LOW,4,1526.26,101,192,64.0,57.0,381.565,453.219448726287
17649,0.5558370544316075,MEDIUM,3,1578.89,47,334,166.5,166.5,526.2966666666667,877.6055668715208
17651,0.2130446800439004,LOW,10,2906.53,64,370,40.888888888888886,7.0,290.653,619.2207538879978
17652,0.1527080709508792,LOW,6,2713.57,53,136,26.8,24.0,452.2616666666667,414.38404009017734
17653,0.2835266936150274,LOW,2,343.34,8,20,20.0,20.0,171.67,97.34605498578351
17655,0.2066065100360389,LOW,7,2240.77,25,300,49.333333333333336,47.5,320.11,462.95766949345483
17656,0.3322956292450463,LOW,3,927.65,15,22,11.0,11.0,309.21666666666664,308.2540404691672
17659,0.1186308826723984,LOW,11,2240.5600000000004,9,286,28.2,14.5,203.68727272727276,265.79961048046897
17660,0.8908227712524877,HIGH,2,342.22,50,595,595.0,595.0,171.11,304.85736877802634
17662,0.9148716482151348,HIGH,2,412.9200000000001,570,60,60.0,60.0,206.46000000000004,377.76880098099355
17663,0.1307118888958394,LOW,14,4389.45,63,491,37.38461538461539,36.0,313.53214285714284,573.7533007138422
17664,0.6322771756675569,MEDIUM,3,887.7800000000002,121,407,203.5,203.5,295.92666666666673,561.3230310141438
17666,0.7856415159747415,HIGH,3,1319.64,386,50,24.5,24.5,439.88000000000005,1036.763970140908
17667,0.1838899402378681,LOW,8,3646.2,70,492,69.85714285714286,63.0,455.775,670.4995000953146
17669,0.2218842274890411,LOW,8,5168.849999999999,31,494,70.0,47.0,646.1062499999999,1146.88628925673
17671,0.3106064080739341,LOW,4,1535.0000000000002,66,218,72.33333333333333,53.0,383.75000000000006,476.78083639348887
17672,0.3885433080251292,LOW,6,3778.3,218,372,74.0,40.0,629.7166666666667,1468.0331807113457
17673,0.2634931234344387,LOW,11,3754.53,71,468,46.4,47.0,341.3209090909091,989.2928367283032
17675,0.055256950019134,LOW,62,31342.39,10,627,9.868852459016392,10.0,505.5224193548387,1731.8848777102053
17676,0.298803900820576,LOW,8,1808.3,18,510,72.42857142857143,50.0,226.0375,540.3270938538476
17677,0.0576579468106727,LOW,44,30379.58,9,623,14.209302325581396,13.0,690.445,1751.624207770576
17678,0.6940189020119931,MEDIUM,2,599.7600000000001,172,339,339.0,339.0,299.88000000000005,416.24477667071307
17679,0.7841750227376025,HIGH,5,1585.5,430,214,53.25,51.0,317.1,1243.3094985504688
17680,0.7129513295206911,HIGH,2,313.05,292,127,127.0,127.0,156.525,223.18941370645234
17681,0.6824527471353541,MEDIUM,5,731.2,506,96,23.75,20.5,146.24,499.0094487053709
17682,0.1615206349672805,LOW,10,3490.3,24,526,58.11111111111112,53.0,349.03000000000003,563.7554722262992
17683,0.5297850738414362,MEDIUM,3,819.01,294,168,83.5,83.5,273.00333333333333,433.8992733268747
17685,0.3474594868894363,LOW,10,3811.8399999999992,175,399,44.0,31.0,381.1839999999999,1324.4599705046285
17686,0.163041614666405,LOW,7,7146.7,29,413,68.5,90.5,1020.9571428571428,1165.2095075363966
17689,0.7320919538045425,HIGH,2,317.08000000000004,297,85,85.0,85.0,158.54000000000002,232.13171671234437
17690,0.1121243557024263,LOW,16,5732.530000000001,10,572,37.66666666666666,17.0,358.28312500000004,642.75623279483
17691,0.7042175405483527,HIGH,4,637.5500000000001,267,188,62.333333333333336,30.0,159.38750000000002,448.9738929766023
17692,0.1899206366172542,LOW,12,2975.8,36,413,37.0,34.0,247.98333333333335,565.165830445625
17694,0.6976052856616147,MEDIUM,3,1695.97,50,421,210.5,210.5,565.3233333333334,1183.1176363235288
17695,0.560294714805887,MEDIUM,5,1746.0400000000002,40,549,136.75,143.0,349.208,978.296983839671
17696,0.0532800604593039,LOW,26,7309.47,17,620,24.36,19.0,281.1334615384616,389.4490035254681
17699,0.8210297065006242,HIGH,2,442.0,385,84,84.0,84.0,221.0,362.8951302732759
17700,0.1032068843790806,LOW,13,5827.16,3,643,53.25,48.5,448.2430769230769,601.4030283784033
17702,0.2094468626688019,LOW,5,2658.44,17,291,72.5,48.0,531.688,556.8019175932498
17703,0.4559859268700952,MEDIUM,3,787.06,18,308,154.0,154.0,262.3533333333333,358.8882836023771
17704,0.3993305718874455,LOW,2,885.1899999999999,77,71,71.0,71.0,442.59499999999997,353.4834289290478
17705,0.4491088221434787,MEDIUM,8,1228.38,15,470,66.57142857142857,46.0,153.5475,551.6762949446064
17706,0.0981219145554282,LOW,26,17795.16,9,589,23.16,11.0,684.4292307692308,1746.0951690201737
17707,0.3860648189135796,LOW,8,609.3000000000001,94,547,77.71428571428571,84.0,76.16250000000001,235.22929416404406
17708,0.3765814604508785,LOW,4,884.1800000000001,96,235,78.33333333333333,78.0,221.04500000000002,332.96579570145775
17709,0.490552710212059,MEDIUM,5,671.01,78,433,107.75,60.0,134.202,329.1657740793937
17713,0.6443866736041617,MEDIUM,4,1198.09,291,166,55.333333333333336,61.0,299.5225,772.03322977841
17714,0.6427897709850108,MEDIUM,5,1410.1800000000003,229,192,48.0,37.0,282.03600000000006,906.4492792476427
17715,0.7770332914890038,HIGH,2,489.6,109,392,392.0,392.0,244.8,380.4354995130163
17716,0.0536473099771832,LOW,20,14437.64,3,642,33.421052631578945,24.0,721.882,774.5405484189793
17718,0.732095198614516,HIGH,2,439.18,141,412,412.0,412.0,219.59,321.52156932752314
17719,0.1569143776227408,LOW,12,4477.400000000001,15,149,12.909090909090908,10.0,373.11666666666673,702.5684343680597
17720,0.2213834065344115,LOW,9,2358.57,22,465,57.75,41.0,262.06333333333333,522.1482611498669
17722,0.192653225831202,LOW,5,3520.2200000000003,5,279,69.5,67.0,704.0440000000001,678.181738635514
17723,0.2091595703701172,LOW,7,3378.4,36,248,41.0,17.5,482.62857142857143,706.624692538404
17725,0.0770425057298462,LOW,8,2507.12,9,166,23.142857142857142,23.0,313.39,193.15480696541198
17726,0.6357794133801177,MEDIUM,7,1092.06,304,286,47.5,31.5,156.00857142857143,694.3092661758913
17728,0.6210212858507421,MEDIUM,2,1362.75,313,49,49.0,49.0,681.375,846.2967572930988
17730,0.0762936798467625,LOW,15,5531.09,15,483,34.142857142857146,33.5,368.7393333333333,421.9872096636296
17731,0.4977187048328521,MEDIUM,5,1432.62,37,540,134.75,50.5,286.524,713.0417709176405
17732,0.5108046576837396,MEDIUM,8,2166.42,281,115,16.142857142857142,14.0,270.8025,1106.617426499207
17734,0.3904086561044297,LOW,5,1281.9,45,505,125.75,88.5,256.38,500.4648562602685
17735,0.0559098275234629,LOW,23,14771.55,2,403,17.727272727272727,16.0,642.241304347826,825.8748127542084
17738,0.191514764671935,LOW,12,3876.000000000001,57,481,43.54545454545455,21.0,323.00000000000006,742.3112278684202
17739,0.1461659424271129,LOW,14,6010.01,105,535,40.92307692307692,35.0,429.2864285714286,878.4587756463728
17740,0.6443272656958537,MEDIUM,6,426.9,298,308,61.2,50.0,71.14999999999999,275.06330972556
17741,0.8010821704131252,HIGH,2,101.1,315,153,153.0,153.0,50.55,80.98940742876695
17742,0.2329876957997742,LOW,11,2098.48,22,625,62.0,45.0,190.7709090909091,488.9200198819102
17744,0.3648482237322664,LOW,5,1615.7,159,130,32.25,25.0,323.14,589.4852750842228
17745,0.8623983295875085,HIGH,2,600.34,386,78,78.0,78.0,300.17,517.7322131845649
17746,0.5727650756780904,MEDIUM,4,904.18,149,370,123.33333333333331,139.0,226.045,517.8827261266158
17749,0.6120178514323679,MEDIUM,3,1026.1799999999998,87,368,183.5,183.5,342.05999999999995,628.0404787828671
17750,0.1661954020940808,LOW,5,1204.5,8,65,15.75,15.0,240.9,200.1823618223203
17753,0.91365370593747,HIGH,4,382.06,373,238,79.0,15.0,95.515,349.0705348904698
17754,0.1434010709426999,LOW,10,3361.63,51,586,64.77777777777777,56.0,336.163,482.0613421131083
17756,0.7960810957178271,HIGH,3,728.7499999999999,284,18,8.5,8.5,242.91666666666663,580.1440985043664
17757,0.0880740330763686,LOW,46,6789.21,23,580,12.422222222222222,11.0,147.59152173913043,597.9531061024124
17758,0.2501781316448919,LOW,8,2989.08,61,416,59.0,41.0,373.635,747.8024497371134
17759,0.5481323309271866,MEDIUM,4,609.07,78,414,137.66666666666666,190.0,152.2675,333.8509587978216
17760,0.6425664454132352,MEDIUM,5,631.3399999999999,282,276,68.75,32.0,126.26799999999999,405.67789964719185
17763,0.8312181758493458,HIGH,4,86.14999999999999,172,395,131.66666666666666,5.0,21.537499999999998,71.60944584942114
17764,0.5474769422875401,MEDIUM,4,971.69,120,525,174.66666666666666,190.0,242.9225,531.9778700513798
17765,0.4561424464603878,MEDIUM,4,524.0000000000001,67,289,96.33333333333331,52.0,131.00000000000003,239.01864194524327
17766,0.8190496543060768,HIGH,2,299.61,290,0,0.0,0.0,149.805,245.39546692664368
17768,0.5171484680871782,MEDIUM,5,1596.66,75,571,142.5,139.0,319.332,825.7102730560739
17769,0.1791859439282893,LOW,11,4913.83,47,550,54.4,41.5,446.71181818181816,880.4892668531458
17770,0.4734745991863242,MEDIUM,5,1143.2699999999998,107,83,20.5,9.5,228.65399999999994,541.3093050117487
17771,0.6595074183831734,MEDIUM,3,257.3999999999999,232,266,132.5,132.5,85.79999999999997,169.75720949182877
17773,0.846312120855962,HIGH,2,575.3699999999999,423,175,175.0,175.0,287.68499999999995,486.94260497689476
17774,0.2003325137930887,LOW,9,3273.83,5,572,71.0,64.5,363.75888888888886,655.8545936312275
17776,0.7078409200471643,HIGH,2,330.56000000000006,295,336,336.0,336.0,165.28000000000003,233.98389453079065
17780,0.9116422133260572,HIGH,3,346.56,576,17,8.5,8.5,115.52,315.9387254502784
17781,0.748205160527729,HIGH,2,188.02,68,93,93.0,93.0,94.01,140.6775342824236
17782,0.7655510785005827,HIGH,2,679.02,291,0,0.0,0.0,339.51,519.8244933234656
17783,0.608338447613161,MEDIUM,2,205.9,156,264,264.0,264.0,102.95,125.25688636354985
17785,0.5830573922457974,MEDIUM,2,271.44000000000005,354,120,120.0,120.0,135.72000000000003,158.2650985511993
17787,0.3367299380805093,LOW,4,1817.54,61,218,72.0,47.0,454.385,612.0201316588488
17789,0.801344919465877,HIGH,2,397.15,190,379,379.0,379.0,198.575,318.25413476587306
17790,0.1298135183061241,LOW,18,2178.620000000001,29,424,24.47058823529412,17.0,121.03444444444449,282.81432725208816
17792,0.7808489176141618,HIGH,2,368.35,376,11,11.0,11.0,184.175,287.6256988031765
17794,0.8872860201661956,HIGH,2,147.3,595,1,1.0,1.0,73.65,130.69723077048062
17795,0.52086030417239,MEDIUM,2,342.82999999999987,88,85,85.0,85.0,171.41499999999994,178.5665380794204
17796,0.5589293817133497,MEDIUM,6,1160.4900000000002,222,107,21.2,21.0,193.41500000000005,648.6319581845254
17797,0.3807030601062006,LOW,6,1463.85,91,541,107.8,57.0,243.975,557.2921745364617
17799,0.0533244052984567,LOW,19,5722.75,8,626,34.333333333333336,37.5,301.19736842105266,305.1622404217431
17800,0.2872956992913124,LOW,7,904.8,0,242,40.0,48.5,129.25714285714284,259.9451487187794
17801,0.5610011409850951,MEDIUM,3,770.0300000000001,360,240,120.0,120.0,256.6766666666667,431.9877085927528
17802,0.1551861274455357,LOW,9,4293.6,89,546,68.0,55.5,477.0666666666667,666.3071568001521
17804,0.6951188450136494,MEDIUM,3,383.78,285,362,181.0,181.0,127.92666666666666,266.77271033933835
17807,0.6717806748093276,MEDIUM,3,437.87,304,309,154.5,154.5,145.95666666666668,294.15260407876025
17808,0.8903656286532248,HIGH,4,262.64,457,32,10.0,8.0,65.66,233.84562870948295
17809,0.1187400881274781,LOW,16,7530.69,38,608,40.13333333333333,43.0,470.668125,894.194794260718
17810,0.8785657661062034,HIGH,2,373.16,577,15,15.0,15.0,186.58,327.84560128019086
17811,0.0634563730069079,LOW,32,6592.29,1,353,10.806451612903226,7.0,206.0090625,418.3228132097089
17812,0.7397471648962609,HIGH,4,405.48,277,162,53.333333333333336,50.0,101.37,299.95268042213587
17814,0.5886250217584105,MEDIUM,2,1609.37,284,47,47.0,47.0,804.685,947.315451267333
17816,0.1738220156982724,LOW,4,80.86,178,454,151.33333333333334,96.0,20.215,14.055248189362306
17817,0.5965343437244114,MEDIUM,5,670.1700000000001,186,145,36.0,21.5,134.03400000000002,399.77942113378884
17819,0.1798510503491958,LOW,11,5784.649999999999,91,543,53.9,60.5,525.8772727272726,1040.3753784024752
17822,0.6847438442840641,MEDIUM,5,2162.9300000000003,329,140,35.0,0.0,432.58600000000007,1481.053003117331
17823,0.6745400137511524,MEDIUM,2,449.25,330,0,0.0,0.0,224.625,303.0371011777052
17825,0.9011891182447512,HIGH,4,701.9599999999999,507,126,42.0,0.0,175.48999999999998,632.5987134430856
17827,0.4244487274881717,MEDIUM,5,1969.31,151,379,94.5,61.0,393.86199999999997,835.8711235297313
17828,0.2770474319793895,LOW,3,1076.6600000000003,18,75,37.5,37.5,358.88666666666677,298.2858881149296
17829,0.4766171641369356,MEDIUM,5,4756.74,207,356,88.75,81.0,951.348,2267.143929336727
17830,0.6486377190034917,MEDIUM,2,287.65,170,27,27.0,27.0,143.825,186.58063987135435
17834,0.758535008075291,HIGH,2,689.6700000000001,323,30,30.0,30.0,344.83500000000004,523.1388390192859
17837,0.6105749022173848,MEDIUM,3,376.51,57,15,7.5,7.5,125.50333333333333,229.88755643386753
17838,0.4011029848255354,MEDIUM,11,4538.84,201,338,33.3,23.0,412.6218181818182,1820.5422716455332
17841,0.055256950019134,LOW,168,51353.0,0,645,3.407185628742515,3.0,305.67261904761904,2837.610154332588
17843,0.7759505765336209,HIGH,2,320.4,212,108,108.0,108.0,160.2,248.61456472137212
17845,0.9199342428410108,HIGH,4,596.09,464,21,7.0,0.0,149.0225,548.3636028150981
17847,0.9032913870342212,HIGH,2,129.69,424,129,129.0,129.0,64.845,117.14785998446814
17848,0.0665657665247198,LOW,29,3479.51,37,605,21.071428571428573,14.0,119.98310344827587,231.61625028042778
17849,0.6144595711084124,MEDIUM,8,1063.76,127,416,59.285714285714285,45.0,132.97,653.6375133622848
17850,0.8295508263130236,HIGH,155,51208.87000000001,281,362,2.25974025974026,0.0,330.379806451613,42480.36042305621
17851,0.6897010643627861,MEDIUM,6,1552.35,331,313,62.2,26.0,258.72499999999997,1070.657447263571
17852,0.625937538635695,MEDIUM,3,543.47,297,342,171.0,171.0,181.15666666666667,340.1782741223412
17853,0.6585605664165086,MEDIUM,3,1596.2900000000002,316,329,164.0,164.0,532.0966666666667,1051.2536465650087
17854,0.4159355215994461,MEDIUM,6,1068.5,94,546,108.8,51.0,178.08333333333334,444.42710482900816
17856,0.5157158294484873,MEDIUM,3,1142.63,142,48,23.5,23.5,380.8766666666667,589.272378202725
17857,0.1027103483604952,LOW,15,14722.52,7,542,38.21428571428572,15.5,981.5013333333334,1512.1551579443578
17858,0.0609501863842322,LOW,27,11019.240000000002,25,616,23.307692307692307,13.5,408.12000000000006,671.6247318125869
17860,0.6466098712880944,MEDIUM,4,717.3900000000001,277,359,119.33333333333331,59.0,179.34750000000003,463.8714555633661
17861,0.1368797805148554,LOW,15,4289.9,45,593,41.92857142857143,40.0,285.9933333333333,587.2005704306781
17862,0.6313557136725284,MEDIUM,4,1254.89,232,239,79.66666666666667,62.0,313.7225,792.2819715305193
17863,0.1499398155853384,LOW,10,3985.76,54,507,55.888888888888886,56.0,398.576,597.6241193674184
17864,0.5823900306953345,MEDIUM,3,522.57,184,151,75.5,75.5,174.19000000000003,304.33955834046094
17865,0.059647113848081,LOW,38,22803.21,16,631,16.72972972972973,11.0,600.0844736842105,1360.1456629716993
17866,0.678959821114161,MEDIUM,3,1134.9499999999998,51,582,290.5,290.5,378.3166666666666,770.5854489735169
17867,0.2876720428713424,LOW,13,1381.66,52,593,49.083333333333336,52.5,106.28153846153847,397.464954753619
17869,0.4100056752455269,MEDIUM,7,813.64,16,440,73.0,89.0,116.23428571428572,333.5970176067705
17870,0.2232337567608687,LOW,8,1632.7699999999998,0,289,41.0,11.0,204.09624999999997,364.48938102644354
17871,0.4140277577507412,MEDIUM,5,1068.9499999999998,113,488,121.75,140.5,213.78999999999996,442.5749716476547
17873,0.10695230982439,LOW,17,5993.290000000001,93,538,33.375,38.0,352.54647058823537,640.9962089474184
17874,0.5251150483433935,MEDIUM,6,683.4600000000002,94,70,13.8,0.0,113.91000000000003,358.8951309407758
17876,0.5571211188985837,MEDIUM,3,3424.02,308,275,137.5,137.5,1141.34,1907.5938535311286
17878,0.6490907430873848,MEDIUM,2,999.48,304,0,0.0,0.0,499.74,648.7532159009794
17880,0.6539796975335889,MEDIUM,3,824.9200000000002,273,365,182.0,182.0,274.9733333333334,539.4809320894083
17882,0.8190496543060768,HIGH,2,291.56,288,0,0.0,0.0,145.78,238.80211720947975
17883,0.6742784683169056,MEDIUM,4,443.43,155,405,135.0,112.0,110.8575,298.9953012057655
17884,0.4471225361742826,MEDIUM,19,2593.94,220,423,23.05555555555556,13.5,136.52315789473684,1159.8090314839187
17886,0.379342474852108,LOW,5,1080.98,119,378,94.0,78.5,216.196,410.0616284656317
17888,0.2338492444844202,LOW,21,1388.44,70,556,27.3,19.0,66.11619047619048,324.6856450119484
17889,0.4988270339611512,MEDIUM,7,746.4200000000001,121,406,67.33333333333333,33.0,106.63142857142859,372.3344746892825
17890,0.7040087555977071,HIGH,2,586.8900000000001,231,38,38.0,38.0,293.44500000000005,413.17569857273844
17894,0.1119387074662787,LOW,17,2181.5200000000004,5,373,22.75,6.5,128.32470588235296,244.19652911183636
17897,0.3443741738529335,LOW,9,2099.89,81,403,50.0,16.5,233.3211111111111,723.1478839320365
17898,0.5480268973850209,MEDIUM,3,246.96,116,359,179.5,179.5,82.32000000000001,135.34072257820475
17900,0.8595942202353556,HIGH,2,112.2,99,0,0.0,0.0,56.1,96.4464715104069
17901,0.8526402015810725,HIGH,2,149.7,430,0,0.0,0.0,74.85,127.64023817668654
17905,0.2721617105527897,LOW,12,1997.62,65,523,47.09090909090909,28.0,166.46833333333333,543.6756762344637
17908,0.6207723454986178,MEDIUM,5,1142.4699999999998,282,351,87.5,85.0,228.49399999999997,709.2137815618057
17912,0.8623401138579113,HIGH,6,374.55,219,65,12.6,4.0,62.425000000000004,322.9894896454807
17913,0.3415038005967079,LOW,13,3238.69,264,380,31.33333333333333,30.5,249.13,1106.0249439545519
17916,0.9467590020890242,HIGH,2,43.870000000000005,537,104,104.0,104.0,21.935000000000002,41.5343174216455
17917,0.547149067371278,MEDIUM,2,226.71,165,106,106.0,106.0,113.355,124.04416506374244
17918,0.835823547177923,HIGH,3,396.39,409,4,2.0,2.0,132.13,331.31209586585686
17920,0.0599997581261437,LOW,46,21791.08,14,628,13.511111111111113,5.0,473.71913043478264,1307.4595293074476
17921,0.2266803207871818,LOW,9,2169.6,57,363,44.875,25.5,241.06666666666666,491.8056239798696
17923,0.5674950773470021,MEDIUM,3,497.0,191,262,130.5,130.5,165.66666666666666,282.04505344146
17924,0.6231528086382034,MEDIUM,3,797.4000000000001,210,112,56.0,56.0,265.8,496.9020496081035
17926,0.4325915574630232,MEDIUM,5,1035.4900000000002,42,446,111.0,92.0,207.09800000000004,447.944231837386
17928,0.6053213858496198,MEDIUM,2,206.96,155,325,325.0,325.0,103.48,125.27731401543733
17929,0.1380884688463234,LOW,11,2946.1,21,617,61.4,58.0,267.8272727272727,406.82243806815336
17930,0.1464069514017518,LOW,10,3228.880000000001,71,483,53.22222222222222,57.0,322.8880000000001,472.7304772420885
17931,0.1400233179456217,LOW,14,3402.24,43,527,40.07692307692308,18.0,243.01714285714283,476.39293324731193
17932,0.4268918666609398,MEDIUM,2,934.51,82,37,37.0,37.0,467.255,398.9347183133149
17935,0.4328368226647216,MEDIUM,7,686.1400000000001,47,596,99.0,64.5,98.02000000000001,296.9866575031721
17937,0.1657403004610524,LOW,5,3614.52,23,247,61.75,51.5,722.904,599.0716308224831
17940,0.1032590260927262,LOW,15,30114.79,17,628,44.42857142857143,31.0,2007.6526666666666,3109.6238863869703
17941,0.6030229805810795,MEDIUM,4,1433.2800000000002,39,571,190.0,68.0,358.32000000000005,864.3007776072498
17945,0.874431988695942,HIGH,3,360.35,605,0,0.0,0.0,120.11666666666667,315.1015671265827
17946,0.8396365103635178,HIGH,2,149.58,142,26,26.0,26.0,74.79,125.592829220175
17949,0.055256950019134,LOW,106,107012.80000000002,2,644,5.819047619047619,2.0,1009.5547169811323,5913.200941007583
17950,0.6085985261991712,MEDIUM,6,947.26,274,338,67.4,54.0,157.87666666666667,576.5010399274269
17951,0.6097036990032633,MEDIUM,3,741.5400000000002,267,45,22.5,22.5,247.18000000000006,452.11968095887994
17952,0.7217729804745061,HIGH,4,788.46,287,163,54.333333333333336,0.0,197.115,569.0891241849291
17954,0.0822896962938674,LOW,17,3375.46,32,607,37.5,35.0,198.5564705882353,277.76557825209767
17955,0.5890421778357473,MEDIUM,6,949.9,107,466,93.0,9.0,158.31666666666666,559.5311647261764
17958,0.9539340496212472,HIGH,2,973.88,25,611,611.0,611.0,486.94,929.0172922451402
17960,0.8164349244861744,HIGH,3,135.07999999999998,80,470,234.5,234.5,45.026666666666664,110.28402959959243
17961,0.0838448469756076,LOW,92,2749.92,32,614,6.318681318681318,5.0,29.890434782608697,230.56662159516284
17962,0.6028365025047596,MEDIUM,4,666.96,51,552,184.0,146.0,166.74,402.0678337105745
17963,0.8713883581393551,HIGH,4,643.1600000000002,380,217,72.0,41.0,160.79000000000005,560.4421364209078
17965,0.0518551735481392,LOW,27,6658.87,0,633,23.884615384615383,19.0,246.6248148148148,345.29685948449765
17966,0.2385189298649726,LOW,9,1459.9199999999998,60,539,67.125,32.0,162.2133333333333,348.2185560884708
17967,0.687001227004867,MEDIUM,2,223.42,280,44,44.0,44.0,111.71,153.48981413742737
17968,0.6684190240884829,MEDIUM,4,590.4399999999999,282,138,46.0,15.0,147.60999999999999,394.6613285828038
17969,0.142583374212732,LOW,20,2354.29,75,566,29.31578947368421,13.0,117.7145,335.68261207529287
17974,0.4561979236158938,MEDIUM,4,1199.1700000000003,128,187,62.0,13.0,299.7925000000001,547.0588640624715
17975,0.0664960785050042,LOW,22,6163.52,23,375,17.285714285714285,14.0,280.16,409.84990978716354
17978,0.5979986260978929,MEDIUM,4,1159.99,274,366,121.66666666666669,56.0,289.9975,693.6724262872948
17979,0.4607093452865405,MEDIUM,3,494.54,77,90,45.0,45.0,164.84666666666666,227.83919961800575
17980,0.4192670499430007,MEDIUM,4,1012.72,74,227,75.33333333333333,38.0,253.18,424.60012681827567
17984,0.5783558576225124,MEDIUM,5,1152.19,54,593,147.75,170.5,230.43800000000002,666.3758355940826
17987,0.404093796073667,MEDIUM,5,965.44,94,365,91.0,81.5,193.08800000000002,390.1283144813611
17988,0.2940555116657292,LOW,12,434.42,26,615,55.54545454545455,8.0,36.20166666666667,127.74359537782608
17990,0.5070827766723017,MEDIUM,6,1527.61,145,495,98.6,116.0,254.60166666666666,774.6247204723747
17991,0.6702299400749845,MEDIUM,3,300.29999999999995,134,366,182.5,182.5,100.09999999999998,201.27005100451782
17994,0.2585591874709337,LOW,11,2270.03,30,499,49.5,38.5,206.36636363636364,586.9371123346436
17995,0.5985487284120137,MEDIUM,3,495.48,190,105,52.0,52.0,165.16,296.56892395358454
17996,0.5291834369258049,MEDIUM,3,482.33,288,166,83.0,83.0,160.77666666666667,255.2410471324235
17997,0.1790322671862392,LOW,6,1711.75,1,71,13.6,7.0,285.2916666666667,306.45848335604495
17998,0.6287891362470737,MEDIUM,3,639.24,289,358,178.5,178.5,213.08,401.94716745457936
17999,0.5821835163006205,MEDIUM,2,338.41,275,12,12.0,12.0,169.205,197.016723751293
18001,0.4689294063109334,MEDIUM,4,509.0100000000001,358,287,95.33333333333331,96.0,127.25250000000003,238.68975710632824
18002,0.6543118912197562,MEDIUM,4,244.37,284,355,118.0,112.0,61.0925,159.8941968573718
18006,0.625937538635695,MEDIUM,3,524.8299999999999,290,340,170.0,170.0,174.9433333333333,328.51079840217176
18008,0.1168336921686592,LOW,21,19708.300000000003,112,499,24.45,19.0,938.4904761904763,2302.5934553675866
18009,0.4161380577406011,MEDIUM,8,2144.23,144,417,59.142857142857146,25.0,268.02875,892.295707549129
18011,0.7239478792227257,HIGH,2,410.7900000000001,282,194,194.0,194.0,205.39500000000004,297.39054930590356
18013,0.8595942202353556,HIGH,2,187.29,64,0,0.0,0.0,93.645,160.99340150787975
18016,0.3878167287573761,LOW,5,959.76,95,494,123.0,88.0,191.952,372.2109835921793
18017,0.479926472758408,MEDIUM,3,509.0,78,262,130.5,130.5,169.66666666666666,244.28257463402966
18018,0.4291314755483016,MEDIUM,4,297.99,17,312,103.66666666666669,91.0,74.4975,127.8768883986384
18021,0.7905378110511384,HIGH,2,216.41,418,2,2.0,2.0,108.205,171.08028768957686
18022,0.6618645650545362,MEDIUM,4,894.53,294,160,53.0,20.0,223.6325,592.0577093782342
18024,0.6495148765398314,MEDIUM,2,389.78,61,0,0.0,0.0,194.89,253.16790857769547
18025,0.6357794133801177,MEDIUM,6,1177.7199999999998,288,239,47.4,14.0,196.28666666666663,748.7701307260321
18026,0.8951822567529013,HIGH,2,2074.07,409,4,4.0,4.0,1037.035,1856.6706632634903
18035,0.6557640297663498,MEDIUM,2,546.3399999999999,294,0,0.0,0.0,273.16999999999996,358.27012002254753
18036,0.1477126954665993,LOW,10,1396.06,14,616,68.11111111111111,46.0,139.606,206.2157856331006
18037,0.8050939711494334,HIGH,15,167.41999999999996,63,583,41.21428571428572,35.0,11.16133333333333,134.7888326498381
18039,0.6398944281888458,MEDIUM,4,548.22,283,266,88.33333333333333,68.0,137.055,350.80292342168906
18041,0.0661083524726568,LOW,33,6919.51,12,591,17.96875,14.0,209.68212121212122,457.43740601807343
18043,0.5574419764518675,MEDIUM,2,421.59,115,160,160.0,160.0,210.795,235.01196285234283
18044,0.1252007550785538,LOW,15,2522.54,75,393,27.5,22.0,168.16933333333333,315.8239127158551
18047,0.8190496543060768,HIGH,2,326.09,290,0,0.0,0.0,163.045,267.0839017726686
18048,0.6180215376239463,MEDIUM,3,394.93,112,290,145.0,145.0,131.64333333333335,244.07524585382512
18049,0.7772859012222885,HIGH,2,500.92,346,153,153.0,153.0,250.46,389.35805364026874
18050,0.7354405763957639,HIGH,2,412.06,268,33,33.0,33.0,206.03,303.04564390963844
18051,0.8363755263699812,HIGH,7,2282.28,543,96,15.5,15.0,326.04,1908.843136323681
18053,0.5824959119221653,MEDIUM,2,271.05,434,1,1.0,1.0,135.525,157.88551692650293
18055,0.1101244027445677,LOW,11,7054.16,37,284,27.9,15.5,641.2872727272727,776.8351568646196
18056,0.6880842607104098,MEDIUM,2,554.6,197,330,330.0,330.0,277.3,381.6115309899933
18057,0.6462734657970912,MEDIUM,3,1188.46,302,297,148.5,148.5,396.15333333333336,768.0701631612111
18058,0.8770337537076031,HIGH,2,603.9000000000001,450,126,126.0,126.0,301.95000000000005,529.6406838640215
18060,0.6620478887884236,MEDIUM,2,1185.46,317,156,156.0,156.0,592.73,784.8312902431246
18061,0.0533244052984567,LOW,26,5757.910000000001,16,627,24.6,23.0,221.45807692307696,307.0371265120369
18062,0.5413483789291843,MEDIUM,6,1632.67,82,424,84.2,48.0,272.1116666666667,883.8432578263114
18063,0.7887442246329917,HIGH,2,186.6,299,242,242.0,242.0,93.3,147.17967231651625
18064,0.2101386116235958,LOW,11,4481.83,42,543,53.9,35.5,407.4390909090909,941.8055337329803
18065,0.10695230982439,LOW,23,4885.950000000001,92,546,24.63636363636364,19.5,212.4326086956522,522.5636381864783
18066,0.7156325395772072,HIGH,2,1122.4,295,28,28.0,28.0,561.2,803.2259624214574
18069,0.2100854748002934,LOW,9,3434.0,89,468,58.125,54.5,381.55555555555554,721.4335204642076
18071,0.519314330648523,MEDIUM,6,1169.68,166,477,95.2,106.0,194.9466666666667,607.4315862729644
18073,0.3492538142329626,LOW,12,3859.82,23,82,7.181818181818182,9.0,321.6516666666667,1348.0568572526738
18074,0.6476798343864758,MEDIUM,2,1019.4400000000002,282,131,131.0,131.0,509.7200000000001,660.270730366949
18075,0.060160881354203,LOW,18,5129.29,15,392,22.529411764705884,14.0,284.9605555555556,308.58260712129993
18077,0.1026699037888735,LOW,14,3116.7200000000003,12,629,47.84615384615385,36.0,222.62285714285716,319.9933425368578
18078,0.6166300000604394,MEDIUM,4,725.5300000000001,126,410,136.33333333333334,165.0,181.38250000000002,447.3835639438507
18079,0.4611193186158954,MEDIUM,3,2796.96,35,364,181.5,181.5,932.32,1289.7322893959147
18081,0.2206150840155657,LOW,2,208.05,21,21,21.0,21.0,104.025,45.898968229438445
18084,0.5129559820698799,MEDIUM,2,704.7500000000001,292,5,5.0,5.0,352.37500000000006,361.50572836374795
18085,0.6679803686684813,MEDIUM,4,1341.8500000000004,239,298,99.0,43.0,335.4625000000001,896.3294576978019
18087,0.1070438464367421,LOW,17,14761.52,7,640,39.5625,25.0,868.324705882353,1580.1298800528973
18092,0.1143922300545623,LOW,15,11476.94,28,616,43.42857142857143,38.5,765.1293333333334,1312.8727608024083
18093,0.2340193221759204,LOW,8,4452.710000000001,2,525,74.57142857142857,27.0,556.5887500000001,1042.0201760459427
18094,0.1791859439282893,LOW,11,5776.52,45,565,56.1,36.0,525.1381818181818,1035.0711888206417
18095,0.6503460918225443,MEDIUM,5,2303.09,221,286,71.25,57.0,460.61800000000005,1497.8055806155837
18096,0.6965196238733714,MEDIUM,3,808.81,351,70,35.0,35.0,269.6033333333333,563.3520369850215
18097,0.1685200756828959,LOW,10,3951.72,35,595,65.77777777777777,35.0,395.17199999999997,665.9441534776133
18101,0.5803689915376398,MEDIUM,4,509.8400000000001,52,530,176.33333333333334,230.0,127.46000000000002,295.8953266455503
18102,0.055256950019134,LOW,112,456780.49,7,640,5.4774774774774775,0.0,4078.397232142857,25240.296705645538
18106,0.6184630853360944,MEDIUM,6,1441.06,238,364,72.6,44.0,240.17666666666665,891.2424137544322
18108,0.6205660152414088,MEDIUM,3,848.8100000000002,163,483,241.0,241.0,282.9366666666667,526.7426393970603
18109,0.0712409680183461,LOW,30,6377.66,0,435,14.413793103448276,9.0,212.58866666666665,454.3506720918852
18112,0.5868433397544669,MEDIUM,3,617.3100000000001,75,385,192.5,192.5,205.77,362.26426206383
18116,0.4060786627788454,MEDIUM,12,1970.9300000000003,143,177,15.636363636363637,11.0,164.2441666666667,800.35261883071
18118,0.0611047865200677,LOW,22,4818.88,0,289,13.285714285714286,9.0,219.04,294.45663366582386
18121,0.3195639482724765,LOW,2,653.3000000000001,58,5,5.0,5.0,326.65000000000003,208.7711274064089
18125,0.3972966807996833,LOW,3,933.9,110,114,56.5,56.5,311.3,371.0353701988242
18127,0.5401836127891549,MEDIUM,2,348.65,42,269,269.0,269.0,174.325,188.33501659893886
18134,0.8855583105631472,HIGH,2,445.00000000000006,507,96,96.0,96.0,222.50000000000003,394.0734482006005
18135,0.4641232548008367,MEDIUM,6,677.53,99,444,88.2,75.0,112.92166666666667,314.4574288252109
18136,0.3058004774540176,LOW,4,1447.88,120,239,79.33333333333333,89.0,361.97,442.76239529612303
18137,0.8590127980934154,HIGH,2,145.99,460,0,0.0,0.0,72.995,125.40727839365772
18141,0.6459596237034637,MEDIUM,2,882.4700000000001,310,187,187.0,187.0,441.23500000000007,570.0399891295957
18142,0.4081295519390851,MEDIUM,2,1019.52,66,58,58.0,58.0,509.76,416.09624079293604
18143,0.3084700021433202,LOW,2,1000.16,25,25,25.0,25.0,500.08,308.51935734366316
18144,0.1103342157578793,LOW,16,4169.75,18,613,40.266666666666666,41.0,260.609375,460.0660961564172
18145,0.1570567854591119,LOW,9,3771.97,113,526,65.25,58.5,419.10777777777776,592.4134830482062
18146,0.6600000808701401,MEDIUM,2,160.35,49,79,79.0,79.0,80.175,105.83101296752696
18149,0.3529938552780326,LOW,6,1491.56,124,420,83.6,83.0,248.59333333333333,526.5115147785023
18150,0.4660084226581144,MEDIUM,2,413.28,49,61,61.0,61.0,206.64,192.5919609161455
18151,0.4651057212645844,MEDIUM,6,1879.4400000000005,43,511,101.8,130.0,313.24000000000007,874.1382967735107
18154,0.6612618242560209,MEDIUM,3,533.41,297,102,50.5,50.5,177.8033333333333,352.7236696764041
18155,0.4852920960564071,MEDIUM,2,266.56,79,121,121.0,121.0,133.28,129.35946112479587
18160,0.5894517659550363,MEDIUM,2,684.3699999999999,109,185,185.0,185.0,342.18499999999995,403.40310506664815
18161,0.33310053122566,LOW,4,955.67,49,238,79.0,66.0,238.9175,318.3341846764265
18168,0.1307118888958394,LOW,16,3435.5,85,560,36.86666666666667,35.0,214.71875,449.06069430165627
18170,0.2130419867502703,LOW,8,2553.2,21,588,83.42857142857143,101.0,319.15,543.9388005707901
18171,0.2119263095594168,LOW,8,2200.3100000000004,8,604,85.85714285714286,75.0,275.03875000000005,466.30357818668045
18172,0.0599997581261437,LOW,43,15540.84,8,629,14.61904761904762,8.0,361.4148837209302,932.4466410770991
18173,0.392767360948995,LOW,4,2318.36,108,413,137.33333333333334,40.0,579.59,910.5761389297121
18177,0.311743229805027,LOW,8,1912.72,66,566,80.28571428571429,46.0,239.09,596.2775105126713
18178,0.1976179012598023,LOW,11,6103.74,37,530,52.5,50.0,554.8854545454545,1206.2082886355056
18179,0.3954592465685271,LOW,6,1857.54,161,410,81.8,71.0,309.59,734.5813688709018
18180,0.2616379326039709,LOW,2,601.8499999999999,45,5,5.0,5.0,300.92499999999995,157.46678973769986
18181,0.61655584569486,MEDIUM,4,821.49,309,335,111.33333333333331,161.0,205.3725,506.49446167987054
18183,0.6123236143536911,MEDIUM,2,632.0700000000002,136,47,47.0,47.0,316.0350000000001,387.0313869245376
18188,0.5122613867254074,MEDIUM,4,1706.15,199,333,110.33333333333331,140.0,426.5375,873.994764961554
18189,0.5896307554844772,MEDIUM,2,946.59,176,357,357.0,357.0,473.295,558.1385768340513
18190,0.4459300973976089,MEDIUM,5,745.6200000000001,101,525,131.0,106.5,149.12400000000002,332.4943992216052
18191,0.6111259184474721,MEDIUM,2,529.4000000000001,170,215,215.0,215.0,264.70000000000005,323.5300612260918
18193,0.5232323580504242,MEDIUM,3,1207.35,74,277,138.0,138.0,402.45,631.7245874921797
18194,0.4280157985259662,MEDIUM,5,3188.2000000000003,347,241,59.75,54.5,637.6400000000001,1364.5999688604857
18196,0.6983999894947285,MEDIUM,4,1457.19,4,537,179.0,181.0,364.2975,1017.7014806918235
18198,0.0594748820522023,LOW,14,4427.389999999999,9,235,17.615384615384617,15.0,316.2421428571428,263.3184980490999
18202,0.307659297968069,LOW,3,1396.9900000000002,108,111,55.5,55.5,465.6633333333334,429.7969626684128
18203,0.4990971449806573,MEDIUM,4,492.52,66,573,190.66666666666663,180.0,123.13,245.81532584587333
18204,0.2233826583720042,LOW,2,1358.87,18,82,82.0,82.0,679.435,303.5479929819653
18210,0.6678374393120332,MEDIUM,2,289.85,176,115,115.0,115.0,144.925,193.57268178459285
18211,0.4612172432749508,MEDIUM,2,268.7,45,142,142.0,142.0,134.35,123.92907326797928
18212,0.6963533111689799,MEDIUM,2,514.37,235,351,351.0,351.0,257.185,358.1832526659882
18214,0.926843159948064,HIGH,4,1780.3399999999997,439,23,7.0,4.0,445.0849999999999,1650.095951381936
18215,0.5789362568113721,MEDIUM,4,1933.1500000000003,346,186,61.66666666666666,48.0,483.2875000000001,1119.1706248549042
18217,0.7464189759398367,HIGH,2,323.29,422,12,12.0,12.0,161.645,241.30979073158983
18218,0.5695827370988902,MEDIUM,4,1121.8399999999997,120,448,149.0,70.0,280.4599999999999,638.9806977870188
18219,0.1402633841499023,LOW,15,2650.06,58,583,41.35714285714285,44.5,176.67066666666668,371.7063838002901
18220,0.3566435559989014,LOW,6,1921.76,135,497,99.0,85.0,320.29333333333335,685.3833201764488
18221,0.3173857763920399,LOW,4,1090.1899999999998,24,274,90.66666666666669,68.0,272.54749999999996,346.01079956483795
18223,0.0536473099771832,LOW,23,11552.65,5,638,28.5,29.0,502.2891304347826,619.7685956079055
18225,0.0613668776697017,LOW,21,10240.62,22,622,30.65,31.0,487.6485714285715,628.4348748019006
18226,0.0736906460531704,LOW,24,10901.86,29,524,22.347826086956523,15.0,454.2441666666667,803.3651065812163
18227,0.6769168665276755,MEDIUM,2,388.75,126,266,266.0,266.0,194.375,263.15143186263384
18229,0.0536473099771832,LOW,22,8085.67,2,642,29.95238095238096,23.0,367.5304545454546,433.7744448632109
18230,0.2615227532459874,LOW,7,3627.22,3,431,71.33333333333333,62.0,518.1742857142857,948.6005610289103
18231,0.1233664653919477,LOW,28,6854.17,101,506,18.22222222222222,11.0,244.7917857142857,845.5747260955262
18232,0.426802717926205,MEDIUM,3,500.62,66,39,19.5,19.5,166.87333333333333,213.66597664821674
18235,0.3304642137922015,LOW,2,749.8000000000002,29,97,97.0,97.0,374.9000000000001,247.78206750139273
18236,0.2552020821662549,LOW,10,1554.3000000000002,38,474,52.22222222222222,46.0,155.43,396.66059631101
18237,0.1870412202729754,LOW,3,725.5500000000001,0,42,20.5,20.5,241.85000000000002,135.7077573690573
18239,0.3868057266769703,LOW,6,1712.2600000000002,127,204,40.2,49.0,285.3766666666667,662.3119735599092
18241,0.1699821945074833,LOW,15,2263.48,8,518,36.642857142857146,9.5,150.89866666666666,384.75129762379834
18242,0.32411939932493,LOW,6,2066.8,105,501,99.8,78.0,344.4666666666667,669.8899745247654
18244,0.786500958150197,HIGH,2,568.64,339,72,72.0,72.0,284.32,447.23590484252804
18245,0.10695230982439,LOW,19,5430.73,58,491,26.88888888888889,19.0,285.8278947368421,580.8291175326094
18246,0.6387122715855779,MEDIUM,2,395.62,142,376,376.0,376.0,197.81,252.68734888468632
18247,0.6759513294159089,MEDIUM,3,839.7300000000001,323,216,107.5,107.5,279.91,567.6166098504212
18248,0.3073327678224068,LOW,2,804.02,31,63,63.0,63.0,402.01,247.10169198457152
18251,0.6645437028350561,MEDIUM,8,21964.14,354,272,38.42857142857143,23.0,2745.5175,14596.13092518757
18252,0.3878167287573761,LOW,6,1085.32,80,549,109.4,74.0,180.88666666666666,420.9052520549554
18257,0.1710245102116397,LOW,9,3825.39,23,544,67.5,57.0,425.0433333333333,654.2354511185043
18258,0.8145972916470273,HIGH,6,2059.67,373,108,21.4,26.0,343.27833333333336,1677.801603686633
18259,0.5210478146922863,MEDIUM,5,1979.6,275,365,90.75,35.0,395.91999999999996,1031.46625396485
18260,0.0963514115774049,LOW,23,9947.26,81,551,24.59090909090909,17.0,432.4895652173913,958.4325423274566
18262,0.6197836952807348,MEDIUM,3,577.54,49,462,231.0,231.0,192.51333333333332,357.9498753724356
18263,0.4243831335383436,MEDIUM,2,811.4,64,96,96.0,96.0,405.7,344.344474553012
18268,0.4297815465416279,MEDIUM,6,1490.23,43,594,118.6,33.0,248.37166666666667,640.4733541027302
18270,0.6651232718919786,MEDIUM,2,273.35,175,166,166.0,166.0,136.675,181.81144637167236
18271,0.8738246163339273,HIGH,2,680.8500000000001,518,121,121.0,121.0,340.42500000000007,594.9434900309545
18272,0.293220135903581,LOW,7,3413.8500000000004,22,531,88.16666666666667,48.5,487.6928571428572,1001.0095609544401
18273,0.5663482944230245,MEDIUM,3,306.0,4,494,247.0,247.0,102.0,173.3025780934455
18275,0.7608789017278358,HIGH,2,741.85,487,152,152.0,152.0,370.925,564.458013246795
18276,0.4698341937779677,MEDIUM,5,1320.66,301,336,83.5,82.5,264.132,620.4912263548109
18277,0.6290123260175051,MEDIUM,4,1069.67,306,97,32.333333333333336,19.0,267.4175,672.8356147711447
18280,0.5960131440403589,MEDIUM,2,488.15,186,116,116.0,116.0,244.075,290.9438162633012
18281,0.9061183308540804,HIGH,2,201.14,89,397,397.0,397.0,100.57,182.25664106798973
18283,0.257820018175881,LOW,16,1706.1999999999998,4,562,37.0,25.0,106.63749999999999,439.89251501168815
18286,0.836591590001186,HIGH,2,1296.43,385,247,247.0,247.0,648.215,1084.5824350252376
18287,0.307179988164445,LOW,5,3110.99,110,369,92.0,94.0,622.198,955.6338713797066
