Customer ID,Frequency,Monetary,First Purchase Date,Last Purchase Date,Customer Lifespan,Recency,Average Purchase Interval,Median Purchase Interval,returned_in_validation,observed_churn
12346.0,12,77556.46,2009-12-14 08:34:00,2011-01-18 10:01:00,400,234,35.90909090909091,7.0,0,1
12347.0,6,3402.3900000000003,2010-10-31 14:20:00,2011-08-02 08:48:00,274,38,54.4,53.0,1,0
12348.0,4,1709.4,2010-09-27 14:59:00,2011-04-05 10:47:00,189,157,63.0,70.0,1,0
12349.0,3,2671.1400000000003,2010-04-29 13:20:00,2010-10-28 08:23:00,181,316,90.0,90.0,1,0
12352.0,7,1905.61,2010-11-12 10:20:00,2011-03-22 16:08:00,130,171,21.5,14.5,1,0
12353.0,2,406.76,2010-10-27 12:44:00,2011-05-19 17:47:00,204,113,204.0,204.0,0,1
12355.0,2,947.6099999999999,2010-05-21 11:59:00,2011-05-09 13:49:00,353,123,353.0,353.0,0,1
12356.0,5,6313.380000000001,2010-10-11 09:42:00,2011-04-08 12:33:00,179,154,44.25,42.5,1,0
12357.0,2,12079.990000000002,2010-11-16 10:05:00,2010-11-16 14:29:00,0,297,0.0,0.0,1,0
12358.0,4,3203.87,2009-12-08 07:59:00,2011-07-12 10:04:00,581,59,193.0,181.0,1,0
12359.0,9,6059.09,2009-12-05 13:32:00,2011-06-03 12:26:00,544,98,67.75,86.0,1,0
12360.0,7,3209.11,2010-02-22 09:32:00,2011-08-19 10:10:00,543,21,90.0,74.5,1,0
12361.0,4,511.24999999999994,2010-01-26 14:37:00,2011-02-25 13:51:00,394,196,131.0,116.0,0,1
12362.0,5,1877.35,2009-12-01 10:10:00,2011-08-11 15:02:00,618,29,154.25,69.5,1,0
12363.0,2,552.0,2011-04-11 13:29:00,2011-08-22 10:18:00,132,18,132.0,132.0,0,1
12365.0,2,641.3799999999999,2011-02-21 13:51:00,2011-02-21 14:04:00,0,200,0.0,0.0,0,1
12369.0,3,1791.1499999999999,2010-03-08 08:09:00,2010-10-22 13:13:00,228,322,113.5,113.5,0,1
12370.0,6,3577.2799999999997,2010-02-09 09:41:00,2011-03-10 12:48:00,394,183,78.6,44.0,1,0
12371.0,3,2179.42,2010-03-04 18:23:00,2010-10-26 13:37:00,235,318,117.5,117.5,1,0
12372.0,2,914.9199999999998,2011-02-16 12:46:00,2011-05-11 10:43:00,83,121,83.0,83.0,1,0
12373.0,3,1127.65,2010-02-04 12:08:00,2011-02-01 13:10:00,362,220,180.5,180.5,0,1
12374.0,3,2246.29,2010-04-30 14:01:00,2010-10-14 13:31:00,166,330,83.0,83.0,1,0
12376.0,2,503.15000000000003,2010-10-18 08:42:00,2010-11-15 12:15:00,28,298,28.0,28.0,0,1
12377.0,4,3426.3199999999997,2010-04-29 15:34:00,2011-01-28 15:45:00,274,224,91.0,39.0,0,1
12378.0,2,5416.32,2010-05-26 14:07:00,2011-08-02 10:34:00,432,38,432.0,432.0,0,1
12379.0,3,1227.8200000000002,2010-06-23 12:49:00,2011-06-22 16:32:00,364,79,182.0,182.0,1,0
12380.0,8,7559.040000000001,2010-02-15 12:05:00,2011-06-07 09:49:00,476,94,67.85714285714286,16.0,1,0
12383.0,5,1850.5600000000002,2010-12-22 14:28:00,2011-06-08 08:02:00,167,93,41.25,42.5,0,1
12386.0,2,401.9,2010-12-08 09:53:00,2011-01-06 12:37:00,29,246,29.0,29.0,0,1
12388.0,6,2788.79,2010-05-06 12:54:00,2011-07-14 13:28:00,434,57,86.2,118.0,1,0
12389.0,3,1433.33,2010-02-22 10:15:00,2010-11-02 11:52:00,253,311,126.0,126.0,0,1
12391.0,5,2285.1800000000003,2010-02-15 10:12:00,2010-09-01 12:38:00,198,373,49.5,32.5,1,0
12393.0,5,1877.95,2010-10-07 13:49:00,2011-04-08 09:45:00,182,154,45.25,47.5,1,0
12395.0,11,3602.11,2010-04-16 10:16:00,2011-08-19 15:18:00,490,21,48.6,46.0,1,0
12399.0,7,1962.3000000000004,2010-03-05 08:45:00,2011-08-12 13:15:00,525,28,87.33333333333333,94.0,0,1
12402.0,6,1256.9000000000003,2010-02-07 12:41:00,2011-01-20 13:49:00,347,232,69.0,69.0,0,1
12406.0,4,4596.3099999999995,2010-01-11 14:04:00,2011-06-09 10:23:00,513,92,170.66666666666666,196.0,1,0
12407.0,4,1407.36,2011-03-20 13:21:00,2011-07-28 16:28:00,130,43,42.666666666666664,28.0,1,0
12408.0,7,3586.2700000000004,2010-07-29 13:27:00,2011-09-02 10:27:00,399,7,66.16666666666667,70.5,1,0
12409.0,5,18553.7,2010-05-23 15:21:00,2011-06-10 12:19:00,382,91,95.25,64.0,1,0
12410.0,3,1013.71,2010-07-25 13:26:00,2011-02-04 10:39:00,193,217,96.5,96.5,0,1
12412.0,5,2260.790000000001,2010-06-18 13:22:00,2011-07-25 11:17:00,401,46,100.0,68.5,1,0
12413.0,3,805.25,2010-11-02 13:26:00,2011-04-17 15:33:00,166,145,82.5,82.5,1,0
12414.0,6,952.4100000000001,2010-09-02 12:22:00,2011-05-06 14:51:00,246,126,49.0,10.0,0,1
12415.0,22,121631.72,2010-06-30 08:30:00,2011-09-01 13:51:00,428,8,19.952380952380953,16.0,1,0
12417.0,18,5964.83,2009-12-06 10:30:00,2011-08-25 10:26:00,626,15,36.411764705882355,37.0,1,0
12418.0,4,2021.2,2010-03-19 14:47:00,2011-08-19 11:08:00,517,21,172.0,162.0,0,1
12419.0,2,503.01,2010-10-22 10:40:00,2010-11-19 10:04:00,27,294,27.0,27.0,0,1
12421.0,5,920.12,2010-07-22 13:57:00,2011-08-17 10:56:00,390,23,97.25,93.0,1,0
12422.0,17,5231.800000000001,2009-12-18 12:44:00,2011-09-05 09:48:00,625,4,38.5,25.5,0,1
12423.0,9,2413.75,2010-08-31 09:31:00,2011-08-31 08:55:00,364,9,45.0,39.0,0,1
12424.0,4,3340.0299999999997,2010-06-09 15:15:00,2011-06-30 12:06:00,385,71,128.33333333333334,125.0,0,1
12426.0,2,1345.21,2010-02-15 08:41:00,2011-05-29 12:26:00,468,103,468.0,468.0,0,1
12428.0,8,7548.120000000001,2011-03-01 09:33:00,2011-08-11 12:58:00,163,29,23.0,11.0,1,0
12429.0,7,5298.889999999999,2010-06-11 13:28:00,2011-06-20 12:14:00,373,81,62.0,65.0,1,0
12431.0,23,8819.34,2010-01-15 09:04:00,2011-08-12 14:19:00,574,28,25.727272727272727,16.5,1,0
12432.0,3,4016.6600000000003,2011-06-20 13:27:00,2011-06-22 13:12:00,1,79,0.5,0.5,1,0
12433.0,6,9813.5,2010-08-20 09:23:00,2011-09-09 13:44:00,385,0,76.6,27.0,1,0
12434.0,2,583.54,2010-11-23 13:38:00,2011-03-24 13:05:00,120,169,120.0,120.0,1,0
12435.0,5,10075.030000000002,2009-12-02 13:58:00,2011-03-17 07:40:00,469,176,117.0,114.0,1,0
12437.0,32,10543.400000000001,2009-12-02 16:24:00,2011-09-02 13:15:00,638,7,20.096774193548388,20.0,1,0
12439.0,2,1142.88,2009-12-14 08:40:00,2010-01-26 12:11:00,43,591,43.0,43.0,0,1
12440.0,2,859.1999999999999,2009-12-22 12:03:00,2010-09-03 13:11:00,255,371,255.0,255.0,0,1
12444.0,2,2627.2699999999995,2011-06-21 14:00:00,2011-08-10 08:41:00,49,30,49.0,49.0,1,0
12449.0,5,3493.18,2010-09-27 09:37:00,2011-09-09 09:13:00,346,0,86.25,47.0,1,0
12450.0,5,688.2,2010-08-22 13:11:00,2011-07-06 14:41:00,318,65,79.0,37.0,0,1
12451.0,5,8942.18,2010-06-28 12:58:00,2011-05-05 17:34:00,311,127,77.5,86.0,1,0
12454.0,4,13151.439999999999,2010-10-14 17:33:00,2010-11-09 10:09:00,25,304,7.666666666666667,3.0,1,0
12455.0,9,5589.45,2009-12-18 12:33:00,2011-08-04 11:07:00,593,36,73.625,71.5,1,0
12456.0,2,2265.4,2011-03-30 09:12:00,2011-07-31 15:25:00,123,40,123.0,123.0,1,0
12457.0,4,1699.9299999999996,2010-09-30 17:59:00,2011-04-20 10:10:00,201,142,66.66666666666667,4.0,1,0
12458.0,3,1272.01,2010-08-09 10:33:00,2011-02-28 10:55:00,203,193,101.0,101.0,1,0
12461.0,2,826.88,2011-07-08 10:23:00,2011-09-06 16:57:00,60,3,60.0,60.0,0,1
12463.0,3,985.7900000000001,2011-04-12 12:47:00,2011-06-17 14:28:00,66,84,32.5,32.5,1,0
12464.0,6,780.55,2011-02-03 13:30:00,2011-08-25 13:33:00,203,15,40.2,43.0,1,0
12468.0,5,3670.74,2010-01-26 10:09:00,2011-06-05 11:36:00,495,96,123.25,105.5,0,1
12469.0,2,3070.54,2010-06-21 10:30:00,2010-07-05 12:40:00,14,431,14.0,14.0,0,1
12471.0,68,31210.54,2009-12-07 10:41:00,2011-08-24 16:13:00,625,16,9.08955223880597,3.0,1,0
12472.0,17,14604.78,2009-12-14 10:49:00,2011-07-24 11:55:00,587,47,35.9375,37.5,1,0
12473.0,2,1175.75,2011-06-01 10:15:00,2011-08-17 12:04:00,77,23,77.0,77.0,1,0
12474.0,26,9410.72,2010-02-11 09:41:00,2011-09-02 10:53:00,568,7,22.2,15.0,1,0
12476.0,18,10459.16,2010-07-26 09:04:00,2011-07-21 17:39:00,360,50,20.88235294117647,13.0,1,0
12477.0,6,15890.66,2010-03-26 14:01:00,2011-08-31 09:11:00,522,9,104.2,98.0,1,0
12480.0,6,4328.17,2010-07-20 13:21:00,2011-07-19 14:04:00,364,52,72.4,68.0,1,0
12481.0,13,10690.95,2010-04-11 13:10:00,2011-06-13 10:52:00,427,88,35.25,21.0,1,0
12482.0,29,23691.4,2010-02-24 10:24:00,2010-05-12 16:51:00,77,485,2.642857142857143,0.0,0,1
12483.0,17,4236.259999999999,2010-01-31 13:28:00,2011-09-02 11:42:00,578,7,35.6875,26.0,1,0
12484.0,10,5485.43,2010-01-27 16:41:00,2011-08-31 09:44:00,580,9,64.11111111111111,30.0,1,0
12490.0,17,7958.299999999999,2009-12-01 12:52:00,2011-09-07 13:22:00,645,2,39.9375,40.0,1,0
12492.0,2,578.39,2010-11-01 14:58:00,2011-08-26 14:51:00,297,14,297.0,297.0,1,0
12493.0,2,433.74,2011-05-26 14:53:00,2011-06-27 10:17:00,31,74,31.0,31.0,0,1
12494.0,7,1438.03,2010-05-12 13:52:00,2011-07-01 12:17:00,414,70,68.33333333333333,53.5,1,0
12496.0,2,45.339999999999996,2010-03-29 13:57:00,2010-03-29 14:06:00,0,529,0.0,0.0,0,1
12497.0,2,5205.400000000001,2010-03-05 09:39:00,2010-11-04 12:31:00,244,309,244.0,244.0,1,0
12500.0,14,3471.23,2010-02-04 15:05:00,2011-08-25 12:50:00,566,15,43.23076923076923,25.0,1,0
12502.0,5,3723.87,2011-02-03 10:41:00,2011-09-05 11:52:00,214,4,53.25,45.5,0,1
12504.0,2,297.00000000000006,2010-04-22 10:24:00,2010-10-18 15:09:00,179,326,179.0,179.0,1,0
12507.0,4,1844.06,2010-05-04 09:23:00,2011-07-28 17:09:00,450,43,150.0,143.0,0,1
12510.0,9,5178.02,2009-12-04 13:47:00,2011-07-20 10:15:00,592,51,73.5,43.5,0,1
12514.0,2,1597.7600000000002,2010-03-08 12:18:00,2011-03-17 16:38:00,374,176,374.0,374.0,0,1
12516.0,3,1919.76,2010-04-19 14:14:00,2011-06-12 11:37:00,418,89,209.0,209.0,1,0
12517.0,2,1521.45,2011-06-02 15:13:00,2011-08-05 15:02:00,63,35,63.0,63.0,1,0
12520.0,4,2045.8500000000004,2011-03-11 11:35:00,2011-07-20 14:38:00,131,51,43.333333333333336,55.0,1,0
12523.0,19,3580.33,2009-12-07 13:46:00,2011-08-24 10:13:00,624,16,34.111111111111114,28.0,1,0
12524.0,15,9762.869999999999,2010-02-08 14:41:00,2011-06-30 15:30:00,507,71,35.857142857142854,29.5,1,0
12525.0,3,973.7300000000001,2010-03-02 14:01:00,2010-07-29 16:08:00,149,407,74.0,74.0,0,1
12527.0,4,671.72,2010-06-28 15:37:00,2011-02-18 09:41:00,234,203,77.33333333333333,34.0,1,0
12528.0,4,1287.3700000000001,2011-01-31 09:05:00,2011-08-17 12:30:00,198,23,66.0,36.0,1,0
12530.0,8,3318.63,2010-03-07 14:37:00,2011-08-08 10:59:00,518,32,73.57142857142857,78.0,1,0
12533.0,2,1367.89,2009-12-01 11:50:00,2010-03-22 10:56:00,110,536,110.0,110.0,0,1
12535.0,2,716.35,2011-06-06 12:47:00,2011-09-09 08:48:00,94,0,94.0,94.0,0,1
12539.0,6,10164.09,2009-12-23 13:00:00,2011-03-22 16:00:00,454,171,90.4,54.0,1,0
12540.0,27,18101.11,2009-12-07 16:56:00,2011-09-08 13:38:00,639,1,24.076923076923077,21.5,1,0
12541.0,2,536.14,2011-03-04 09:32:00,2011-06-19 15:59:00,107,82,107.0,107.0,1,0
12542.0,2,481.88,2010-03-09 16:26:00,2010-08-12 19:12:00,156,393,156.0,156.0,0,1
12547.0,3,383.5799999999999,2010-07-27 13:55:00,2011-05-26 12:38:00,302,106,150.5,150.5,0,1
12549.0,6,1575.6799999999998,2010-01-11 12:29:00,2010-05-13 12:05:00,121,484,24.0,1.0,0,1
12553.0,9,3336.06,2010-10-12 13:35:00,2011-08-21 14:42:00,313,19,38.625,40.5,1,0
12557.0,7,15106.14,2009-12-17 10:39:00,2011-07-04 13:19:00,564,67,93.5,86.5,1,0
12559.0,2,561.7099999999999,2011-01-24 10:12:00,2011-02-02 09:49:00,8,219,8.0,8.0,0,1
12560.0,2,1436.3100000000002,2011-07-19 15:55:00,2011-08-19 15:22:00,30,21,30.0,30.0,1,0
12562.0,5,2790.41,2010-09-30 13:13:00,2011-08-05 08:40:00,308,35,76.75,49.0,1,0
12567.0,14,10216.18,2010-02-11 10:30:00,2011-09-04 14:22:00,570,5,43.38461538461539,40.0,1,0
12569.0,15,2167.6800000000003,2011-04-01 13:47:00,2011-09-08 15:22:00,160,1,10.928571428571429,9.0,1,0
12573.0,5,717.4100000000002,2010-08-31 17:25:00,2011-04-26 15:52:00,237,136,58.75,40.0,0,1
12575.0,2,622.8199999999999,2010-07-01 09:15:00,2010-09-08 13:09:00,69,366,69.0,69.0,0,1
12576.0,7,1763.4400000000003,2010-07-01 13:46:00,2011-09-05 10:06:00,430,4,71.16666666666667,67.5,1,0
12577.0,6,1186.39,2009-12-03 19:31:00,2010-12-15 16:21:00,376,268,75.2,22.0,1,0
12578.0,3,3456.6000000000004,2010-09-22 11:19:00,2011-01-13 15:34:00,113,239,56.0,56.0,1,0
12580.0,2,1052.9,2010-05-12 11:45:00,2011-04-07 10:24:00,329,155,329.0,329.0,0,1
12582.0,4,1980.4,2010-05-11 09:55:00,2011-04-15 08:45:00,338,147,112.66666666666667,134.0,0,1
12583.0,21,10542.41,2009-12-06 11:57:00,2011-08-25 12:26:00,627,15,30.9,31.0,1,0
12584.0,4,782.5899999999999,2011-03-04 15:15:00,2011-08-04 17:07:00,153,36,50.333333333333336,48.0,1,0
12585.0,2,2040.0999999999997,2010-12-23 12:58:00,2011-04-19 13:39:00,117,143,117.0,117.0,0,1
12586.0,3,1865.73,2009-12-16 13:15:00,2010-11-30 10:47:00,348,283,174.0,174.0,1,0
12588.0,3,743.8800000000001,2010-04-21 12:22:00,2010-11-05 12:53:00,198,308,99.0,99.0,1,0
12589.0,7,4180.48,2010-01-19 12:26:00,2011-07-18 12:05:00,544,53,90.66666666666667,21.0,1,0
12590.0,2,9864.26,2011-05-12 14:46:00,2011-05-12 14:52:00,0,120,0.0,0.0,0,1
12591.0,3,1338.95,2010-10-27 10:42:00,2011-01-26 14:35:00,91,226,45.5,45.5,0,1
12592.0,5,2582.66,2010-07-08 14:06:00,2011-09-08 15:04:00,427,1,106.5,60.5,0,1
12593.0,3,418.0999999999999,2011-05-05 09:29:00,2011-08-23 12:43:00,110,17,55.0,55.0,0,1
12594.0,13,4281.79,2010-03-03 13:51:00,2011-08-10 14:26:00,525,30,43.333333333333336,39.5,1,0
12597.0,2,1428.81,2011-03-16 14:00:00,2011-06-09 16:04:00,85,92,85.0,85.0,1,0
12598.0,7,3095.3900000000003,2010-03-01 09:58:00,2011-07-01 11:43:00,487,70,80.66666666666667,61.0,1,0
12599.0,12,2121.18,2010-05-11 10:42:00,2011-08-05 12:38:00,451,35,40.36363636363637,28.0,1,0
12600.0,19,4304.9400000000005,2009-12-07 13:37:00,2011-08-19 11:23:00,619,21,33.94444444444444,31.0,1,0
12601.0,6,681.26,2010-10-31 10:57:00,2011-06-03 10:17:00,214,98,42.4,49.0,0,1
12605.0,4,1232.95,2010-09-07 14:21:00,2010-11-28 14:18:00,81,285,27.0,35.0,0,1
12609.0,8,3109.74,2009-12-20 13:30:00,2011-06-06 15:31:00,533,95,75.85714285714286,62.0,1,0
12610.0,2,1256.25,2011-08-05 13:52:00,2011-08-25 12:57:00,19,15,19.0,19.0,1,0
12613.0,9,4935.51,2009-12-14 13:10:00,2011-05-26 09:18:00,527,106,65.625,65.5,1,0
12615.0,5,4084.5299999999997,2010-03-18 14:09:00,2011-06-24 13:35:00,462,77,115.5,108.5,1,0
12616.0,3,1131.1,2010-11-16 11:38:00,2011-09-05 15:17:00,293,4,146.5,146.5,0,1
12619.0,6,2227.6,2010-05-28 12:52:00,2011-08-15 13:22:00,444,25,88.6,32.0,1,0
12621.0,30,20816.57,2010-02-09 12:01:00,2011-08-31 15:30:00,568,9,19.06896551724138,17.0,1,0
12623.0,7,3747.84,2010-01-12 11:45:00,2011-03-08 13:50:00,420,185,69.66666666666667,51.5,0,1
12624.0,2,641.13,2011-06-15 12:34:00,2011-08-25 15:04:00,71,15,71.0,71.0,0,1
12625.0,4,5164.879999999999,2010-04-22 11:33:00,2011-05-12 09:54:00,384,120,127.66666666666667,107.0,0,1
12626.0,6,4774.0,2011-01-17 11:01:00,2011-08-19 11:46:00,214,21,42.2,14.0,1,0
12627.0,5,2727.83,2011-07-22 13:59:00,2011-09-04 14:09:00,44,5,10.5,11.0,1,0
12629.0,2,1558.2199999999998,2010-10-12 16:40:00,2010-11-19 09:18:00,37,294,37.0,37.0,0,1
12631.0,5,2841.07,2010-01-15 14:50:00,2010-09-09 14:50:00,237,365,59.0,70.5,1,0
12632.0,2,804.88,2010-05-24 09:07:00,2010-07-07 09:39:00,44,429,44.0,44.0,0,1
12633.0,6,5462.93,2010-07-02 11:44:00,2011-08-02 09:35:00,395,38,78.6,91.0,1,0
12634.0,2,490.0,2010-06-09 15:41:00,2010-06-22 10:05:00,12,444,12.0,12.0,0,1
12635.0,3,1924.8700000000001,2010-09-09 10:50:00,2011-07-08 08:43:00,301,63,150.5,150.5,1,0
12637.0,11,7939.8099999999995,2010-06-14 13:36:00,2011-09-09 11:48:00,451,0,44.7,48.5,1,0
12639.0,3,1312.37,2010-03-22 09:05:00,2011-04-15 12:48:00,389,147,194.5,194.5,0,1
12643.0,12,8304.82,2010-04-07 14:16:00,2011-08-03 12:56:00,482,37,43.36363636363637,37.0,0,1
12644.0,4,1918.49,2010-01-14 13:02:00,2011-08-02 10:33:00,564,38,188.0,239.0,0,1
12645.0,7,3074.98,2010-02-09 10:49:00,2011-08-22 12:40:00,559,18,92.5,94.0,1,0
12647.0,33,16119.44,2010-01-13 15:06:00,2011-08-05 13:49:00,568,35,17.25,14.5,1,0
12648.0,4,1112.0,2010-01-07 18:38:00,2011-07-08 11:55:00,546,63,182.0,203.0,0,1
12649.0,8,2294.65,2010-01-12 17:24:00,2011-08-24 14:41:00,588,16,83.71428571428571,105.0,0,1
12651.0,4,377.75,2010-08-31 15:21:00,2011-01-09 12:46:00,130,243,43.333333333333336,44.0,0,1
12652.0,2,1017.03,2010-10-01 15:16:00,2011-01-12 15:00:00,102,240,102.0,102.0,0,1
12653.0,3,4160.83,2010-07-01 09:56:00,2011-07-14 10:41:00,378,57,188.5,188.5,0,1
12654.0,3,337.75,2011-02-17 13:16:00,2011-05-26 10:43:00,97,106,48.5,48.5,1,0
12656.0,6,5177.33,2010-05-26 09:00:00,2011-08-15 12:53:00,446,25,88.8,73.0,1,0
12662.0,16,5530.42,2010-04-01 09:50:00,2011-08-24 13:42:00,510,16,33.46666666666667,35.0,1,0
12663.0,2,239.4,2010-02-09 14:28:00,2010-03-25 09:40:00,43,533,43.0,43.0,0,1
12664.0,5,3145.64,2009-12-13 10:28:00,2011-07-19 12:43:00,583,52,145.25,140.5,1,0
12665.0,3,313.6,2010-02-08 15:11:00,2011-01-19 08:34:00,344,233,171.5,171.5,0,1
12668.0,9,10500.35,2010-01-31 15:45:00,2011-03-25 14:53:00,417,168,51.75,46.5,1,0
12669.0,3,2744.03,2011-03-28 10:15:00,2011-07-12 09:54:00,105,59,52.5,52.5,0,1
12670.0,5,2398.71,2010-02-11 10:13:00,2011-09-02 09:51:00,567,7,141.5,127.0,1,0
12672.0,2,437.04999999999995,2010-04-23 09:57:00,2011-01-14 09:20:00,265,238,265.0,265.0,0,1
12673.0,2,840.4000000000002,2010-11-03 10:46:00,2011-01-17 11:46:00,75,235,75.0,75.0,1,0
12674.0,3,1402.0,2011-05-16 09:10:00,2011-09-09 10:51:00,116,0,58.0,58.0,1,0
12675.0,2,957.25,2010-05-10 16:44:00,2010-06-04 09:49:00,24,462,24.0,24.0,0,1
12676.0,9,2509.7499999999995,2010-08-13 13:29:00,2011-08-08 10:01:00,359,32,44.625,54.0,1,0
12677.0,2,395.1,2010-02-11 13:55:00,2010-06-02 14:30:00,111,464,111.0,111.0,0,1
12678.0,18,24934.98,2010-01-07 16:46:00,2011-08-31 11:22:00,600,9,34.8235294117647,31.0,1,0
12679.0,2,906.38,2011-03-01 12:26:00,2011-05-18 12:18:00,77,114,77.0,77.0,1,0
12681.0,38,25913.8,2009-12-13 13:31:00,2011-07-11 11:39:00,574,60,15.08108108108108,13.0,1,0
12682.0,41,18890.32,2009-12-01 09:28:00,2011-08-31 12:18:00,638,9,15.425,13.5,1,0
12683.0,18,9779.32,2009-12-13 15:01:00,2011-09-08 10:35:00,633,1,36.8235294117647,26.0,1,0
12684.0,4,1379.48,2011-05-10 12:55:00,2011-06-22 11:20:00,42,79,14.0,10.0,1,0
12685.0,2,1606.42,2011-09-07 10:28:00,2011-09-08 10:32:00,1,1,1.0,1.0,1,0
12687.0,2,2138.9099999999994,2010-08-16 12:10:00,2010-08-16 12:12:00,0,389,0.0,0.0,0,1
12691.0,5,690.9000000000001,2010-10-15 12:00:00,2011-07-17 14:56:00,275,54,68.5,50.5,1,0
12693.0,7,1703.0200000000002,2010-07-05 13:56:00,2011-08-04 17:51:00,395,36,65.33333333333333,62.5,0,1
12694.0,2,1413.1799999999998,2010-10-14 19:39:00,2011-06-09 17:48:00,237,92,237.0,237.0,1,0
12695.0,5,1158.9199999999998,2010-02-12 13:22:00,2011-08-24 12:58:00,557,16,139.0,88.5,1,0
12696.0,2,851.91,2010-07-19 10:02:00,2010-10-01 10:43:00,74,343,74.0,74.0,0,1
12697.0,2,733.9099999999999,2011-06-23 15:44:00,2011-07-31 14:17:00,37,40,37.0,37.0,1,0
12700.0,2,2149.0499999999997,2011-05-08 16:10:00,2011-07-06 13:14:00,58,65,58.0,58.0,1,0
12701.0,5,1985.7800000000002,2010-03-16 13:23:00,2011-04-11 13:02:00,390,151,97.0,50.0,1,0
12703.0,3,722.9799999999999,2010-01-24 12:05:00,2010-03-16 13:22:00,51,542,25.0,25.0,1,0
12704.0,3,1100.92,2011-06-23 10:20:00,2011-08-26 08:59:00,63,14,31.0,31.0,1,0
12705.0,9,9056.33,2010-06-24 09:51:00,2011-07-04 14:36:00,375,67,46.625,35.5,1,0
12708.0,15,4436.5199999999995,2009-12-18 10:25:00,2011-08-30 08:15:00,619,10,43.785714285714285,37.0,1,0
12709.0,30,27786.03,2009-12-09 13:49:00,2011-09-04 14:06:00,634,5,21.379310344827587,21.0,1,0
12710.0,3,1149.0200000000002,2011-05-22 14:05:00,2011-09-04 12:00:00,104,5,51.5,51.5,0,1
12711.0,2,1339.0499999999997,2010-02-01 11:30:00,2010-04-07 11:59:00,65,520,65.0,65.0,0,1
12712.0,19,6239.98,2009-12-09 10:46:00,2011-08-25 09:18:00,623,15,34.166666666666664,31.0,1,0
12714.0,11,12774.550000000001,2009-12-04 10:00:00,2011-08-25 09:55:00,628,15,62.3,66.5,1,0
12717.0,3,1308.91,2010-04-28 14:34:00,2011-07-11 14:47:00,439,60,219.0,219.0,0,1
12720.0,22,5695.389999999999,2010-07-21 09:46:00,2011-09-06 13:47:00,412,3,19.238095238095237,19.0,1,0
12721.0,6,3055.8599999999997,2010-08-25 11:07:00,2011-06-09 17:53:00,288,92,57.2,57.0,1,0
12722.0,3,929.6500000000001,2011-07-12 11:55:00,2011-08-17 08:50:00,35,23,17.0,17.0,1,0
12724.0,5,1566.4700000000003,2010-06-22 14:00:00,2011-06-19 13:37:00,361,82,90.0,86.5,1,0
12725.0,4,2266.7599999999998,2010-05-04 13:59:00,2010-12-03 15:45:00,213,280,70.66666666666667,43.0,0,1
12726.0,9,2872.82,2010-03-25 16:25:00,2011-06-08 10:10:00,439,93,54.375,46.5,1,0
12727.0,9,5036.53,2010-02-23 09:54:00,2011-09-05 13:38:00,559,4,69.5,92.5,1,0
12728.0,4,851.15,2010-11-21 11:34:00,2011-03-27 13:07:00,126,166,41.666666666666664,48.0,1,0
12731.0,13,18204.05,2010-03-02 09:23:00,2011-07-18 14:10:00,503,53,41.5,41.5,1,0
12733.0,4,2424.87,2010-01-19 13:23:00,2011-04-19 16:19:00,455,143,151.33333333333334,155.0,0,1
12734.0,3,639.65,2010-11-12 13:26:00,2010-12-22 12:47:00,39,261,19.5,19.5,0,1
12735.0,2,779.57,2011-01-06 14:26:00,2011-01-28 13:37:00,21,224,21.0,21.0,0,1
12737.0,2,3710.5,2010-07-29 12:27:00,2010-07-29 12:29:00,0,407,0.0,0.0,0,1
12739.0,3,2689.2299999999996,2010-11-10 14:27:00,2011-09-01 17:45:00,295,8,147.0,147.0,1,0
12741.0,2,406.07,2010-06-24 16:24:00,2010-06-28 14:36:00,3,438,3.0,3.0,0,1
12743.0,2,540.13,2011-07-28 16:06:00,2011-07-28 16:21:00,0,43,0.0,0.0,0,1
12744.0,9,18249.74,2010-04-27 16:19:00,2011-07-18 11:55:00,446,53,55.5,34.0,1,0
12745.0,3,925.4100000000001,2010-01-26 16:22:00,2010-08-10 10:14:00,195,395,97.5,97.5,0,1
12747.0,23,7471.87,2009-12-07 13:23:00,2011-08-22 10:38:00,622,18,28.0,29.5,1,0
12748.0,259,34359.66,2009-12-04 17:31:00,2011-09-09 13:20:00,643,0,2.108527131782946,1.0,1,0
12749.0,7,5561.71,2010-07-06 15:05:00,2011-08-01 12:50:00,390,39,64.66666666666667,53.5,1,0
12753.0,5,16620.910000000003,2010-12-12 11:44:00,2011-07-27 09:32:00,226,44,56.0,45.5,1,0
12754.0,3,3010.7400000000002,2011-02-04 10:31:00,2011-04-18 09:00:00,72,144,36.0,36.0,0,1
12755.0,11,5236.259999999999,2010-01-15 11:57:00,2011-03-04 12:42:00,413,189,40.9,19.5,0,1
12757.0,7,5281.08,2011-05-12 19:01:00,2011-07-20 12:05:00,68,51,11.0,5.0,1,0
12758.0,7,9903.24,2009-12-01 14:40:00,2011-08-15 10:22:00,621,25,103.16666666666667,100.5,0,1
12759.0,7,4571.82,2009-12-04 10:47:00,2011-06-21 09:26:00,563,80,93.5,93.0,1,0
12761.0,2,782.9499999999999,2010-09-01 10:47:00,2010-09-08 12:17:00,7,366,7.0,7.0,0,1
12763.0,2,494.08000000000004,2010-12-05 15:46:00,2011-07-24 14:12:00,230,47,230.0,230.0,0,1
12765.0,6,1404.58,2010-03-08 09:43:00,2010-08-24 13:51:00,169,381,33.4,31.0,0,1
12766.0,7,6881.55,2010-10-28 09:29:00,2011-07-13 13:37:00,258,58,42.833333333333336,37.0,1,0
12770.0,2,3246.45,2010-09-09 11:43:00,2011-05-13 09:33:00,245,119,245.0,245.0,0,1
12775.0,6,1464.76,2010-10-26 14:24:00,2011-06-03 07:48:00,219,98,43.4,48.0,1,0
12778.0,7,1445.5100000000002,2010-04-16 09:57:00,2011-06-09 15:29:00,419,92,69.5,65.0,1,0
12779.0,13,5492.16,2009-12-03 07:25:00,2011-06-03 10:37:00,547,98,45.083333333333336,41.0,1,0
12782.0,10,4365.990000000001,2010-07-08 13:31:00,2011-07-13 10:30:00,369,58,40.44444444444444,29.0,1,0
12785.0,3,1100.4,2009-12-08 13:56:00,2010-12-10 13:48:00,366,273,183.0,183.0,0,1
12787.0,3,743.18,2010-10-22 14:57:00,2011-09-09 12:24:00,321,0,160.5,160.5,1,0
12788.0,4,444.9,2010-06-29 13:05:00,2010-09-02 14:21:00,65,372,21.333333333333332,16.0,0,1
12789.0,2,181.5,2010-01-15 12:06:00,2010-07-15 12:43:00,181,421,181.0,181.0,1,0
12790.0,2,591.85,2010-10-25 13:04:00,2011-05-31 14:14:00,218,101,218.0,218.0,0,1
12791.0,6,863.5100000000001,2010-03-25 17:29:00,2010-12-01 11:27:00,250,282,49.8,19.0,0,1
12792.0,2,827.0099999999998,2010-06-23 10:49:00,2011-03-28 11:36:00,278,165,278.0,278.0,0,1
12793.0,3,885.5299999999999,2010-11-03 13:05:00,2011-01-09 12:12:00,66,243,33.0,33.0,0,1
12797.0,2,552.08,2010-10-11 12:53:00,2010-12-09 10:55:00,58,274,58.0,58.0,0,1
12798.0,2,3140.93,2010-10-14 12:27:00,2011-06-22 10:11:00,250,79,250.0,250.0,1,0
12800.0,3,584.25,2010-02-01 11:02:00,2010-08-26 14:11:00,206,379,103.0,103.0,0,1
12802.0,7,2416.42,2010-05-25 09:34:00,2011-06-06 09:36:00,377,95,62.5,19.5,0,1
12804.0,2,325.37,2010-07-27 13:52:00,2010-08-31 11:58:00,34,374,34.0,34.0,0,1
12805.0,4,1434.9499999999998,2010-02-03 09:06:00,2010-11-23 12:27:00,293,290,97.33333333333333,99.0,0,1
12806.0,4,2878.96,2010-04-30 10:44:00,2010-09-30 13:34:00,153,344,50.666666666666664,63.0,0,1
12808.0,4,574.3999999999999,2010-09-03 10:24:00,2011-06-08 12:21:00,278,93,92.33333333333333,66.0,1,0
12809.0,3,1755.94,2010-03-02 14:19:00,2011-06-15 10:51:00,469,86,234.0,234.0,0,1
12810.0,2,534.99,2010-02-01 09:52:00,2010-06-23 10:53:00,142,443,142.0,142.0,0,1
12811.0,5,1033.9,2010-10-08 12:20:00,2011-03-24 09:42:00,166,169,41.0,35.0,0,1
12813.0,3,1687.8,2010-01-15 16:52:00,2010-07-26 09:50:00,191,410,95.0,95.0,0,1
12815.0,2,1063.46,2011-05-25 13:34:00,2011-07-15 10:21:00,50,56,50.0,50.0,0,1
12816.0,2,572.2,2011-06-16 13:24:00,2011-09-05 12:41:00,80,4,80.0,80.0,0,1
12817.0,3,690.98,2010-10-01 08:57:00,2011-03-03 16:28:00,153,190,76.0,76.0,0,1
12820.0,8,1917.64,2009-12-05 13:37:00,2011-01-17 12:34:00,407,235,57.714285714285715,58.0,1,0
12821.0,2,220.79999999999998,2010-04-07 15:14:00,2011-05-09 15:51:00,397,123,397.0,397.0,0,1
12823.0,17,5966.0,2010-01-29 12:52:00,2011-08-04 17:45:00,552,36,34.125,26.5,1,0
12825.0,2,518.63,2010-03-08 10:17:00,2010-07-06 13:56:00,120,430,120.0,120.0,0,1
12826.0,9,2144.65,2009-12-18 10:43:00,2011-06-14 09:41:00,542,87,67.375,39.5,1,0
12828.0,3,415.51,2011-08-01 16:16:00,2011-09-01 17:14:00,31,8,15.0,15.0,1,0
12829.0,3,385.3,2010-06-07 15:04:00,2011-01-07 11:13:00,213,245,106.0,106.0,0,1
12830.0,5,6414.3200000000015,2011-06-21 10:53:00,2011-09-09 15:02:00,80,0,19.5,18.0,1,0
12831.0,3,451.11,2010-09-02 15:58:00,2011-03-22 13:02:00,200,171,100.0,100.0,0,1
12835.0,41,5996.83,2009-12-03 12:13:00,2010-10-08 10:59:00,308,336,7.225,6.5,0,1
12836.0,14,6061.9,2009-12-01 14:19:00,2011-07-25 15:22:00,601,46,45.76923076923077,42.0,1,0
12837.0,2,662.6600000000001,2010-05-19 15:10:00,2011-06-19 16:07:00,396,82,396.0,396.0,0,1
12838.0,9,2694.75,2010-04-26 09:59:00,2010-12-01 11:57:00,219,282,26.75,19.0,1,0
12839.0,21,7175.09,2009-12-07 09:18:00,2011-09-08 13:17:00,640,1,31.6,24.0,1,0
12840.0,7,4041.97,2010-02-03 14:51:00,2011-07-19 09:29:00,530,52,87.83333333333333,75.0,0,1
12841.0,32,5796.53,2010-07-08 15:38:00,2011-08-25 12:12:00,412,15,12.806451612903226,11.0,1,0
12842.0,3,1109.73,2009-12-02 08:15:00,2011-02-04 12:36:00,429,217,214.5,214.5,1,0
12843.0,29,6573.41,2009-12-13 11:41:00,2011-07-03 12:21:00,567,68,19.785714285714285,11.0,1,0
12844.0,3,497.52,2010-04-25 11:51:00,2011-08-01 13:11:00,463,39,231.0,231.0,1,0
12845.0,4,354.09,2011-02-22 14:10:00,2011-03-17 13:34:00,22,176,7.333333333333333,2.0,0,1
12849.0,5,2701.0299999999997,2010-04-27 13:44:00,2011-03-16 12:26:00,322,177,80.25,74.0,1,0
12851.0,2,280.76000000000005,2010-08-19 15:13:00,2011-09-04 12:41:00,380,5,380.0,380.0,0,1
12853.0,11,3907.5,2010-02-05 11:57:00,2011-07-28 11:29:00,537,43,53.4,61.0,0,1
12854.0,6,2465.09,2009-12-11 12:55:00,2011-04-12 14:17:00,487,150,97.0,77.0,1,0
12855.0,4,612.8400000000001,2010-11-02 18:16:00,2010-12-02 09:37:00,29,281,9.333333333333334,7.0,0,1
12857.0,6,3688.0,2010-01-25 15:37:00,2011-05-13 10:20:00,472,119,94.0,94.0,0,1
12862.0,2,984.6200000000001,2010-08-01 15:20:00,2010-10-10 11:47:00,69,334,69.0,69.0,0,1
12863.0,5,2271.35,2010-04-29 13:54:00,2010-11-25 17:47:00,210,288,52.0,27.5,1,0
12864.0,2,299.57,2010-07-19 17:22:00,2011-07-24 13:03:00,369,47,369.0,369.0,0,1
12865.0,3,2736.62,2010-08-20 12:20:00,2011-08-08 10:11:00,352,32,176.0,176.0,1,0
12866.0,3,1227.35,2010-07-25 11:37:00,2011-03-01 14:11:00,219,192,109.0,109.0,0,1
12867.0,12,6835.88,2009-12-16 16:25:00,2011-09-04 13:35:00,626,5,56.36363636363637,54.0,1,0
12868.0,8,2043.7600000000002,2010-11-12 10:05:00,2011-06-07 10:42:00,207,94,29.142857142857142,32.0,0,1
12870.0,3,1676.9500000000003,2010-03-25 14:32:00,2010-11-29 13:42:00,248,284,124.0,124.0,0,1
12871.0,2,495.38,2010-09-26 10:34:00,2011-05-16 13:32:00,232,116,232.0,232.0,1,0
12872.0,12,3283.96,2009-12-03 20:03:00,2011-01-17 10:52:00,409,235,36.72727272727273,38.0,0,1
12873.0,3,2027.3000000000002,2010-01-27 09:50:00,2011-03-02 14:58:00,399,191,199.5,199.5,0,1
12874.0,2,948.42,2010-06-03 12:51:00,2010-11-19 15:23:00,169,294,169.0,169.0,0,1
12875.0,5,1356.99,2010-01-11 12:37:00,2011-07-19 15:30:00,554,52,138.25,119.5,0,1
12876.0,3,2590.2,2010-04-28 13:26:00,2011-05-27 13:34:00,394,105,196.5,196.5,1,0
12877.0,17,2465.6000000000004,2010-01-18 10:23:00,2011-08-07 11:40:00,566,33,34.75,31.5,1,0
12878.0,2,854.99,2011-03-18 14:02:00,2011-04-17 13:07:00,29,145,29.0,29.0,0,1
12880.0,2,640.13,2010-05-14 11:57:00,2010-11-23 10:50:00,192,290,192.0,192.0,0,1
12888.0,2,354.12,2011-03-29 14:31:00,2011-05-09 16:02:00,41,123,41.0,41.0,0,1
12889.0,4,385.46000000000004,2010-07-25 14:32:00,2010-11-23 16:08:00,121,290,40.0,37.0,0,1
12891.0,11,840.5,2010-02-18 14:32:00,2011-06-07 12:31:00,473,94,46.9,34.0,0,1
12897.0,4,514.25,2010-06-14 11:58:00,2011-05-19 12:13:00,339,113,112.66666666666667,97.0,0,1
12898.0,2,296.21000000000004,2010-02-18 12:36:00,2010-09-02 08:08:00,195,372,195.0,195.0,0,1
12901.0,19,11639.469999999998,2011-03-14 10:41:00,2011-08-23 10:56:00,162,17,8.5,7.5,1,0
12905.0,2,1018.42,2010-01-26 14:06:00,2010-05-12 10:05:00,105,485,105.0,105.0,0,1
12907.0,2,508.90999999999997,2010-08-02 14:33:00,2010-11-09 12:08:00,98,304,98.0,98.0,0,1
12908.0,5,1776.0,2010-03-19 15:59:00,2011-06-16 15:39:00,453,85,113.0,124.0,0,1
12909.0,6,2452.8900000000003,2010-02-24 12:14:00,2011-05-22 11:52:00,451,110,90.0,89.0,1,0
12910.0,9,4208.38,2010-03-28 13:10:00,2011-07-28 14:36:00,487,43,60.5,55.5,1,0
12913.0,11,4666.0,2009-12-01 12:18:00,2011-03-02 10:49:00,455,191,45.2,26.0,1,0
12915.0,4,975.0999999999999,2010-04-29 19:36:00,2011-07-14 11:34:00,440,57,146.33333333333334,116.0,0,1
12916.0,7,4479.73,2010-01-24 11:26:00,2011-07-24 10:35:00,545,47,90.33333333333333,69.5,0,1
12917.0,6,4359.2,2009-12-09 14:22:00,2011-08-03 16:42:00,602,37,120.0,98.0,0,1
12919.0,3,441.65,2011-06-23 09:22:00,2011-08-15 11:39:00,53,25,26.0,26.0,1,0
12920.0,3,323.86,2009-12-14 15:58:00,2010-05-17 12:57:00,153,480,76.5,76.5,1,0
12921.0,61,28729.620000000003,2009-12-01 13:43:00,2011-09-02 13:01:00,639,7,10.35,5.5,1,0
12923.0,2,597.6,2010-05-13 14:55:00,2010-11-14 13:16:00,184,299,184.0,184.0,1,0
12924.0,11,2190.97,2009-12-09 12:40:00,2011-05-25 13:35:00,532,107,52.8,58.0,1,0
12926.0,4,1523.97,2009-12-14 14:35:00,2010-10-24 15:57:00,314,320,104.33333333333333,78.0,0,1
12928.0,10,3378.33,2010-06-08 10:16:00,2011-07-15 08:09:00,401,56,44.0,34.0,1,0
12931.0,53,82822.08,2009-12-01 11:46:00,2011-08-30 11:54:00,637,10,11.826923076923077,6.0,1,0
12932.0,8,1698.56,2010-02-10 08:46:00,2010-06-18 14:22:00,128,448,17.857142857142858,10.0,0,1
12933.0,7,1386.5900000000001,2009-12-10 16:39:00,2011-06-21 16:13:00,557,80,92.5,73.0,1,0
12935.0,12,3618.5,2010-04-11 15:59:00,2011-08-22 12:22:00,497,18,44.81818181818182,48.0,1,0
12937.0,7,2021.57,2009-12-03 15:43:00,2011-05-26 14:17:00,538,106,89.33333333333333,67.5,1,0
12939.0,16,21673.079999999998,2010-01-12 11:27:00,2011-07-24 12:51:00,558,47,36.8,36.0,1,0
12942.0,3,675.6,2010-12-09 09:34:00,2011-07-31 14:39:00,234,40,117.0,117.0,0,1
12943.0,2,496.5,2010-04-13 11:03:00,2010-05-30 13:52:00,47,467,47.0,47.0,0,1
12945.0,2,900.1100000000001,2010-02-21 15:18:00,2011-02-24 14:15:00,367,197,367.0,367.0,0,1
12947.0,6,1603.99,2010-12-01 16:21:00,2011-07-19 10:06:00,229,52,45.6,38.0,0,1
12948.0,6,1676.44,2009-12-02 12:28:00,2011-08-26 14:45:00,632,14,125.8,46.0,1,0
12949.0,21,14808.900000000001,2009-12-03 15:56:00,2011-08-17 15:11:00,621,23,30.85,19.0,1,0
12951.0,14,2901.43,2010-01-10 12:43:00,2011-06-19 10:35:00,524,82,39.92307692307692,37.0,1,0
12955.0,6,1843.3600000000001,2011-03-17 09:03:00,2011-09-08 12:48:00,175,1,34.8,35.0,1,0
12956.0,4,521.8900000000001,2009-12-15 19:03:00,2011-02-06 16:08:00,417,215,138.66666666666666,38.0,0,1
12957.0,9,6404.719999999999,2009-12-11 12:01:00,2011-06-06 13:43:00,542,95,67.375,57.0,1,0
12958.0,2,467.34,2010-05-05 16:22:00,2010-11-04 16:16:00,182,309,182.0,182.0,0,1
12960.0,4,1322.0700000000004,2010-02-16 13:32:00,2010-10-22 09:31:00,247,322,81.66666666666667,83.0,0,1
12963.0,5,1744.96,2010-07-08 14:45:00,2010-12-09 09:14:00,153,274,37.75,36.0,1,0
12967.0,3,2938.52,2010-11-21 11:03:00,2010-12-16 19:10:00,25,267,12.0,12.0,0,1
12970.0,8,1071.93,2009-12-04 14:19:00,2011-01-21 14:21:00,413,231,58.857142857142854,0.0,1,0
12971.0,94,12680.01,2009-12-15 19:04:00,2011-09-08 14:02:00,631,1,6.376344086021505,4.0,1,0
12972.0,4,1161.2,2010-02-16 14:30:00,2010-10-22 08:41:00,247,322,81.66666666666667,64.0,0,1
12974.0,2,408.94999999999993,2010-05-23 11:45:00,2011-05-26 09:33:00,367,106,367.0,367.0,0,1
12975.0,6,2100.09,2009-12-06 10:38:00,2010-09-29 09:46:00,296,345,59.0,12.0,0,1
12976.0,8,3156.3799999999997,2010-02-12 15:46:00,2011-05-12 09:55:00,453,120,64.42857142857143,42.0,0,1
12977.0,4,513.88,2010-07-16 16:25:00,2011-07-06 16:40:00,355,65,118.0,9.0,0,1
12978.0,5,2502.8199999999997,2009-12-10 12:10:00,2010-11-19 14:29:00,344,294,85.75,35.0,0,1
12980.0,21,16245.779999999997,2009-12-02 11:26:00,2011-07-05 09:34:00,579,66,28.5,27.0,0,1
12982.0,8,2744.81,2010-04-12 13:50:00,2011-04-11 11:51:00,363,151,51.42857142857143,27.0,0,1
12986.0,10,2729.84,2010-01-21 10:45:00,2010-10-07 11:57:00,259,337,28.444444444444443,20.0,0,1
12987.0,4,1057.81,2010-01-20 09:57:00,2011-05-26 12:00:00,491,106,163.0,189.0,1,0
12989.0,26,11096.779999999999,2009-12-10 13:27:00,2011-07-05 09:16:00,571,66,22.44,21.0,1,0
12990.0,6,809.9000000000001,2010-03-30 11:36:00,2011-06-07 14:27:00,434,94,86.2,107.0,1,0
12991.0,2,564.6200000000002,2010-11-15 13:43:00,2011-08-19 14:39:00,277,21,277.0,277.0,1,0
12993.0,7,1217.27,2010-02-18 10:35:00,2011-08-11 12:01:00,539,29,89.5,88.5,1,0
12994.0,2,645.47,2011-03-16 08:31:00,2011-08-11 17:02:00,148,29,148.0,148.0,1,0
12997.0,6,1492.49,2010-04-06 11:06:00,2011-04-17 13:02:00,376,145,74.6,78.0,1,0
12998.0,3,920.0799999999999,2010-02-24 11:55:00,2010-08-04 08:05:00,160,401,80.0,80.0,0,1
12999.0,3,455.88,2011-04-08 10:26:00,2011-05-27 13:24:00,49,105,24.0,24.0,0,1
13000.0,4,1032.5,2009-12-14 17:03:00,2011-08-25 10:43:00,618,15,205.66666666666666,153.0,0,1
13001.0,31,22839.25,2009-12-03 16:21:00,2011-07-04 16:08:00,577,67,18.7,16.0,1,0
13002.0,3,414.13000000000005,2010-10-01 11:58:00,2011-01-25 15:18:00,116,227,58.0,58.0,0,1
13003.0,3,149.05,2011-05-09 08:23:00,2011-08-26 10:50:00,109,14,54.0,54.0,0,1
13004.0,30,9780.029999999999,2009-12-15 09:44:00,2011-08-17 14:44:00,610,23,20.517241379310345,19.0,1,0
13005.0,4,999.68,2010-09-08 12:52:00,2011-06-19 10:53:00,283,82,94.0,72.0,0,1
13008.0,3,612.13,2009-12-16 16:07:00,2011-01-20 14:24:00,399,232,199.5,199.5,0,1
13010.0,2,330.12,2010-03-01 11:28:00,2010-11-30 15:09:00,274,283,274.0,274.0,0,1
13012.0,7,2323.2999999999997,2010-04-26 14:14:00,2011-07-14 09:58:00,443,57,73.33333333333333,76.5,1,0
13013.0,25,9972.58,2009-12-14 10:34:00,2011-09-08 11:46:00,633,1,25.875,16.0,1,0
13014.0,6,3937.2799999999997,2010-10-03 11:35:00,2011-08-18 10:06:00,318,22,63.4,51.0,1,0
13015.0,10,5003.18,2010-04-15 16:35:00,2011-05-26 16:25:00,405,106,44.55555555555556,10.0,1,0
13018.0,25,7561.17,2010-03-01 12:34:00,2011-09-08 12:01:00,555,1,22.75,11.5,1,0
13019.0,6,1229.95,2009-12-06 15:40:00,2010-11-25 14:56:00,353,288,70.2,45.0,0,1
13020.0,2,618.96,2010-02-18 10:35:00,2010-05-26 11:12:00,97,471,97.0,97.0,0,1
13021.0,12,3423.33,2009-12-05 12:02:00,2011-06-26 11:53:00,567,75,51.0,48.0,1,0
13023.0,2,1095.53,2010-06-29 09:51:00,2011-08-02 09:34:00,398,38,398.0,398.0,1,0
13024.0,2,555.8699999999999,2010-05-06 14:25:00,2010-08-26 09:42:00,111,379,111.0,111.0,0,1
13026.0,7,1361.9199999999998,2009-12-13 11:34:00,2011-09-08 10:01:00,633,1,105.0,93.0,1,0
13027.0,19,17239.2,2010-01-20 10:41:00,2011-08-18 09:39:00,574,22,31.38888888888889,27.0,0,1
13029.0,4,1452.9999999999998,2010-07-04 13:46:00,2011-07-24 11:37:00,384,47,127.66666666666667,148.0,1,0
13031.0,5,3292.84,2010-06-03 14:57:00,2010-10-28 15:34:00,147,316,36.25,41.5,0,1
13032.0,7,1805.7800000000002,2010-09-05 14:01:00,2010-11-12 12:49:00,67,301,11.0,0.5,1,0
13033.0,2,220.54999999999998,2010-10-06 09:37:00,2010-12-17 14:23:00,72,266,72.0,72.0,0,1
13034.0,2,279.90999999999997,2010-11-03 15:22:00,2010-12-05 14:52:00,31,278,31.0,31.0,1,0
13035.0,2,775.3199999999999,2010-10-04 15:41:00,2011-03-24 09:21:00,170,169,170.0,170.0,1,0
13037.0,12,3914.9500000000003,2009-12-03 17:04:00,2011-07-24 15:46:00,597,47,53.81818181818182,51.0,0,1
13038.0,2,591.7600000000001,2011-02-22 11:43:00,2011-06-09 10:31:00,106,92,106.0,106.0,1,0
13039.0,4,1010.7300000000001,2009-12-17 16:43:00,2010-05-04 16:45:00,138,493,45.333333333333336,21.0,0,1
13041.0,4,799.1300000000001,2010-04-29 08:43:00,2010-09-15 11:44:00,139,359,46.0,46.0,0,1
13042.0,3,1488.59,2009-12-07 15:42:00,2010-04-20 13:43:00,133,507,66.5,66.5,0,1
13044.0,11,4848.05,2010-01-08 14:46:00,2011-02-21 15:20:00,409,200,40.3,23.0,0,1
13045.0,3,808.92,2010-08-10 13:02:00,2011-09-01 15:04:00,387,8,193.0,193.0,0,1
13046.0,2,517.66,2010-09-09 13:09:00,2011-03-18 15:43:00,190,175,190.0,190.0,1,0
13047.0,22,7873.0,2009-12-16 11:43:00,2011-08-04 17:58:00,596,36,28.047619047619047,26.0,1,0
13048.0,8,3588.2699999999995,2010-01-27 12:55:00,2011-08-18 11:23:00,567,22,80.71428571428571,88.0,1,0
13049.0,3,905.3400000000001,2010-11-03 15:39:00,2011-01-25 16:33:00,83,227,41.0,41.0,1,0
13050.0,31,10659.4,2009-12-15 15:06:00,2011-08-25 14:21:00,617,15,20.033333333333335,18.5,1,0
13051.0,2,155.8,2010-03-30 11:11:00,2010-05-10 09:14:00,40,487,40.0,40.0,0,1
13052.0,7,3119.33,2010-02-23 12:31:00,2011-05-11 14:12:00,442,121,73.16666666666667,38.5,0,1
13055.0,2,1451.56,2010-10-06 08:17:00,2011-05-10 08:58:00,216,122,216.0,216.0,1,0
13057.0,3,709.5899999999999,2010-03-18 12:14:00,2010-06-27 15:44:00,101,439,50.5,50.5,0,1
13059.0,10,2291.7700000000004,2010-03-31 12:23:00,2011-04-04 10:40:00,368,158,40.55555555555556,21.0,0,1
13064.0,4,1220.5000000000002,2010-04-27 10:08:00,2011-07-10 11:34:00,439,61,145.66666666666666,174.0,1,0
13065.0,5,1055.0500000000002,2010-06-10 11:44:00,2010-12-01 16:52:00,174,282,43.25,38.5,0,1
13067.0,2,393.05,2010-09-19 13:43:00,2010-10-26 12:15:00,36,318,36.0,36.0,1,0
13069.0,34,8723.03,2010-06-14 14:27:00,2011-09-01 11:48:00,443,8,13.030303030303031,11.0,1,0
13070.0,4,751.6999999999999,2009-12-07 14:44:00,2011-05-31 13:45:00,539,101,179.66666666666666,142.0,0,1
13073.0,2,418.08000000000004,2010-09-28 09:27:00,2010-10-24 14:06:00,26,320,26.0,26.0,0,1
13074.0,4,1378.74,2009-12-16 11:46:00,2010-07-16 16:53:00,212,420,70.33333333333333,72.0,0,1
13077.0,10,2588.82,2009-12-11 11:17:00,2011-02-22 16:19:00,438,199,48.22222222222222,48.0,1,0
13078.0,46,23307.270000000004,2009-12-01 09:06:00,2011-08-25 10:16:00,632,15,13.622222222222222,12.0,1,0
13079.0,3,258.58,2010-10-18 14:15:00,2011-09-09 15:25:00,326,0,163.0,163.0,1,0
13080.0,4,280.73,2010-04-09 13:07:00,2011-06-13 14:59:00,430,88,143.0,160.0,0,1
13081.0,25,47371.11,2009-12-08 13:58:00,2011-07-19 11:47:00,587,52,24.041666666666668,21.5,1,0
13082.0,21,7335.75,2009-12-22 15:37:00,2011-08-05 16:16:00,591,35,29.15,19.0,0,1
13085.0,8,2433.28,2009-12-01 07:45:00,2011-07-05 12:11:00,581,66,82.71428571428571,2.0,0,1
13089.0,177,97915.57,2009-12-02 15:44:00,2011-09-01 11:33:00,637,8,3.278409090909091,1.0,1,0
13090.0,19,9092.94,2010-08-02 13:58:00,2011-07-26 14:51:00,358,45,19.38888888888889,11.5,1,0
13091.0,2,1976.0000000000002,2009-12-10 11:50:00,2009-12-10 12:44:00,0,638,0.0,0.0,1,0
13092.0,11,2102.2000000000007,2010-02-10 08:44:00,2011-05-12 10:22:00,456,120,45.0,46.0,1,0
13093.0,55,54144.25000000001,2009-12-04 10:32:00,2011-03-09 12:14:00,460,184,8.092592592592593,9.0,0,1
13094.0,11,1827.8400000000001,2010-11-15 14:15:00,2011-08-02 12:35:00,259,38,25.5,23.5,1,0
13097.0,26,11957.39,2009-12-01 13:31:00,2011-08-09 12:07:00,615,31,24.28,26.0,1,0
13098.0,18,15169.46,2011-01-26 13:46:00,2011-09-06 15:34:00,223,3,12.647058823529411,11.0,1,0
13101.0,4,695.4,2010-01-27 15:49:00,2011-04-19 14:37:00,446,143,148.33333333333334,120.0,0,1
13102.0,32,9917.71,2010-05-06 13:12:00,2011-07-29 12:03:00,448,42,13.96774193548387,15.0,1,0
13103.0,2,465.7,2010-05-11 14:41:00,2010-09-28 11:48:00,139,346,139.0,139.0,1,0
13104.0,6,987.06,2010-02-24 15:06:00,2011-07-29 15:25:00,520,42,103.6,118.0,1,0
13106.0,2,603.46,2010-10-22 13:10:00,2011-07-29 15:12:00,280,42,280.0,280.0,0,1
13107.0,7,4656.67,2010-02-04 10:50:00,2011-06-17 08:57:00,497,84,82.5,74.0,1,0
13108.0,2,748.4599999999999,2010-09-30 17:09:00,2010-12-02 10:35:00,62,281,62.0,62.0,0,1
13109.0,2,717.3400000000001,2010-06-06 12:59:00,2011-07-05 14:56:00,394,66,394.0,394.0,1,0
13110.0,10,2511.0400000000004,2009-12-01 14:14:00,2011-07-25 16:20:00,601,46,66.55555555555556,48.0,1,0
13113.0,33,16771.170000000002,2010-03-28 16:13:00,2011-08-18 10:10:00,507,22,15.3125,10.0,1,0
13115.0,7,4078.4700000000003,2010-04-19 13:29:00,2011-06-08 16:15:00,415,93,68.66666666666667,35.0,1,0
13117.0,17,2112.52,2010-03-26 13:50:00,2011-08-10 10:09:00,501,30,30.9375,29.0,1,0
13118.0,7,2017.2999999999997,2010-09-26 15:46:00,2011-05-15 13:22:00,230,117,37.833333333333336,31.0,1,0
13122.0,2,922.39,2011-04-13 14:12:00,2011-09-06 15:53:00,146,3,146.0,146.0,0,1
13123.0,2,506.74999999999994,2010-06-28 12:43:00,2010-08-24 10:18:00,56,381,56.0,56.0,0,1
13124.0,3,3401.8,2010-11-19 15:50:00,2011-04-01 14:58:00,132,161,65.5,65.5,1,0
13126.0,10,2752.5899999999997,2010-03-02 12:24:00,2011-03-31 16:40:00,394,162,43.44444444444444,43.0,1,0
13129.0,2,233.25,2010-06-28 11:54:00,2010-09-13 13:47:00,77,361,77.0,77.0,0,1
13131.0,5,2565.37,2010-02-09 09:47:00,2011-06-05 10:54:00,481,96,119.75,124.5,1,0
13133.0,3,200.45,2010-09-06 15:30:00,2011-03-11 10:31:00,185,182,92.5,92.5,0,1
13134.0,5,1567.39,2010-10-19 13:21:00,2011-06-09 11:37:00,232,92,57.75,32.0,1,0
13135.0,2,3371.45,2010-08-05 17:28:00,2011-05-27 10:52:00,294,105,294.0,294.0,0,1
13136.0,11,4893.63,2009-12-08 18:30:00,2011-07-20 12:01:00,588,51,58.5,57.0,1,0
13137.0,13,5871.969999999999,2010-07-25 15:40:00,2011-09-08 12:42:00,409,1,33.583333333333336,17.0,1,0
13138.0,4,801.07,2010-11-08 11:45:00,2011-07-29 13:34:00,263,42,87.33333333333333,107.0,1,0
13139.0,4,4848.98,2010-09-28 09:12:00,2011-08-22 10:04:00,328,18,109.0,105.0,1,0
13140.0,5,1054.92,2010-08-05 19:05:00,2011-08-23 15:33:00,382,17,95.0,61.5,0,1
13141.0,16,6668.360000000001,2009-12-09 13:34:00,2011-05-09 15:33:00,516,123,33.86666666666667,26.0,1,0
13144.0,2,135.35,2010-10-04 14:14:00,2011-01-11 11:15:00,98,241,98.0,98.0,0,1
13145.0,6,1009.72,2010-04-19 11:11:00,2011-09-09 10:10:00,507,0,101.4,83.0,1,0
13148.0,24,7580.57,2009-12-07 15:26:00,2011-07-29 08:30:00,598,42,25.652173913043477,24.0,1,0
13149.0,3,1132.6200000000001,2011-02-23 13:57:00,2011-08-25 13:40:00,182,15,91.0,91.0,1,0
13150.0,3,449.96999999999997,2010-03-19 09:03:00,2010-08-12 12:59:00,146,393,73.0,73.0,0,1
13151.0,3,2465.2100000000005,2010-03-22 10:26:00,2011-02-17 12:29:00,332,204,165.5,165.5,0,1
13152.0,7,2146.38,2010-01-14 10:01:00,2010-10-18 13:44:00,277,326,45.833333333333336,39.0,0,1
13154.0,3,1624.8400000000001,2009-12-04 08:46:00,2010-11-05 16:00:00,336,308,168.0,168.0,0,1
13155.0,4,967.9200000000001,2010-08-05 09:30:00,2011-01-17 11:21:00,165,235,54.333333333333336,44.0,1,0
13156.0,3,1586.54,2010-02-01 13:45:00,2010-11-19 13:09:00,290,294,145.0,145.0,0,1
13157.0,8,4819.34,2010-03-08 11:59:00,2011-07-21 14:34:00,500,50,71.14285714285714,66.0,1,0
13158.0,5,1508.18,2010-11-16 17:12:00,2011-09-06 11:58:00,293,3,73.0,52.0,0,1
13159.0,2,843.09,2011-08-16 11:44:00,2011-08-25 15:12:00,9,15,9.0,9.0,1,0
13161.0,2,472.13,2010-07-27 12:44:00,2011-01-30 14:03:00,187,222,187.0,187.0,0,1
13162.0,16,9275.490000000002,2009-12-04 13:59:00,2011-08-09 15:59:00,613,31,40.53333333333333,37.0,0,1
13164.0,2,372.2,2010-02-10 11:52:00,2010-05-19 13:52:00,98,478,98.0,98.0,0,1
13165.0,2,784.32,2010-10-22 17:04:00,2010-12-23 14:06:00,61,260,61.0,61.0,1,0
13166.0,2,875.9300000000001,2010-10-21 14:29:00,2011-03-01 15:16:00,131,192,131.0,131.0,0,1
13167.0,3,751.3699999999999,2010-11-14 12:58:00,2011-08-01 12:12:00,259,39,129.0,129.0,1,0
13168.0,4,1494.1999999999998,2010-06-15 15:00:00,2011-05-24 13:56:00,342,108,113.66666666666667,92.0,1,0
13169.0,2,632.4,2010-05-26 15:58:00,2011-04-01 14:24:00,309,161,309.0,309.0,1,0
13173.0,10,2212.1099999999997,2009-12-10 12:52:00,2010-12-07 14:30:00,362,276,39.888888888888886,28.0,1,0
13174.0,11,7286.6,2009-12-04 15:40:00,2011-01-27 15:36:00,418,225,41.5,36.5,1,0
13175.0,2,831.45,2009-12-04 12:11:00,2010-05-06 13:13:00,153,491,153.0,153.0,0,1
13178.0,18,12725.45,2009-12-16 14:00:00,2011-07-29 13:37:00,589,42,34.1764705882353,35.0,1,0
13183.0,12,5473.379999999999,2010-03-14 12:32:00,2011-08-30 16:53:00,534,10,47.90909090909091,50.0,1,0
13184.0,9,1472.1,2011-02-22 17:25:00,2011-08-01 11:12:00,159,39,19.375,17.0,1,0
13186.0,2,1301.9400000000003,2011-08-03 09:09:00,2011-09-07 11:46:00,35,2,35.0,35.0,1,0
13187.0,4,341.36,2010-03-25 17:18:00,2011-01-06 18:57:00,287,246,95.33333333333333,0.0,0,1
13190.0,3,570.66,2009-12-07 12:13:00,2010-06-13 15:47:00,188,453,93.5,93.5,0,1
13192.0,6,2558.58,2010-01-22 08:37:00,2011-09-05 14:13:00,591,4,117.8,95.0,0,1
13194.0,2,472.7799999999999,2010-10-14 11:54:00,2011-07-27 09:01:00,285,44,285.0,285.0,0,1
13196.0,4,1783.19,2010-04-01 12:54:00,2011-03-22 14:24:00,355,171,118.33333333333333,130.0,1,0
13198.0,7,4582.17,2010-10-01 13:27:00,2011-08-11 12:48:00,313,29,52.0,45.0,1,0
13199.0,51,10887.25,2009-12-05 10:11:00,2011-09-08 14:53:00,642,1,12.44,10.5,1,0
13201.0,4,1233.0599999999997,2010-03-07 11:01:00,2010-07-25 14:30:00,140,411,46.333333333333336,44.0,0,1
13202.0,7,1580.3000000000002,2009-12-09 10:48:00,2010-11-10 16:24:00,336,303,55.666666666666664,46.0,0,1
13203.0,8,2088.65,2009-12-17 14:15:00,2011-08-11 10:29:00,601,29,85.28571428571429,91.0,1,0
13206.0,13,8308.19,2009-12-07 13:48:00,2010-11-04 16:50:00,332,309,27.166666666666668,18.0,0,1
13207.0,3,483.1200000000001,2010-04-06 16:37:00,2011-07-12 11:35:00,461,59,230.0,230.0,1,0
13208.0,7,1587.4700000000003,2009-12-03 13:25:00,2011-07-07 14:18:00,581,64,96.33333333333333,76.0,1,0
13209.0,10,6773.98,2010-01-24 14:30:00,2011-08-03 12:10:00,555,37,61.333333333333336,62.0,1,0
13211.0,9,2307.9900000000007,2009-12-06 15:24:00,2011-09-05 17:36:00,638,4,79.5,61.5,1,0
13213.0,10,3294.8199999999997,2010-05-20 14:50:00,2011-08-03 13:06:00,439,37,48.333333333333336,22.0,1,0
13214.0,7,3264.23,2010-03-03 14:10:00,2010-10-18 10:00:00,228,326,37.666666666666664,41.5,0,1
13217.0,4,666.48,2010-02-22 12:49:00,2011-08-09 15:32:00,533,31,177.0,24.0,0,1
13220.0,4,1243.29,2010-05-13 10:35:00,2011-06-07 11:10:00,390,94,129.66666666666666,33.0,1,0
13221.0,2,847.4100000000001,2010-12-15 13:24:00,2011-04-13 16:58:00,119,149,119.0,119.0,0,1
13223.0,6,969.12,2010-02-12 13:27:00,2011-05-23 13:03:00,464,109,92.4,92.0,0,1
13225.0,14,14095.79,2009-12-17 09:09:00,2011-07-19 16:36:00,579,52,44.23076923076923,53.0,1,0
13226.0,2,312.46,2010-11-11 13:46:00,2011-03-11 14:35:00,120,182,120.0,120.0,0,1
13230.0,28,5559.610000000001,2010-03-18 20:02:00,2011-07-24 16:18:00,492,47,17.74074074074074,12.0,1,0
13232.0,5,1019.0500000000001,2011-04-10 13:48:00,2011-09-02 13:18:00,144,7,35.75,24.5,1,0
13233.0,3,875.5799999999999,2010-01-14 14:10:00,2011-01-07 14:49:00,358,245,178.5,178.5,1,0
13234.0,2,346.49999999999994,2009-12-07 12:32:00,2010-02-05 11:41:00,59,581,59.0,59.0,0,1
13238.0,4,624.75,2010-04-28 15:02:00,2011-06-29 12:12:00,426,72,141.66666666666666,159.0,1,0
13239.0,5,1594.69,2010-07-25 13:34:00,2011-03-23 10:25:00,240,170,59.75,30.0,0,1
13240.0,8,1475.79,2010-02-25 13:17:00,2011-09-04 14:08:00,556,5,79.0,76.0,0,1
13242.0,7,699.3999999999999,2010-02-09 13:12:00,2011-08-19 12:53:00,555,21,92.16666666666667,97.5,0,1
13243.0,5,1220.38,2010-03-18 13:10:00,2011-05-20 13:14:00,428,112,106.5,90.5,0,1
13246.0,10,3228.7400000000002,2010-07-02 13:36:00,2011-06-16 12:51:00,348,85,38.44444444444444,30.0,1,0
13248.0,2,465.67999999999995,2011-06-03 13:05:00,2011-08-07 12:40:00,64,33,64.0,64.0,0,1
13249.0,9,1608.93,2010-01-24 12:11:00,2011-09-08 13:26:00,592,1,73.625,55.5,0,1
13250.0,2,253.09,2010-07-25 14:01:00,2010-09-05 11:33:00,41,369,41.0,41.0,0,1
13252.0,2,399.3,2010-03-24 10:30:00,2010-11-10 16:00:00,231,303,231.0,231.0,0,1
13253.0,4,2951.11,2010-01-05 12:13:00,2011-07-06 10:09:00,546,65,182.0,182.0,0,1
13255.0,2,504.95,2010-07-15 13:20:00,2010-12-01 11:58:00,138,282,138.0,138.0,1,0
13258.0,3,535.47,2010-11-04 12:45:00,2011-05-18 13:11:00,195,114,97.0,97.0,1,0
13259.0,8,1119.3600000000001,2010-01-10 10:26:00,2010-11-07 10:56:00,301,306,42.714285714285715,20.0,1,0
13261.0,2,944.1,2011-02-27 10:41:00,2011-03-16 12:22:00,17,177,17.0,17.0,0,1
13262.0,3,573.4499999999999,2010-04-18 12:14:00,2011-03-21 15:06:00,337,172,168.5,168.5,0,1
13263.0,27,6094.0599999999995,2010-10-22 17:07:00,2011-08-23 17:31:00,305,17,11.23076923076923,7.0,1,0
13265.0,3,1450.66,2011-03-11 09:54:00,2011-06-09 09:28:00,89,92,44.5,44.5,1,0
13266.0,15,4836.360000000001,2009-12-17 10:52:00,2011-08-19 09:35:00,609,21,43.142857142857146,33.0,1,0
13267.0,32,8027.66,2009-12-07 16:56:00,2011-09-08 15:36:00,639,1,20.29032258064516,17.0,1,0
13268.0,6,2117.8100000000004,2011-03-17 13:20:00,2011-06-23 11:38:00,97,78,19.2,21.0,1,0
13269.0,21,6172.54,2009-12-02 11:47:00,2011-08-22 12:10:00,628,18,31.05,19.0,1,0
13275.0,2,238.85999999999999,2010-03-17 14:05:00,2010-11-21 12:09:00,248,292,248.0,248.0,0,1
13276.0,4,1438.3600000000001,2010-03-07 14:05:00,2011-09-01 10:03:00,542,8,180.33333333333334,140.0,1,0
13277.0,5,390.79999999999995,2010-06-18 08:45:00,2011-08-15 14:50:00,423,25,105.5,79.5,1,0
13278.0,3,893.1200000000001,2010-04-08 11:59:00,2010-11-05 11:42:00,210,308,105.0,105.0,1,0
13280.0,7,2293.33,2010-03-05 09:07:00,2011-08-09 13:14:00,522,31,86.5,45.0,0,1
13282.0,3,954.1500000000001,2010-10-29 14:11:00,2011-06-30 13:17:00,243,71,121.5,121.5,1,0
13283.0,3,305.20000000000005,2010-03-09 14:36:00,2011-06-07 12:39:00,454,94,226.5,226.5,1,0
13285.0,5,2625.5699999999997,2010-03-25 14:26:00,2011-07-01 14:53:00,463,70,115.25,64.0,1,0
13287.0,3,781.59,2010-01-04 10:43:00,2010-04-15 15:26:00,101,512,50.5,50.5,0,1
13288.0,5,927.6099999999999,2010-02-11 14:59:00,2010-09-22 16:32:00,223,352,55.25,39.5,0,1
13291.0,11,3270.7900000000004,2010-02-11 18:36:00,2011-07-07 10:36:00,510,64,50.4,31.0,0,1
13292.0,4,665.14,2010-07-01 14:36:00,2011-02-28 15:00:00,242,193,80.0,78.0,1,0
13293.0,6,1192.94,2010-02-09 12:05:00,2010-11-12 13:28:00,276,301,54.8,42.0,0,1
13294.0,3,1689.5299999999997,2010-03-03 12:54:00,2011-06-03 08:54:00,456,98,227.5,227.5,0,1
13295.0,4,1101.97,2010-05-12 09:13:00,2010-12-15 11:21:00,217,268,72.0,35.0,0,1
13296.0,6,792.5099999999999,2010-05-11 14:29:00,2011-07-25 13:46:00,439,46,87.6,37.0,0,1
13297.0,3,2278.77,2010-06-15 12:35:00,2010-11-19 13:49:00,157,294,78.0,78.0,1,0
13299.0,3,1218.7,2010-06-29 11:30:00,2011-03-16 12:55:00,260,177,129.5,129.5,0,1
13300.0,3,1285.5100000000002,2010-05-14 15:56:00,2011-06-23 13:09:00,404,78,202.0,202.0,0,1
13301.0,4,618.09,2011-02-20 13:13:00,2011-08-28 11:25:00,188,12,62.333333333333336,64.0,0,1
13302.0,2,159.2,2010-07-01 12:32:00,2011-07-07 17:56:00,371,64,371.0,371.0,0,1
13304.0,4,1217.9900000000005,2010-02-08 12:42:00,2010-12-23 14:35:00,318,260,105.66666666666667,104.0,0,1
13305.0,14,3086.8,2010-03-10 14:49:00,2011-09-08 10:02:00,546,1,41.53846153846154,27.0,1,0
13307.0,3,273.34,2010-04-26 13:28:00,2011-08-11 17:14:00,472,29,235.5,235.5,0,1
13308.0,2,1099.81,2010-04-22 09:22:00,2011-05-20 13:13:00,393,112,393.0,393.0,1,0
13309.0,3,796.2200000000003,2010-11-12 12:10:00,2011-05-17 12:44:00,186,115,93.0,93.0,1,0
13310.0,4,1226.8200000000002,2010-11-02 17:03:00,2011-05-17 13:26:00,195,115,64.66666666666667,56.0,1,0
13313.0,10,2808.34,2009-12-02 16:18:00,2011-07-21 18:19:00,596,50,65.77777777777777,56.0,1,0
13316.0,8,10743.07,2010-03-10 10:01:00,2011-07-31 11:48:00,508,40,72.0,37.0,1,0
13317.0,18,5526.391,2009-12-13 11:11:00,2011-05-25 10:35:00,527,107,30.647058823529413,26.0,1,0
13319.0,51,17868.14,2009-12-06 14:46:00,2011-09-09 10:24:00,641,0,12.46,12.5,1,0
13320.0,5,1660.5500000000002,2010-08-18 10:29:00,2011-08-25 12:10:00,372,15,92.75,75.5,1,0
13324.0,15,7190.509999999998,2010-05-25 10:23:00,2011-05-20 14:06:00,360,112,25.357142857142858,24.5,1,0
13327.0,19,8245.46,2009-12-18 15:35:00,2011-08-19 11:55:00,608,21,33.333333333333336,32.5,1,0
13329.0,7,4323.97,2009-12-04 15:41:00,2010-12-08 10:11:00,368,275,61.0,32.0,1,0
13330.0,6,2796.1000000000004,2010-02-23 10:12:00,2011-09-08 12:27:00,562,1,112.2,110.0,0,1
13333.0,3,1015.7399999999999,2010-02-19 09:26:00,2010-10-24 13:24:00,247,320,123.0,123.0,0,1
13334.0,4,5408.07,2010-02-25 12:21:00,2011-06-02 11:33:00,461,99,153.33333333333334,116.0,1,0
13338.0,4,2445.62,2010-01-05 12:25:00,2011-07-05 09:06:00,545,66,181.0,142.0,0,1
13340.0,10,20593.620000000003,2010-02-22 14:54:00,2011-08-26 09:55:00,549,14,60.77777777777778,34.0,1,0
13346.0,6,299.40000000000003,2010-04-22 12:34:00,2010-09-03 11:41:00,133,371,26.4,29.0,0,1
13357.0,5,3805.51,2010-03-22 14:30:00,2011-03-27 13:56:00,369,166,92.0,66.0,0,1
13360.0,4,1553.65,2010-01-08 11:16:00,2010-10-04 12:37:00,269,340,89.0,45.0,0,1
13361.0,2,1450.5,2010-04-01 07:49:00,2010-08-24 14:56:00,145,381,145.0,145.0,0,1
13362.0,5,3884.8599999999997,2010-10-10 15:27:00,2011-04-08 08:21:00,179,154,44.25,35.0,1,0
13368.0,4,1121.4999999999998,2010-10-12 10:43:00,2011-03-28 09:59:00,166,165,55.0,77.0,0,1
13371.0,2,2297.6600000000003,2010-03-17 15:29:00,2010-07-22 17:33:00,127,414,127.0,127.0,0,1
13373.0,5,6330.52,2009-12-06 12:34:00,2011-07-04 12:19:00,574,67,143.25,128.0,1,0
13374.0,2,422.80000000000007,2010-09-16 10:29:00,2010-10-21 10:04:00,34,323,34.0,34.0,0,1
13376.0,3,1019.76,2011-04-19 13:03:00,2011-09-01 16:16:00,135,8,67.0,67.0,0,1
13377.0,2,1552.8799999999999,2010-03-04 10:06:00,2010-11-08 12:20:00,249,305,249.0,249.0,0,1
13381.0,10,7046.39,2009-12-01 15:19:00,2011-08-18 13:47:00,624,22,68.88888888888889,76.0,1,0
13382.0,5,1387.58,2009-12-08 09:56:00,2011-03-04 10:03:00,451,189,112.25,122.0,0,1
13384.0,6,4284.74,2010-07-27 12:22:00,2011-08-03 09:40:00,371,37,73.8,49.0,1,0
13386.0,2,835.46,2010-09-28 13:09:00,2010-10-21 12:52:00,22,323,22.0,22.0,0,1
13388.0,3,1185.65,2010-04-15 10:18:00,2011-07-31 12:52:00,472,40,236.0,236.0,0,1
13393.0,4,1131.45,2009-12-07 18:12:00,2010-05-05 09:34:00,148,492,49.0,68.0,0,1
13394.0,16,5645.13,2009-12-01 11:58:00,2011-08-16 09:25:00,622,24,41.0,37.0,1,0
13395.0,3,1180.23,2010-10-14 13:00:00,2011-06-07 15:04:00,236,94,118.0,118.0,0,1
13397.0,9,2875.9300000000003,2010-01-20 09:50:00,2011-08-21 11:29:00,578,19,71.875,58.0,1,0
13398.0,2,670.34,2010-09-17 09:34:00,2011-05-31 13:17:00,256,101,256.0,256.0,0,1
13399.0,3,275.4,2010-07-08 17:47:00,2010-09-01 13:59:00,54,373,27.0,27.0,0,1
13402.0,4,1226.8500000000001,2010-05-24 10:56:00,2011-08-04 15:51:00,437,36,145.0,133.0,0,1
13403.0,2,154.5,2009-12-16 13:23:00,2010-11-17 11:38:00,335,296,335.0,335.0,1,0
13405.0,5,1198.8100000000002,2009-12-15 14:13:00,2011-05-19 16:31:00,520,113,129.5,134.0,1,0
13406.0,2,568.9200000000001,2010-03-18 07:29:00,2010-10-08 14:44:00,204,336,204.0,204.0,0,1
13407.0,3,2244.7,2010-02-16 11:13:00,2010-05-10 12:41:00,83,487,41.0,41.0,0,1
13408.0,85,39894.422000000006,2009-12-04 09:31:00,2011-09-01 10:38:00,636,8,7.190476190476191,7.0,1,0
13410.0,7,1743.94,2009-12-08 13:43:00,2011-06-05 15:52:00,544,96,90.33333333333333,63.5,1,0
13413.0,6,429.44,2010-01-21 17:43:00,2010-03-10 12:17:00,47,548,9.2,0.0,0,1
13414.0,6,2494.1400000000003,2010-04-15 17:00:00,2011-07-29 11:45:00,469,42,93.4,72.0,0,1
13415.0,4,784.17,2009-12-11 14:20:00,2010-08-24 11:38:00,255,381,85.0,98.0,0,1
13417.0,5,1264.6600000000003,2010-02-08 12:39:00,2011-05-18 16:26:00,464,114,115.75,60.5,1,0
13418.0,28,10176.36,2009-12-11 12:51:00,2011-09-02 09:43:00,629,7,22.962962962962962,16.0,1,0
13420.0,2,159.85,2011-06-22 11:35:00,2011-07-13 08:48:00,20,58,20.0,20.0,0,1
13421.0,7,3050.08,2010-02-14 14:45:00,2011-02-22 15:46:00,373,199,62.0,65.0,1,0
13425.0,5,3390.43,2010-05-09 14:35:00,2011-08-23 17:13:00,471,17,117.25,98.0,0,1
13426.0,17,6084.74,2009-12-09 15:16:00,2011-06-10 09:23:00,547,91,33.75,28.0,1,0
13427.0,5,888.7900000000001,2009-12-17 13:44:00,2011-08-11 12:53:00,601,29,150.0,138.0,1,0
13428.0,2,276.76,2010-07-13 13:20:00,2010-07-13 13:33:00,0,423,0.0,0.0,1,0
13431.0,6,2047.14,2010-02-18 11:53:00,2010-10-29 14:09:00,253,315,50.2,62.0,1,0
13432.0,2,439.09999999999997,2010-04-06 14:42:00,2010-05-17 13:18:00,40,480,40.0,40.0,0,1
13433.0,4,658.3199999999999,2010-01-12 08:59:00,2010-07-26 16:55:00,195,410,64.66666666666667,93.0,0,1
13434.0,4,1205.46,2010-02-22 09:54:00,2011-09-04 10:35:00,559,5,186.0,195.0,1,0
13435.0,5,1725.56,2010-07-27 16:56:00,2011-08-21 13:43:00,389,19,97.0,92.5,1,0
13437.0,4,2173.6,2011-06-02 14:30:00,2011-09-01 18:20:00,91,8,30.0,30.0,1,0
13439.0,3,986.6099999999999,2010-07-01 14:36:00,2011-03-29 14:20:00,270,164,135.0,135.0,0,1
13440.0,7,1295.2500000000002,2010-09-14 10:34:00,2010-10-12 13:11:00,28,332,4.5,0.0,0,1
13441.0,2,720.9,2010-10-04 10:38:00,2011-09-09 09:38:00,339,0,339.0,339.0,0,1
13442.0,3,419.87000000000006,2009-12-01 14:59:00,2010-02-10 14:03:00,70,576,35.0,35.0,0,1
13443.0,6,1273.1599999999999,2010-01-31 13:30:00,2010-09-17 12:31:00,228,357,45.4,52.0,0,1
13444.0,2,619.08,2010-07-21 14:34:00,2010-11-30 13:02:00,131,283,131.0,131.0,0,1
13446.0,11,3881.89,2010-02-14 11:52:00,2010-10-05 18:51:00,233,339,22.9,19.5,0,1
13448.0,11,6634.5,2009-12-06 12:14:00,2011-05-05 11:53:00,514,127,51.1,32.0,1,0
13450.0,11,3497.78,2010-04-15 19:15:00,2011-08-07 10:24:00,478,33,47.3,33.0,1,0
13451.0,10,6577.3,2010-03-21 16:13:00,2011-08-05 16:43:00,502,35,55.333333333333336,56.0,1,0
13452.0,3,729.8,2010-08-24 09:53:00,2011-03-25 14:19:00,213,168,106.5,106.5,0,1
13453.0,3,781.69,2010-11-02 13:23:00,2011-06-27 09:34:00,236,74,117.5,117.5,0,1
13455.0,5,1847.59,2009-12-09 08:58:00,2010-12-08 13:11:00,364,275,90.5,104.5,1,0
13456.0,3,855.0600000000001,2011-05-16 15:34:00,2011-07-07 13:52:00,51,64,25.5,25.5,1,0
13457.0,2,148.22,2009-12-02 12:46:00,2010-01-20 08:48:00,48,597,48.0,48.0,0,1
13458.0,12,9991.12,2010-11-16 14:01:00,2011-09-01 12:46:00,288,8,25.818181818181817,24.0,1,0
13459.0,2,1160.4099999999999,2010-01-26 13:35:00,2010-03-25 10:24:00,57,533,57.0,57.0,0,1
13461.0,5,3599.2000000000003,2010-04-21 16:01:00,2011-07-24 11:32:00,458,47,114.25,94.5,1,0
13462.0,5,1153.8500000000001,2009-12-14 09:48:00,2011-04-01 11:20:00,473,161,118.0,105.0,0,1
13464.0,5,2422.96,2010-03-31 15:22:00,2010-11-10 12:24:00,223,303,55.75,39.0,1,0
13465.0,2,931.12,2010-05-02 15:30:00,2010-09-19 15:13:00,139,355,139.0,139.0,0,1
13466.0,5,1013.3499999999998,2010-03-21 13:50:00,2011-06-08 16:39:00,444,93,110.75,109.5,0,1
13468.0,64,11827.330000000002,2009-12-03 13:32:00,2011-09-08 10:52:00,643,1,9.761904761904763,9.0,1,0
13470.0,2,165.0,2011-08-16 17:06:00,2011-09-01 14:57:00,15,8,15.0,15.0,0,1
13472.0,2,592.2399999999999,2010-06-02 09:48:00,2010-09-02 09:41:00,91,372,91.0,91.0,0,1
13473.0,7,2476.38,2009-12-15 19:02:00,2011-01-11 08:45:00,391,241,64.66666666666667,33.0,1,0
13474.0,3,646.5900000000003,2010-08-01 14:40:00,2011-04-17 13:53:00,258,145,129.0,129.0,0,1
13475.0,4,1431.7800000000002,2011-02-14 12:36:00,2011-06-01 13:52:00,107,100,35.333333333333336,36.0,0,1
13476.0,5,2061.4700000000003,2010-03-05 09:39:00,2011-06-14 12:00:00,466,87,116.0,113.5,0,1
13477.0,9,2264.14,2010-01-25 11:52:00,2011-07-24 13:17:00,545,47,67.875,63.5,1,0
13478.0,5,2215.78,2010-01-31 15:51:00,2010-08-27 13:23:00,207,378,51.25,57.5,0,1
13479.0,4,851.37,2010-08-19 16:18:00,2011-05-23 10:45:00,276,109,91.33333333333333,33.0,0,1
13480.0,2,627.82,2010-01-29 12:35:00,2010-10-19 11:53:00,262,325,262.0,262.0,0,1
13481.0,10,3387.61,2009-12-04 12:37:00,2011-08-23 13:28:00,627,17,69.11111111111111,81.0,1,0
13482.0,2,336.0900000000001,2010-03-22 10:31:00,2011-04-21 17:03:00,395,141,395.0,395.0,0,1
13484.0,3,790.7199999999999,2010-03-10 11:46:00,2011-04-12 16:30:00,398,150,199.0,199.0,0,1
13485.0,11,3019.22,2009-12-03 13:46:00,2011-04-20 13:58:00,503,142,49.9,31.0,0,1
13486.0,2,819.6099999999999,2011-07-07 17:19:00,2011-08-03 13:10:00,26,37,26.0,26.0,1,0
13487.0,4,680.2700000000001,2009-12-05 10:25:00,2011-05-10 16:19:00,521,122,173.66666666666666,152.0,1,0
13488.0,19,11834.029999999999,2010-01-25 10:13:00,2011-08-11 10:29:00,563,29,30.944444444444443,26.5,1,0
13489.0,4,449.52,2011-02-18 10:42:00,2011-08-26 13:16:00,189,14,62.666666666666664,52.0,0,1
13491.0,26,4340.29,2009-12-07 08:24:00,2011-07-15 09:00:00,585,56,22.92,20.0,1,0
13492.0,3,1269.84,2011-05-09 10:06:00,2011-07-26 14:25:00,78,45,38.5,38.5,0,1
13493.0,2,618.63,2011-02-25 16:42:00,2011-03-09 15:35:00,11,184,11.0,11.0,0,1
13495.0,8,3890.87,2009-12-07 12:12:00,2011-04-21 15:15:00,500,141,71.0,44.0,1,0
13497.0,6,1166.8300000000002,2010-02-08 10:27:00,2011-03-02 09:04:00,386,191,76.8,85.0,0,1
13499.0,2,463.79,2011-03-15 08:52:00,2011-04-28 14:59:00,44,134,44.0,44.0,1,0
13500.0,2,625.93,2010-11-03 13:16:00,2011-08-09 12:20:00,278,31,278.0,278.0,1,0
13501.0,3,2885.1099999999997,2010-05-18 13:24:00,2011-02-24 18:59:00,282,197,140.5,140.5,0,1
13502.0,4,677.66,2010-06-09 10:52:00,2011-03-10 08:40:00,273,183,90.33333333333333,91.0,1,0
13503.0,5,1642.3899999999999,2010-02-16 13:49:00,2010-08-17 13:17:00,181,388,45.0,38.0,1,0
13505.0,3,2583.1200000000003,2011-04-21 12:07:00,2011-06-26 12:36:00,66,75,32.5,32.5,1,0
13506.0,5,1338.0800000000002,2010-09-05 12:33:00,2011-01-27 13:53:00,144,225,35.75,35.0,0,1
13507.0,3,2022.79,2011-07-17 11:50:00,2011-09-02 15:45:00,47,7,23.5,23.5,1,0
13508.0,2,287.04999999999995,2010-03-07 11:58:00,2011-04-10 11:58:00,399,152,399.0,399.0,0,1
13509.0,6,840.02,2010-07-20 12:10:00,2011-09-01 08:25:00,407,8,81.0,49.0,1,0
13510.0,9,3664.54,2009-12-21 11:53:00,2011-09-05 14:11:00,623,4,77.375,70.0,1,0
13512.0,4,713.39,2010-05-05 13:22:00,2011-03-24 10:03:00,322,169,107.0,102.0,0,1
13513.0,3,824.59,2010-02-22 16:36:00,2011-08-05 11:50:00,528,35,263.5,263.5,0,1
13514.0,3,663.7,2010-01-26 15:11:00,2010-10-07 12:10:00,253,337,126.5,126.5,1,0
13515.0,5,898.6599999999999,2010-03-05 11:58:00,2011-08-14 13:21:00,527,26,131.25,147.0,1,0
13516.0,2,441.85,2010-10-18 08:52:00,2011-04-15 11:06:00,179,147,179.0,179.0,1,0
13517.0,2,1612.1800000000003,2011-06-13 08:44:00,2011-08-25 11:40:00,73,15,73.0,73.0,1,0
13520.0,10,5929.63,2009-12-17 11:11:00,2011-07-25 12:22:00,585,46,64.66666666666667,59.0,1,0
13523.0,4,2938.9300000000003,2010-11-02 14:55:00,2011-05-24 08:51:00,202,108,67.0,35.0,1,0
13524.0,3,408.86,2011-05-04 12:26:00,2011-08-30 12:45:00,118,10,58.5,58.5,1,0
13526.0,2,1182.0000000000002,2009-12-01 12:56:00,2009-12-01 13:13:00,0,647,0.0,0.0,0,1
13527.0,9,3661.4500000000003,2010-01-21 12:37:00,2011-08-26 13:22:00,582,14,72.375,87.0,1,0
13531.0,6,1433.07,2009-12-03 15:20:00,2011-05-18 16:56:00,531,114,106.0,132.0,0,1
13533.0,3,269.09000000000003,2011-03-17 12:47:00,2011-06-10 11:54:00,84,91,42.0,42.0,0,1
13534.0,31,6222.35,2010-07-07 15:00:00,2011-08-24 10:36:00,412,16,13.333333333333334,12.0,1,0
13537.0,2,717.8499999999999,2010-09-14 10:41:00,2010-10-10 12:45:00,26,334,26.0,26.0,0,1
13538.0,11,2813.03,2010-02-02 12:47:00,2011-09-06 13:11:00,581,3,57.6,31.0,1,0
13539.0,6,1253.6699999999998,2010-04-28 12:04:00,2011-04-13 13:45:00,350,149,69.4,68.0,1,0
13540.0,3,632.3900000000001,2010-02-22 09:22:00,2010-08-29 14:20:00,188,376,94.0,94.0,0,1
13541.0,2,785.25,2010-05-18 16:15:00,2010-10-08 16:37:00,143,336,143.0,143.0,0,1
13542.0,17,3959.49,2009-12-10 19:53:00,2010-11-28 11:24:00,352,285,21.5625,18.5,0,1
13543.0,2,1439.61,2010-01-21 14:30:00,2010-03-15 13:34:00,52,543,52.0,52.0,0,1
13544.0,5,627.15,2010-03-05 11:31:00,2011-04-13 12:09:00,404,149,100.75,116.0,1,0
13545.0,2,364.93,2010-06-13 11:49:00,2010-11-14 11:27:00,153,299,153.0,153.0,0,1
13546.0,3,647.4099999999999,2010-10-11 17:23:00,2011-05-23 12:14:00,223,109,111.5,111.5,1,0
13548.0,3,901.44,2010-08-25 13:44:00,2011-09-04 14:50:00,375,5,187.0,187.0,0,1
13549.0,6,849.65,2010-11-17 12:17:00,2011-07-20 13:21:00,245,51,48.6,40.0,1,0
13551.0,2,244.19999999999996,2010-02-11 15:01:00,2011-01-24 14:46:00,346,228,346.0,346.0,0,1
13552.0,19,5971.76,2010-02-19 13:28:00,2011-08-08 11:28:00,534,32,29.333333333333332,22.0,1,0
13554.0,7,1629.3500000000001,2010-09-19 12:39:00,2010-11-24 15:05:00,66,289,10.666666666666666,10.5,0,1
13555.0,11,6383.01,2010-01-19 13:20:00,2011-05-22 11:24:00,487,110,48.5,38.0,1,0
13556.0,2,200.82,2010-09-30 09:01:00,2010-10-06 16:44:00,6,338,6.0,6.0,0,1
13557.0,12,2688.88,2009-12-08 17:41:00,2011-03-04 12:14:00,450,189,40.36363636363637,23.0,1,0
13559.0,2,990.0,2010-06-14 11:52:00,2010-07-15 09:52:00,30,421,30.0,30.0,0,1
13561.0,11,1803.4,2010-02-28 13:42:00,2011-05-08 12:39:00,433,124,43.0,29.5,0,1
13562.0,7,4248.58,2010-01-14 16:33:00,2011-07-21 15:12:00,552,50,91.66666666666667,115.0,1,0
13564.0,37,16498.97,2009-12-02 11:55:00,2011-07-18 14:33:00,593,53,16.055555555555557,10.0,0,1
13565.0,2,284.75999999999993,2010-10-24 15:51:00,2011-01-09 14:28:00,76,243,76.0,76.0,1,0
13566.0,3,831.76,2010-03-10 12:22:00,2010-10-01 12:27:00,205,343,102.0,102.0,1,0
13567.0,4,1079.29,2010-06-16 12:48:00,2010-10-07 12:51:00,113,337,37.333333333333336,43.0,0,1
13569.0,3,497.74000000000007,2010-10-07 13:05:00,2010-12-07 12:29:00,60,276,29.5,29.5,1,0
13571.0,21,3532.15,2009-12-08 13:02:00,2011-09-08 11:27:00,638,1,31.4,27.0,1,0
13573.0,5,646.0400000000001,2010-03-12 16:06:00,2011-03-31 14:47:00,383,162,95.25,97.0,1,0
13575.0,2,218.75,2011-06-16 14:24:00,2011-07-29 11:28:00,42,42,42.0,42.0,1,0
13576.0,23,9326.19,2009-12-08 15:12:00,2011-09-04 12:07:00,634,5,28.363636363636363,28.0,1,0
13577.0,10,2995.4800000000005,2009-12-14 16:10:00,2011-09-08 11:44:00,632,1,69.88888888888889,69.0,1,0
13579.0,4,1071.9999999999998,2010-02-18 13:53:00,2010-12-05 16:10:00,290,278,96.0,53.0,1,0
13581.0,2,280.53000000000003,2010-10-21 16:30:00,2011-02-03 14:41:00,104,218,104.0,104.0,0,1
13582.0,2,241.68,2010-04-01 11:38:00,2010-11-15 11:34:00,227,298,227.0,227.0,0,1
13583.0,2,1445.031,2010-01-29 13:53:00,2011-07-07 10:40:00,523,64,523.0,523.0,0,1
13584.0,3,385.7,2010-02-02 08:40:00,2011-02-06 12:49:00,369,215,184.0,184.0,0,1
13585.0,3,684.54,2009-12-01 14:56:00,2010-06-27 12:33:00,207,439,103.5,103.5,0,1
13587.0,3,961.1000000000001,2010-02-14 13:17:00,2010-09-16 13:52:00,214,358,107.0,107.0,1,0
13588.0,4,1420.7200000000003,2011-03-29 15:53:00,2011-09-01 11:15:00,155,8,51.333333333333336,20.0,1,0
13589.0,5,888.0900000000001,2009-12-06 10:26:00,2011-06-13 12:44:00,554,88,138.0,115.5,1,0
13590.0,16,5470.5,2009-12-01 13:37:00,2011-07-12 10:46:00,587,59,38.8,39.0,1,0
13591.0,6,1753.04,2009-12-14 15:44:00,2011-05-19 13:58:00,520,113,103.8,122.0,1,0
13592.0,3,205.51,2011-03-20 14:01:00,2011-05-18 09:13:00,58,114,29.0,29.0,1,0
13593.0,14,5493.290000000001,2010-03-02 16:36:00,2011-08-23 13:35:00,538,17,41.07692307692308,41.0,0,1
13595.0,3,784.48,2010-03-03 14:42:00,2010-07-11 12:36:00,129,425,64.5,64.5,0,1
13597.0,2,396.71000000000004,2010-11-02 09:30:00,2010-11-04 14:54:00,2,309,2.0,2.0,0,1
13598.0,4,601.9200000000001,2010-02-26 11:22:00,2010-08-01 13:21:00,156,404,52.0,72.0,1,0
13599.0,20,6974.960000000001,2009-12-01 12:30:00,2011-07-06 12:18:00,581,65,30.31578947368421,29.0,1,0
13600.0,2,518.42,2010-03-15 17:16:00,2011-01-31 15:27:00,321,221,321.0,321.0,0,1
13601.0,3,839.87,2010-06-11 15:03:00,2011-05-12 16:52:00,335,120,167.5,167.5,1,0
13602.0,3,596.2800000000001,2010-05-28 11:49:00,2010-11-23 12:14:00,179,290,89.5,89.5,1,0
13605.0,2,522.67,2010-05-17 15:46:00,2010-11-17 17:16:00,184,296,184.0,184.0,0,1
13606.0,2,246.63000000000002,2011-02-01 11:42:00,2011-04-10 12:52:00,68,152,68.0,68.0,1,0
13610.0,12,1786.1399999999999,2010-01-05 14:12:00,2011-08-21 14:42:00,593,19,53.27272727272727,55.0,1,0
13611.0,9,2780.25,2009-12-03 07:57:00,2011-06-22 12:25:00,566,79,70.375,68.0,1,0
13613.0,5,1039.85,2010-02-17 12:40:00,2010-09-13 12:01:00,207,361,51.75,17.0,0,1
13614.0,4,1526.16,2010-06-06 13:42:00,2011-06-28 14:58:00,387,73,128.66666666666666,157.0,1,0
13615.0,8,6272.53,2010-01-28 15:43:00,2011-01-25 08:21:00,361,227,51.142857142857146,58.0,0,1
13616.0,2,283.85,2010-01-17 14:56:00,2010-05-20 12:59:00,122,477,122.0,122.0,0,1
13617.0,7,1100.2700000000002,2010-08-01 15:23:00,2011-08-18 13:17:00,381,22,63.166666666666664,29.5,1,0
13619.0,2,224.94,2010-02-03 14:16:00,2010-06-13 11:39:00,129,453,129.0,129.0,0,1
13623.0,9,2344.49,2009-12-02 13:57:00,2011-05-13 16:12:00,527,119,65.25,48.0,1,0
13626.0,2,707.0400000000001,2010-11-25 16:12:00,2011-04-01 10:05:00,126,161,126.0,126.0,0,1
13627.0,5,1634.43,2010-03-09 14:03:00,2011-06-16 13:50:00,463,85,115.5,141.0,1,0
13629.0,16,11296.859999999999,2010-02-11 17:34:00,2011-09-01 18:54:00,567,8,37.266666666666666,33.0,1,0
13630.0,5,1361.46,2011-02-27 12:49:00,2011-08-26 10:32:00,179,14,44.5,50.0,1,0
13631.0,11,3070.42,2011-03-17 17:13:00,2011-09-01 09:57:00,167,8,16.5,8.5,0,1
13632.0,6,2339.1400000000003,2010-04-07 10:59:00,2011-06-19 12:23:00,438,82,87.2,60.0,1,0
13634.0,14,4242.38,2010-01-10 14:26:00,2011-08-25 13:46:00,591,15,45.0,47.0,1,0
13635.0,3,1928.13,2009-12-01 09:46:00,2010-09-23 10:06:00,296,351,147.5,147.5,1,0
13636.0,4,646.5500000000001,2011-02-27 14:29:00,2011-08-09 14:56:00,163,31,54.0,24.0,1,0
13637.0,2,678.6500000000001,2011-04-27 13:06:00,2011-06-05 13:24:00,39,96,39.0,39.0,1,0
13641.0,5,1016.4700000000001,2009-12-05 13:17:00,2010-03-09 07:37:00,93,549,22.75,7.0,0,1
13642.0,4,472.2,2010-10-03 12:23:00,2011-05-08 12:34:00,217,124,72.33333333333333,0.0,0,1
13643.0,9,1896.73,2009-12-08 12:48:00,2011-09-02 10:42:00,632,7,78.5,77.0,1,0
13646.0,2,326.24999999999994,2010-11-05 12:00:00,2010-11-05 12:13:00,0,308,0.0,0.0,0,1
13647.0,6,2197.42,2010-04-15 12:55:00,2011-06-17 13:17:00,428,84,85.0,59.0,1,0
13648.0,8,1764.0200000000002,2009-12-01 18:13:00,2010-11-04 14:46:00,337,309,47.714285714285715,62.0,0,1
13649.0,6,1453.6799999999998,2010-06-30 16:35:00,2011-03-28 11:51:00,270,165,53.4,35.0,0,1
13650.0,6,2197.1800000000003,2010-01-26 08:44:00,2011-05-16 14:19:00,475,116,94.6,106.0,1,0
13652.0,4,1805.21,2010-02-25 17:37:00,2011-03-28 09:21:00,395,165,131.33333333333334,112.0,1,0
13654.0,9,5314.9400000000005,2009-12-02 11:43:00,2011-07-17 13:29:00,592,54,73.5,57.5,1,0
13655.0,6,2280.5100000000007,2010-04-27 09:59:00,2011-08-17 14:25:00,477,23,95.2,127.0,0,1
13656.0,4,1078.8500000000001,2010-04-23 12:50:00,2011-06-28 10:31:00,430,73,143.0,162.0,0,1
13658.0,5,4319.629999999999,2010-02-05 13:17:00,2011-05-19 17:15:00,468,113,116.75,117.0,1,0
13659.0,12,4884.68,2010-02-17 09:05:00,2011-05-18 12:37:00,455,114,41.0,24.0,0,1
13662.0,10,1868.79,2010-02-19 13:21:00,2011-05-11 13:23:00,446,121,49.44444444444444,47.0,1,0
13663.0,5,2047.5099999999998,2010-03-03 10:11:00,2011-06-13 15:44:00,467,88,116.5,119.5,0,1
13665.0,3,1711.66,2010-07-23 13:29:00,2010-11-18 13:06:00,117,295,58.5,58.5,0,1
13666.0,4,107.29999999999998,2009-12-04 10:48:00,2011-02-25 13:08:00,448,196,149.0,132.0,1,0
13668.0,30,11539.62,2009-12-11 14:28:00,2011-08-18 12:53:00,614,22,20.689655172413794,19.0,1,0
13669.0,2,243.15,2010-10-28 15:05:00,2011-07-13 11:44:00,257,58,257.0,257.0,1,0
13672.0,3,419.92,2009-12-09 11:40:00,2011-02-11 13:53:00,429,210,214.0,214.0,0,1
13675.0,2,486.82000000000005,2011-02-28 12:14:00,2011-07-11 12:57:00,133,60,133.0,133.0,0,1
13676.0,2,243.9,2010-03-30 16:53:00,2010-06-18 17:30:00,80,448,80.0,80.0,0,1
13677.0,2,551.2400000000001,2010-07-07 17:25:00,2010-10-31 11:32:00,115,313,115.0,115.0,0,1
13679.0,3,281.26000000000005,2009-12-04 16:52:00,2010-08-03 12:13:00,241,402,120.5,120.5,0,1
13680.0,10,10092.14,2009-12-04 14:14:00,2011-01-06 12:11:00,397,246,43.666666666666664,26.0,1,0
13684.0,4,594.88,2010-03-28 14:48:00,2011-02-27 10:13:00,335,194,111.0,104.0,0,1
13686.0,3,409.04,2010-11-03 13:44:00,2011-06-10 09:10:00,218,91,109.0,109.0,0,1
13692.0,4,2497.66,2010-10-15 13:28:00,2011-05-10 10:11:00,206,122,68.33333333333333,22.0,1,0
13693.0,9,2011.82,2009-12-07 11:29:00,2010-11-30 18:21:00,358,283,44.25,20.0,0,1
13694.0,132,176512.71000000002,2009-12-04 15:26:00,2011-08-24 13:27:00,627,16,4.4961832061068705,1.0,1,0
13695.0,13,2033.67,2010-05-11 11:07:00,2011-09-02 14:09:00,479,7,39.583333333333336,16.5,1,0
13696.0,3,2020.4,2010-02-11 14:17:00,2010-10-14 09:44:00,244,330,121.5,121.5,0,1
13698.0,2,451.73,2010-01-27 09:02:00,2010-04-22 11:52:00,85,505,85.0,85.0,0,1
13699.0,2,764.15,2010-06-07 13:03:00,2011-07-07 16:51:00,395,64,395.0,395.0,0,1
13700.0,11,1983.1100000000001,2010-02-07 10:53:00,2011-09-08 12:05:00,578,1,57.5,42.5,1,0
13703.0,2,425.55999999999995,2010-10-20 13:11:00,2011-01-25 13:10:00,96,227,96.0,96.0,0,1
13705.0,6,1528.0099999999998,2010-03-25 17:19:00,2011-07-18 09:15:00,479,53,95.2,68.0,1,0
13706.0,2,631.1700000000001,2010-03-23 09:18:00,2011-02-10 09:21:00,324,211,324.0,324.0,0,1
13707.0,5,3365.86,2010-06-21 11:57:00,2011-03-17 18:03:00,269,176,67.0,77.0,0,1
13709.0,10,4182.51,2010-01-11 10:40:00,2011-08-30 10:20:00,595,10,65.77777777777777,70.0,1,0
13710.0,2,329.04,2010-04-06 12:54:00,2010-10-12 10:22:00,188,332,188.0,188.0,1,0
13711.0,9,1792.2600000000002,2009-12-15 19:04:00,2011-05-05 10:31:00,505,127,62.75,35.0,0,1
13712.0,2,766.4200000000001,2010-04-08 11:16:00,2011-04-07 12:33:00,364,155,364.0,364.0,0,1
13713.0,3,740.76,2010-05-05 16:48:00,2010-10-27 16:18:00,174,317,87.0,87.0,0,1
13715.0,17,8153.040000000001,2010-03-11 15:33:00,2011-03-03 19:21:00,357,190,21.8125,19.5,0,1
13717.0,6,1274.28,2010-08-11 09:40:00,2011-08-03 08:21:00,356,37,70.8,57.0,1,0
13718.0,2,306.55,2011-02-17 11:58:00,2011-04-07 13:24:00,49,155,49.0,49.0,0,1
13719.0,8,2080.14,2010-05-17 14:36:00,2011-05-18 12:52:00,365,114,51.714285714285715,29.0,1,0
13720.0,4,799.9,2011-03-30 09:17:00,2011-08-15 12:46:00,138,25,45.333333333333336,59.0,0,1
13722.0,10,5635.41,2010-03-03 14:13:00,2011-07-31 12:44:00,514,40,57.0,28.0,0,1
13723.0,6,1194.0800000000002,2010-04-07 14:32:00,2011-05-06 17:04:00,394,126,78.6,50.0,0,1
13725.0,7,1865.7,2011-02-04 12:18:00,2011-06-23 16:02:00,139,78,22.833333333333332,17.5,1,0
13727.0,6,740.6700000000001,2009-12-09 13:25:00,2010-04-07 12:14:00,118,520,23.4,28.0,1,0
13728.0,15,2636.0500000000006,2009-12-09 17:13:00,2011-08-24 12:54:00,622,16,43.785714285714285,37.5,1,0
13729.0,3,724.7300000000002,2010-01-24 14:57:00,2010-09-30 10:44:00,248,344,123.5,123.5,0,1
13730.0,2,752.6,2011-07-01 12:47:00,2011-07-27 08:35:00,25,44,25.0,25.0,0,1
13731.0,2,610.59,2011-04-07 10:10:00,2011-05-04 14:33:00,27,128,27.0,27.0,0,1
13733.0,2,487.03000000000003,2009-12-04 15:28:00,2010-10-25 12:18:00,324,319,324.0,324.0,0,1
13734.0,4,6695.69,2010-04-16 08:42:00,2010-07-19 12:04:00,94,417,31.0,9.0,0,1
13735.0,11,8288.92,2009-12-13 13:31:00,2011-06-17 11:07:00,550,84,54.6,40.5,1,0
13736.0,6,2380.2,2009-12-06 12:07:00,2011-03-24 13:04:00,473,169,94.2,85.0,1,0
13740.0,5,1582.77,2009-12-02 12:22:00,2011-04-13 10:32:00,496,149,123.75,125.0,0,1
13741.0,2,363.13000000000005,2011-05-06 13:43:00,2011-06-09 07:53:00,33,92,33.0,33.0,1,0
13742.0,10,2632.5700000000006,2011-01-23 14:59:00,2011-06-30 13:25:00,157,71,17.11111111111111,16.0,1,0
13743.0,5,912.1199999999998,2011-03-25 14:46:00,2011-08-24 10:20:00,151,16,37.25,40.0,1,0
13744.0,2,1080.52,2011-02-20 14:08:00,2011-09-05 15:19:00,197,4,197.0,197.0,0,1
13745.0,2,777.36,2010-06-11 17:19:00,2011-06-30 16:43:00,383,71,383.0,383.0,0,1
13747.0,2,169.79999999999998,2010-10-11 09:15:00,2010-12-01 10:37:00,51,282,51.0,51.0,0,1
13748.0,9,2064.35,2009-12-01 16:44:00,2011-09-05 09:45:00,642,4,80.0,17.5,0,1
13750.0,10,3271.55,2010-04-01 14:49:00,2011-07-22 14:39:00,476,49,52.44444444444444,37.0,1,0
13752.0,7,1579.8300000000002,2010-06-30 10:23:00,2011-08-07 14:16:00,403,33,66.83333333333333,29.5,0,1
13753.0,4,2094.57,2009-12-03 10:20:00,2011-02-25 12:48:00,449,196,149.33333333333334,85.0,0,1
13754.0,3,447.04999999999995,2010-09-28 15:29:00,2011-07-11 11:51:00,285,60,142.0,142.0,0,1
13756.0,17,6438.76,2009-12-15 15:18:00,2011-09-07 13:19:00,630,2,38.8125,28.0,1,0
13758.0,13,7859.1,2009-12-01 10:06:00,2011-05-22 15:12:00,537,110,44.333333333333336,32.5,1,0
13760.0,4,1211.94,2010-04-25 13:10:00,2011-03-28 12:52:00,336,165,112.0,131.0,1,0
13761.0,5,1373.23,2010-02-21 11:08:00,2011-06-13 08:43:00,476,88,118.75,76.5,1,0
13762.0,5,2472.48,2010-01-10 12:13:00,2011-05-05 09:15:00,479,127,119.25,43.5,0,1
13763.0,2,3502.48,2010-09-30 17:39:00,2010-10-18 13:25:00,17,326,17.0,17.0,1,0
13764.0,5,2343.49,2010-03-07 12:56:00,2011-07-18 17:15:00,498,53,124.25,133.0,1,0
13767.0,64,26359.58,2009-12-01 10:52:00,2011-08-23 10:24:00,629,17,9.555555555555555,5.0,1,0
13768.0,2,875.97,2009-12-09 10:25:00,2009-12-13 10:41:00,4,635,4.0,4.0,0,1
13769.0,18,4858.23,2009-12-16 11:59:00,2011-09-08 13:55:00,631,1,36.705882352941174,33.0,1,0
13770.0,4,785.3700000000001,2009-12-09 14:44:00,2010-10-13 15:10:00,308,331,102.33333333333333,84.0,0,1
13771.0,7,4559.22,2010-02-25 12:37:00,2011-05-24 12:57:00,453,108,75.0,31.5,1,0
13772.0,7,2660.3599999999997,2010-02-23 13:55:00,2011-09-04 11:22:00,557,5,92.33333333333333,91.0,1,0
13773.0,2,301.53999999999996,2010-02-18 10:27:00,2010-11-08 11:49:00,263,305,263.0,263.0,0,1
13776.0,2,623.98,2010-10-07 16:07:00,2010-10-07 16:11:00,0,337,0.0,0.0,0,1
13777.0,52,36021.340000000004,2009-12-02 09:47:00,2011-08-02 12:59:00,608,38,11.509803921568627,11.0,1,0
13778.0,4,1124.4899999999998,2010-05-23 13:34:00,2011-08-28 15:25:00,462,12,153.66666666666666,42.0,0,1
13780.0,2,488.34000000000003,2010-10-28 19:51:00,2011-06-22 11:43:00,236,79,236.0,236.0,1,0
13781.0,3,778.8300000000002,2009-12-18 15:46:00,2011-04-03 12:08:00,470,159,234.5,234.5,0,1
13782.0,10,1362.0100000000002,2009-12-06 12:52:00,2011-08-07 12:21:00,608,33,67.22222222222223,48.0,1,0
13783.0,4,1542.0899999999997,2010-02-04 13:47:00,2010-08-09 09:23:00,185,396,61.0,69.0,0,1
13784.0,12,2571.59,2010-09-15 12:27:00,2011-09-06 12:27:00,356,3,31.90909090909091,19.0,1,0
13785.0,4,542.49,2010-09-05 16:01:00,2010-10-07 09:25:00,31,337,10.0,0.0,0,1
13786.0,6,3127.9900000000002,2009-12-03 15:32:00,2010-12-07 13:53:00,368,276,73.4,26.0,0,1
13787.0,5,1019.8599999999999,2010-01-14 10:13:00,2010-12-10 14:45:00,330,273,82.25,94.5,1,0
13791.0,2,1516.0,2011-06-24 16:38:00,2011-08-04 11:44:00,40,36,40.0,40.0,0,1
13792.0,2,262.99999999999994,2010-10-13 11:05:00,2011-02-25 14:03:00,135,196,135.0,135.0,1,0
13795.0,4,836.2999999999998,2010-03-12 12:44:00,2010-11-16 17:25:00,249,297,82.33333333333333,101.0,0,1
13797.0,3,1179.45,2010-03-02 12:17:00,2010-09-29 10:34:00,210,345,105.0,105.0,0,1
13798.0,95,67436.16,2009-12-08 16:21:00,2011-09-07 15:34:00,637,2,6.351063829787234,6.0,1,0
13799.0,9,2803.57,2010-03-05 16:39:00,2011-08-15 12:07:00,527,25,65.5,34.5,0,1
13800.0,3,1679.56,2009-12-03 10:03:00,2011-02-03 12:27:00,427,218,213.0,213.0,0,1
13802.0,19,26259.11,2010-02-16 10:11:00,2011-07-24 10:54:00,523,47,28.666666666666668,20.0,0,1
13803.0,3,1338.9099999999999,2010-03-31 10:00:00,2011-03-29 12:57:00,363,164,181.5,181.5,0,1
13804.0,6,2098.7400000000002,2010-09-29 10:26:00,2011-09-04 10:59:00,340,5,67.6,44.0,1,0
13807.0,3,422.20000000000005,2009-12-04 12:41:00,2010-12-07 15:48:00,368,276,184.0,184.0,0,1
13808.0,2,723.1,2011-09-04 12:07:00,2011-09-07 12:10:00,3,2,3.0,3.0,1,0
13809.0,3,679.6999999999999,2010-09-05 11:42:00,2011-02-07 13:15:00,155,214,77.0,77.0,0,1
13811.0,3,814.5,2011-04-14 18:40:00,2011-06-09 09:54:00,55,92,27.0,27.0,0,1
13813.0,5,1783.7500000000002,2009-12-06 10:16:00,2011-07-28 10:33:00,599,43,149.25,70.0,1,0
13814.0,3,2257.32,2010-06-30 14:12:00,2011-09-08 13:48:00,434,1,216.5,216.5,0,1
13815.0,6,6426.130000000001,2010-02-12 10:26:00,2011-06-20 13:08:00,493,81,98.4,88.0,1,0
13819.0,6,2642.3500000000004,2009-12-01 16:18:00,2011-02-11 10:38:00,436,210,86.8,10.0,0,1
13820.0,3,652.75,2010-01-28 12:26:00,2010-10-17 13:46:00,262,327,130.5,130.5,0,1
13821.0,6,1379.0800000000002,2010-01-04 13:36:00,2011-07-18 09:49:00,559,53,111.2,116.0,0,1
13823.0,6,3096.21,2009-12-15 14:34:00,2011-09-09 10:42:00,632,0,126.0,107.0,1,0
13824.0,11,3045.66,2010-03-12 15:17:00,2011-07-27 09:22:00,501,44,49.6,47.0,1,0
13825.0,2,255.59,2009-12-09 14:30:00,2010-03-28 11:02:00,108,530,108.0,108.0,0,1
13827.0,2,300.75999999999993,2011-07-19 15:38:00,2011-07-29 11:45:00,9,42,9.0,9.0,1,0
13831.0,16,5837.939999999999,2009-12-10 14:50:00,2011-07-24 12:26:00,590,47,38.86666666666667,21.0,1,0
13833.0,2,700.41,2010-10-31 14:11:00,2011-07-03 13:27:00,244,68,244.0,244.0,0,1
13834.0,2,324.19,2010-02-08 12:52:00,2010-05-12 10:27:00,92,485,92.0,92.0,0,1
13835.0,5,798.0400000000001,2010-03-04 08:26:00,2011-07-07 15:16:00,490,64,122.0,82.0,1,0
13836.0,2,620.3700000000001,2010-10-21 13:27:00,2010-11-05 13:31:00,15,308,15.0,15.0,0,1
13837.0,2,266.59000000000003,2011-01-26 12:15:00,2011-05-12 12:10:00,105,120,105.0,105.0,0,1
13838.0,9,1482.79,2010-05-09 11:40:00,2011-08-14 10:52:00,461,26,57.5,3.0,1,0
13842.0,16,4098.99,2010-02-16 15:54:00,2011-07-07 12:41:00,505,64,33.2,30.0,1,0
13846.0,3,1106.6599999999999,2010-11-05 09:47:00,2011-04-11 15:03:00,157,151,78.0,78.0,1,0
13848.0,8,3015.0,2009-12-09 16:17:00,2011-09-08 12:58:00,637,1,90.71428571428571,73.0,0,1
13849.0,4,2524.93,2010-03-25 12:03:00,2011-06-22 10:11:00,453,79,150.66666666666666,190.0,1,0
13851.0,8,4606.46,2010-01-29 11:54:00,2011-09-05 12:36:00,584,4,82.85714285714286,46.0,0,1
13854.0,34,10304.199999999997,2010-01-08 11:28:00,2011-09-08 14:35:00,608,1,17.939393939393938,14.0,1,0
13855.0,4,1310.3400000000001,2009-12-08 16:56:00,2010-07-27 09:53:00,230,409,76.0,95.0,0,1
13856.0,11,1142.03,2010-03-30 15:40:00,2011-06-24 10:03:00,450,77,44.5,19.5,0,1
13857.0,6,1001.01,2010-05-17 14:21:00,2010-11-11 12:54:00,177,302,35.0,27.0,0,1
13859.0,2,515.8600000000001,2010-06-28 15:36:00,2011-01-17 16:14:00,203,235,203.0,203.0,0,1
13861.0,2,273.26,2010-06-27 11:37:00,2010-10-06 14:20:00,101,338,101.0,101.0,0,1
13862.0,7,2128.03,2010-11-15 13:43:00,2011-08-23 14:53:00,281,17,46.333333333333336,45.0,1,0
13863.0,4,1239.55,2010-04-25 13:09:00,2011-04-06 10:20:00,345,156,114.66666666666667,76.0,0,1
13865.0,3,383.34,2011-02-23 12:04:00,2011-07-26 11:24:00,152,45,76.0,76.0,1,0
13869.0,10,7996.869999999999,2010-01-17 14:53:00,2011-08-08 13:53:00,567,32,62.666666666666664,60.0,0,1
13870.0,12,5120.61,2010-02-08 12:08:00,2011-08-30 11:32:00,567,10,51.27272727272727,35.0,1,0
13871.0,13,6095.24,2009-12-20 13:09:00,2011-09-08 12:51:00,626,1,51.75,31.0,1,0
13872.0,3,919.57,2009-12-14 09:56:00,2010-06-30 15:35:00,198,436,99.0,99.0,0,1
13873.0,8,1038.92,2010-03-03 12:31:00,2011-08-12 10:08:00,526,28,74.57142857142857,73.0,0,1
13874.0,7,2049.1499999999996,2010-02-04 18:39:00,2010-12-16 18:20:00,314,267,52.0,39.0,0,1
13875.0,13,4452.38,2009-12-17 10:30:00,2011-07-29 09:11:00,588,42,48.75,49.0,1,0
13877.0,2,332.4400000000001,2010-01-19 10:53:00,2010-08-26 17:19:00,219,379,219.0,219.0,1,0
13878.0,3,1145.3300000000002,2010-04-14 13:50:00,2010-06-10 10:15:00,56,456,27.5,27.5,1,0
13880.0,12,2754.8500000000004,2010-05-26 14:29:00,2011-07-17 14:07:00,416,54,37.45454545454545,41.0,1,0
13881.0,34,37418.259999999995,2010-03-04 14:41:00,2011-09-05 11:43:00,549,4,16.272727272727273,14.0,1,0
13883.0,14,5628.32,2009-12-08 17:26:00,2011-05-05 12:39:00,512,127,39.0,28.0,1,0
13884.0,8,1233.6799999999998,2010-08-26 19:57:00,2011-03-07 12:53:00,192,186,27.0,8.0,1,0
13885.0,2,506.8,2011-05-23 08:52:00,2011-06-03 15:07:00,11,98,11.0,11.0,0,1
13888.0,7,2001.59,2010-05-13 11:57:00,2011-08-12 10:13:00,455,28,75.5,84.5,0,1
13889.0,6,1991.2300000000002,2010-01-22 14:32:00,2011-09-08 09:13:00,593,1,118.2,63.0,0,1
13890.0,6,1544.6799999999998,2009-12-06 15:15:00,2011-08-24 13:12:00,625,16,124.6,87.0,1,0
13891.0,3,859.21,2010-05-06 16:02:00,2010-11-26 15:57:00,203,287,101.5,101.5,0,1
13892.0,3,689.2,2010-05-13 10:32:00,2011-04-07 12:04:00,329,155,164.0,164.0,1,0
13895.0,4,2352.75,2009-12-03 13:09:00,2011-07-19 14:03:00,593,52,197.0,220.0,1,0
13897.0,2,849.56,2010-01-31 13:48:00,2010-09-27 13:36:00,238,347,238.0,238.0,1,0
13898.0,2,686.4,2010-10-24 15:42:00,2011-01-18 10:28:00,85,234,85.0,85.0,0,1
13900.0,6,1610.5900000000001,2010-03-25 13:46:00,2011-06-09 19:26:00,441,92,88.0,115.0,0,1
13901.0,14,5461.419999999999,2010-01-05 09:29:00,2011-08-24 12:36:00,596,16,45.61538461538461,49.0,1,0
13902.0,5,34095.26,2009-12-15 10:02:00,2010-03-17 13:09:00,92,541,22.5,26.0,0,1
13908.0,3,1461.6100000000001,2011-03-08 12:04:00,2011-08-05 11:46:00,149,35,74.5,74.5,1,0
13909.0,2,282.8499999999999,2010-07-06 16:52:00,2010-10-12 17:22:00,98,332,98.0,98.0,0,1
13911.0,19,4091.71,2010-03-01 16:31:00,2011-07-18 13:30:00,503,53,27.444444444444443,22.0,1,0
13916.0,4,1275.81,2010-02-02 10:06:00,2010-09-02 10:04:00,211,372,70.33333333333333,77.0,0,1
13919.0,3,1189.02,2010-06-17 09:30:00,2011-08-10 10:15:00,419,30,209.0,209.0,1,0
13920.0,4,1774.6799999999998,2010-05-26 15:48:00,2010-10-04 12:37:00,130,340,43.0,38.0,0,1
13921.0,4,730.7000000000002,2009-12-18 12:19:00,2010-11-02 16:32:00,319,311,105.66666666666667,116.0,0,1
13922.0,3,865.1999999999999,2010-08-29 14:36:00,2010-12-23 10:38:00,115,260,57.5,57.5,0,1
13925.0,4,678.25,2011-07-28 12:09:00,2011-09-08 12:47:00,42,1,14.0,13.0,0,1
13928.0,2,225.45,2011-07-29 15:59:00,2011-08-25 12:13:00,26,15,26.0,26.0,1,0
13929.0,11,3494.1,2010-01-14 07:25:00,2011-06-23 15:26:00,525,78,52.3,46.5,0,1
13931.0,11,5257.379999999999,2009-12-03 10:26:00,2011-09-05 10:12:00,640,4,63.7,32.0,0,1
13933.0,2,608.7899999999998,2011-07-14 13:35:00,2011-08-22 14:03:00,39,18,39.0,39.0,0,1
13935.0,3,6116.92,2010-02-25 16:01:00,2010-04-22 11:21:00,55,505,27.5,27.5,0,1
13936.0,3,939.66,2010-10-21 14:21:00,2011-06-13 08:47:00,234,88,116.5,116.5,0,1
13937.0,2,880.13,2010-11-02 12:37:00,2011-06-23 16:35:00,233,78,233.0,233.0,0,1
13939.0,6,1382.6200000000001,2010-04-06 12:43:00,2011-08-23 11:53:00,503,17,100.4,97.0,1,0
13940.0,2,391.06,2011-07-18 16:05:00,2011-08-15 12:47:00,27,25,27.0,27.0,1,0
13941.0,13,7745.4800000000005,2009-12-16 16:10:00,2011-06-21 09:44:00,551,80,45.416666666666664,26.0,1,0
13945.0,2,854.1499999999999,2010-08-17 09:59:00,2010-11-10 10:00:00,85,303,85.0,85.0,0,1
13946.0,5,1800.63,2009-12-04 11:07:00,2011-05-22 12:03:00,534,110,133.0,104.0,1,0
13948.0,4,548.76,2009-12-04 12:14:00,2010-12-14 10:18:00,374,269,124.66666666666667,87.0,0,1
13951.0,3,674.4499999999998,2011-02-18 15:21:00,2011-06-16 16:43:00,118,85,58.5,58.5,0,1
13952.0,14,12823.521,2009-12-16 09:41:00,2011-05-06 09:00:00,505,126,38.38461538461539,39.0,0,1
13953.0,10,5729.36,2009-12-11 12:58:00,2011-08-16 10:03:00,612,24,67.55555555555556,64.0,1,0
13955.0,3,544.0699999999999,2010-11-29 17:35:00,2011-07-08 17:19:00,220,63,110.0,110.0,0,1
13956.0,3,676.07,2011-03-13 12:51:00,2011-07-24 16:12:00,133,47,66.5,66.5,1,0
13957.0,3,458.25,2010-02-19 10:32:00,2010-10-18 10:02:00,240,326,120.0,120.0,0,1
13958.0,8,4709.23,2009-12-05 13:12:00,2010-11-25 10:11:00,354,288,50.285714285714285,51.0,0,1
13959.0,5,808.1700000000001,2010-07-16 15:11:00,2011-03-03 18:16:00,230,190,57.0,58.5,1,0
13962.0,2,310.8500000000001,2010-09-30 10:35:00,2011-04-08 11:21:00,190,154,190.0,190.0,1,0
13963.0,17,2860.57,2010-04-21 16:20:00,2011-02-04 14:43:00,288,217,17.5625,17.5,0,1
13964.0,2,438.90000000000003,2010-10-05 12:38:00,2010-11-17 13:53:00,43,296,43.0,43.0,0,1
13965.0,3,996.61,2010-01-05 15:21:00,2010-08-20 10:40:00,226,385,113.0,113.0,0,1
13967.0,2,166.3,2010-11-08 13:24:00,2011-07-17 12:02:00,250,54,250.0,250.0,0,1
13969.0,28,7832.52,2010-03-25 13:15:00,2011-08-24 15:47:00,517,16,18.703703703703702,14.0,1,0
13970.0,2,846.55,2010-09-28 11:53:00,2010-11-18 13:21:00,51,295,51.0,51.0,0,1
13971.0,12,3895.21,2010-01-26 09:51:00,2011-08-25 14:23:00,576,15,52.0,53.0,1,0
13975.0,10,4261.83,2010-02-02 13:13:00,2011-08-03 13:39:00,547,37,60.22222222222222,60.0,1,0
13976.0,4,1192.3600000000001,2010-02-09 13:08:00,2011-05-17 09:13:00,461,115,153.33333333333334,83.0,0,1
13979.0,6,2510.0600000000004,2009-12-03 10:02:00,2010-11-11 14:10:00,343,302,68.2,68.0,1,0
13980.0,4,568.6800000000001,2010-02-21 14:18:00,2010-09-26 12:58:00,216,348,71.66666666666667,78.0,1,0
13982.0,8,3312.62,2010-01-20 14:04:00,2011-06-29 15:11:00,525,72,74.42857142857143,38.0,1,0
13983.0,17,5831.5199999999995,2009-12-09 13:53:00,2011-06-05 16:05:00,543,96,33.4375,36.0,1,0
13984.0,11,1792.62,2009-12-07 11:51:00,2011-08-05 14:30:00,606,35,60.1,50.5,1,0
13985.0,14,5733.77,2010-02-09 13:56:00,2011-08-24 13:11:00,560,16,42.61538461538461,27.0,1,0
13987.0,2,682.54,2010-11-04 09:54:00,2010-11-25 10:20:00,21,288,21.0,21.0,0,1
13988.0,5,2533.34,2010-03-24 11:05:00,2011-06-30 11:54:00,463,71,115.25,90.5,1,0
13989.0,4,1656.65,2010-05-25 12:13:00,2011-04-14 15:39:00,324,148,108.0,76.0,1,0
13992.0,2,142.7,2010-09-02 17:04:00,2010-11-24 15:42:00,82,289,82.0,82.0,1,0
13993.0,16,5556.76,2009-12-03 11:57:00,2011-08-31 12:31:00,636,9,42.0,44.0,1,0
13994.0,2,419.56000000000006,2011-07-14 18:28:00,2011-08-26 11:35:00,42,14,42.0,42.0,1,0
13995.0,12,3380.2200000000003,2009-12-18 12:43:00,2011-08-16 09:00:00,605,24,54.63636363636363,45.0,1,0
13996.0,2,895.7600000000001,2010-11-05 15:07:00,2010-11-18 16:27:00,13,295,13.0,13.0,0,1
13997.0,3,376.46,2010-06-07 17:33:00,2010-07-08 18:06:00,31,428,15.5,15.5,0,1
13998.0,3,566.7,2010-05-12 13:18:00,2010-09-19 10:20:00,129,355,64.5,64.5,0,1
13999.0,26,8469.42,2009-12-05 12:42:00,2011-09-05 11:19:00,638,4,25.12,20.0,1,0
14000.0,5,2046.3400000000001,2009-12-02 09:50:00,2011-05-12 16:50:00,526,120,131.25,117.5,0,1
14001.0,8,3494.9100000000003,2010-08-03 12:49:00,2011-04-21 09:26:00,260,141,36.857142857142854,23.0,1,0
14002.0,2,529.7299999999999,2011-07-06 14:59:00,2011-07-28 15:55:00,22,43,22.0,22.0,0,1
14004.0,9,4879.07,2010-09-30 09:39:00,2011-09-02 13:50:00,337,7,41.875,30.0,1,0
14005.0,3,696.5599999999998,2011-05-08 10:33:00,2011-07-29 10:00:00,81,42,40.5,40.5,1,0
14006.0,7,2196.6700000000005,2010-02-25 09:45:00,2011-08-16 09:39:00,536,24,89.16666666666667,63.5,0,1
14009.0,3,1099.9099999999999,2010-09-03 12:08:00,2011-05-25 15:47:00,264,107,132.0,132.0,0,1
14010.0,2,445.15,2010-05-23 12:46:00,2010-05-23 13:00:00,0,474,0.0,0.0,0,1
14011.0,2,457.82000000000005,2010-04-11 13:40:00,2010-08-16 15:31:00,127,389,127.0,127.0,0,1
14013.0,5,1084.5700000000002,2010-03-26 10:02:00,2011-08-21 15:01:00,513,19,128.0,117.0,0,1
14014.0,2,1443.03,2010-05-12 09:04:00,2010-11-28 14:56:00,200,285,200.0,200.0,1,0
14016.0,11,11403.41,2010-01-08 14:12:00,2011-07-01 11:29:00,538,70,53.4,47.0,0,1
14019.0,2,800.5300000000002,2011-07-24 15:39:00,2011-09-02 12:51:00,39,7,39.0,39.0,1,0
14020.0,2,606.2099999999999,2010-06-28 15:29:00,2010-08-20 13:09:00,52,385,52.0,52.0,1,0
14021.0,7,1716.58,2010-04-26 11:22:00,2011-07-07 15:46:00,437,64,72.33333333333333,53.5,0,1
14022.0,2,792.15,2010-08-10 09:38:00,2011-04-28 14:39:00,261,134,261.0,261.0,0,1
14024.0,3,645.7399999999999,2010-11-14 10:51:00,2011-08-10 11:30:00,269,30,134.0,134.0,0,1
14025.0,8,4057.9000000000005,2010-05-05 09:56:00,2010-09-01 10:11:00,119,373,16.571428571428573,15.0,0,1
14026.0,2,713.11,2010-03-24 14:10:00,2010-08-26 10:31:00,154,379,154.0,154.0,0,1
14028.0,3,10396.5,2010-06-07 12:02:00,2010-06-07 13:33:00,0,459,0.0,0.0,0,1
14030.0,18,6820.46,2009-12-10 17:27:00,2011-08-10 16:19:00,607,30,35.294117647058826,17.0,1,0
14031.0,38,31359.68,2009-12-03 15:35:00,2011-08-05 14:49:00,609,35,16.054054054054053,13.0,1,0
14032.0,11,3416.1900000000005,2009-12-14 12:02:00,2011-06-24 11:08:00,556,77,55.2,34.5,1,0
14034.0,2,473.90999999999997,2011-07-05 13:06:00,2011-07-05 13:15:00,0,66,0.0,0.0,1,0
14035.0,7,2203.99,2010-04-06 12:39:00,2011-08-24 13:15:00,505,16,83.5,75.5,1,0
14037.0,6,836.9500000000002,2009-12-07 11:39:00,2011-06-16 13:57:00,556,85,110.6,113.0,0,1
14038.0,4,2595.92,2010-02-04 08:56:00,2011-07-18 15:15:00,529,53,176.0,189.0,1,0
14040.0,33,11697.95,2009-12-01 12:14:00,2011-09-06 14:29:00,644,3,19.6875,16.5,1,0
14043.0,2,302.6,2009-12-10 15:56:00,2010-08-05 18:18:00,238,400,238.0,238.0,0,1
14044.0,9,2966.99,2010-01-24 15:14:00,2011-08-28 14:39:00,580,12,72.125,68.0,1,0
14045.0,16,10986.629999999997,2010-01-08 10:08:00,2011-08-22 15:27:00,591,18,38.86666666666667,33.0,0,1
14047.0,12,3295.42,2010-02-01 10:05:00,2011-05-24 11:35:00,477,108,43.0,32.0,1,0
14048.0,3,748.69,2010-11-22 14:08:00,2011-02-07 14:53:00,77,214,38.5,38.5,0,1
14049.0,12,10689.42,2010-04-01 14:52:00,2011-07-04 11:47:00,458,67,41.27272727272727,42.0,1,0
14051.0,30,15432.43,2009-12-03 11:53:00,2011-09-09 10:16:00,644,0,21.724137931034484,18.0,1,0
14053.0,4,572.3,2010-08-10 11:02:00,2011-08-07 14:27:00,362,33,120.33333333333333,89.0,0,1
14055.0,3,1520.96,2009-12-16 15:11:00,2011-08-25 15:04:00,616,15,308.0,308.0,0,1
14056.0,17,5333.969999999999,2011-02-28 15:19:00,2011-08-24 16:02:00,177,16,10.5,9.0,1,0
14057.0,18,6940.679999999999,2009-12-03 13:17:00,2011-08-31 09:55:00,635,9,36.8235294117647,24.0,1,0
14058.0,2,469.19000000000005,2010-06-27 11:29:00,2010-09-03 09:31:00,67,371,67.0,67.0,0,1
14060.0,25,6860.6,2010-03-11 09:47:00,2011-08-23 16:49:00,530,17,21.625,20.0,1,0
14061.0,3,917.43,2009-12-01 18:03:00,2010-07-20 17:22:00,230,416,114.5,114.5,0,1
14062.0,22,23921.47,2009-12-10 14:28:00,2011-09-09 10:31:00,637,0,30.0,30.0,1,0
14063.0,9,22710.2,2009-12-08 13:46:00,2010-09-27 16:18:00,293,347,36.25,5.0,0,1
14064.0,14,3022.9299999999994,2010-01-21 13:22:00,2011-08-18 18:11:00,574,22,43.76923076923077,26.0,1,0
14065.0,3,891.02,2010-10-04 12:03:00,2010-11-15 16:13:00,42,298,21.0,21.0,0,1
14068.0,4,1516.72,2010-01-31 10:10:00,2011-01-23 16:02:00,357,229,118.66666666666667,45.0,0,1
14069.0,2,225.81,2010-05-27 12:30:00,2010-07-13 12:12:00,46,423,46.0,46.0,0,1
14071.0,2,356.81,2011-03-20 11:33:00,2011-03-24 13:28:00,4,169,4.0,4.0,1,0
14075.0,4,1100.53,2010-06-16 14:47:00,2011-03-23 16:35:00,280,170,92.66666666666667,70.0,1,0
14077.0,4,426.06000000000006,2010-11-09 16:01:00,2011-06-10 14:31:00,212,91,70.33333333333333,48.0,1,0
14078.0,9,1553.47,2010-03-28 15:05:00,2011-08-30 12:16:00,519,10,64.5,69.5,0,1
14079.0,2,618.7299999999999,2010-01-26 17:19:00,2011-08-07 12:10:00,557,33,557.0,557.0,0,1
14080.0,4,1070.0800000000002,2009-12-02 15:01:00,2010-10-22 14:04:00,323,322,107.33333333333333,101.0,1,0
14081.0,10,4867.57,2009-12-10 18:27:00,2011-02-10 16:17:00,426,211,47.22222222222222,32.0,0,1
14082.0,2,413.36,2010-11-12 11:47:00,2010-12-10 11:02:00,27,273,27.0,27.0,0,1
14083.0,9,612.6800000000002,2009-12-18 11:34:00,2011-08-05 14:31:00,595,35,74.0,70.0,1,0
14085.0,27,8520.32,2009-12-08 13:41:00,2011-07-21 13:48:00,590,50,22.26923076923077,17.0,1,0
14087.0,2,638.0000000000001,2009-12-04 15:27:00,2010-10-31 11:22:00,330,313,330.0,330.0,1,0
14088.0,10,39052.880000000005,2010-10-14 19:46:00,2011-08-03 11:21:00,292,37,32.0,14.0,1,0
14091.0,2,9530.080000000002,2010-01-10 13:41:00,2010-02-23 15:17:00,44,563,44.0,44.0,0,1
14092.0,20,5897.96,2009-12-16 16:24:00,2011-09-01 10:36:00,623,8,32.36842105263158,31.0,1,0
14096.0,3,244.67999999999998,2011-08-30 10:49:00,2011-09-09 15:17:00,10,0,4.5,4.5,1,0
14097.0,2,422.86,2010-03-04 10:46:00,2010-08-15 14:20:00,164,390,164.0,164.0,0,1
14099.0,17,4956.66,2009-12-10 11:55:00,2011-08-11 15:34:00,609,29,37.5625,38.5,1,0
14101.0,12,8929.529999999999,2010-03-28 13:36:00,2011-07-20 12:08:00,478,51,42.90909090909091,48.0,1,0
14104.0,5,743.53,2010-05-28 16:11:00,2011-07-08 12:50:00,405,63,100.75,84.5,0,1
14105.0,5,5988.83,2009-12-18 16:57:00,2011-04-14 17:58:00,482,148,120.0,139.5,0,1
14107.0,10,4636.01,2009-12-09 14:20:00,2011-09-04 15:20:00,634,5,70.0,66.0,1,0
14108.0,3,738.38,2009-12-01 18:07:00,2011-08-30 11:32:00,636,10,317.5,317.5,1,0
14110.0,26,10564.42,2009-12-01 09:50:00,2011-08-12 14:47:00,619,28,24.36,16.0,1,0
14111.0,3,295.49999999999994,2011-04-12 11:36:00,2011-09-05 12:21:00,146,4,72.5,72.5,1,0
14112.0,10,4820.26,2010-02-23 14:16:00,2011-08-01 12:16:00,523,39,57.888888888888886,71.0,1,0
14113.0,13,5685.6900000000005,2009-12-08 07:42:00,2010-12-20 12:14:00,377,263,30.916666666666668,19.5,1,0
14114.0,7,1364.0900000000001,2010-04-12 11:07:00,2011-03-11 09:42:00,332,182,54.833333333333336,59.0,0,1
14115.0,2,622.67,2010-02-11 11:44:00,2010-07-26 12:36:00,165,410,165.0,165.0,0,1
14116.0,2,628.8699999999999,2011-08-10 12:44:00,2011-09-08 09:51:00,28,1,28.0,28.0,1,0
14119.0,2,183.37,2009-12-21 14:52:00,2010-11-29 10:33:00,342,284,342.0,342.0,0,1
14122.0,3,362.41999999999996,2009-12-02 14:22:00,2010-10-29 15:11:00,331,315,165.0,165.0,0,1
14127.0,6,1900.0800000000006,2010-10-10 11:53:00,2011-08-09 10:49:00,302,31,59.8,53.0,0,1
14128.0,2,592.2499999999999,2010-06-06 14:05:00,2011-03-29 10:49:00,295,164,295.0,295.0,1,0
14129.0,7,2193.71,2010-05-09 14:54:00,2011-09-05 09:49:00,483,4,80.16666666666667,71.0,1,0
14130.0,4,1858.77,2009-12-11 16:33:00,2011-01-24 16:05:00,408,228,135.66666666666666,55.0,0,1
14132.0,5,1552.46,2011-06-09 12:04:00,2011-08-18 11:59:00,69,22,17.25,18.0,1,0
14133.0,4,911.1399999999999,2009-12-06 12:10:00,2011-08-02 11:34:00,603,38,201.0,186.0,0,1
14134.0,15,11123.35,2009-12-10 09:25:00,2010-11-22 12:26:00,347,291,24.428571428571427,22.0,0,1
14135.0,19,7339.68,2009-12-02 08:58:00,2011-08-26 14:44:00,632,14,34.77777777777778,19.0,1,0
14136.0,5,1570.81,2009-12-08 09:19:00,2010-11-04 11:53:00,331,309,82.5,69.0,0,1
14139.0,3,670.98,2010-06-15 09:17:00,2010-08-06 14:00:00,52,399,26.0,26.0,1,0
14142.0,2,671.3399999999999,2010-03-03 15:13:00,2010-12-01 16:33:00,273,282,273.0,273.0,0,1
14145.0,6,6709.050000000001,2010-04-08 09:47:00,2011-07-06 11:52:00,454,65,90.2,73.0,1,0
14146.0,9,7163.030000000001,2010-01-13 16:04:00,2011-03-30 11:04:00,440,163,54.75,33.0,1,0
14147.0,8,2289.6000000000004,2010-03-09 13:43:00,2011-02-27 11:42:00,354,194,50.285714285714285,48.0,1,0
14148.0,2,466.2900000000001,2010-10-21 14:08:00,2011-04-20 12:02:00,180,142,180.0,180.0,0,1
14151.0,2,679.45,2009-12-23 10:54:00,2010-02-04 15:35:00,43,582,43.0,43.0,0,1
14152.0,6,1690.56,2010-02-18 13:57:00,2011-04-19 15:46:00,425,143,84.6,57.0,1,0
14154.0,8,6460.7,2010-01-13 12:47:00,2011-04-14 16:26:00,456,148,64.85714285714286,42.0,0,1
14156.0,143,294916.32999999996,2009-12-01 12:30:00,2011-09-07 16:00:00,645,2,4.119718309859155,2.0,1,0
14157.0,4,822.9800000000001,2010-03-03 16:49:00,2011-02-27 13:04:00,360,194,119.33333333333333,103.0,1,0
14159.0,16,5963.18,2009-12-03 12:31:00,2011-09-05 12:00:00,640,4,42.266666666666666,28.0,1,0
14160.0,7,8421.47,2010-01-10 12:06:00,2010-04-08 14:30:00,88,519,14.5,14.5,0,1
14161.0,7,2996.9300000000003,2009-12-13 11:46:00,2011-05-08 11:41:00,510,124,84.5,80.0,0,1
14162.0,2,289.36,2011-02-20 12:32:00,2011-06-19 11:36:00,118,82,118.0,118.0,0,1
14163.0,4,1808.1,2010-09-03 17:15:00,2011-07-10 14:49:00,309,61,102.66666666666667,46.0,1,0
14166.0,2,251.14999999999998,2010-03-23 15:10:00,2010-07-22 19:42:00,121,414,121.0,121.0,0,1
14167.0,7,1101.5500000000002,2010-01-27 16:07:00,2011-06-27 16:46:00,516,74,85.33333333333333,79.5,1,0
14168.0,2,370.45,2010-05-24 12:28:00,2010-10-15 10:49:00,143,329,143.0,143.0,0,1
14169.0,2,621.51,2010-09-21 13:39:00,2010-10-05 08:45:00,13,339,13.0,13.0,0,1
14170.0,3,570.1800000000001,2010-11-09 14:06:00,2010-11-29 13:10:00,19,284,9.0,9.0,0,1
14171.0,2,498.79,2009-12-09 13:50:00,2011-09-02 16:43:00,632,7,632.0,632.0,0,1
14172.0,3,369.02,2010-03-07 10:58:00,2010-04-13 13:26:00,37,514,18.5,18.5,0,1
14173.0,3,249.2,2009-12-09 12:46:00,2011-05-04 14:03:00,511,128,255.5,255.5,1,0
14175.0,7,5662.570000000001,2010-03-22 10:43:00,2011-06-21 14:29:00,456,80,75.5,59.0,1,0
14176.0,5,756.46,2010-11-23 13:21:00,2011-02-15 13:12:00,83,206,20.5,21.0,0,1
14177.0,12,1959.69,2010-02-26 11:59:00,2011-09-05 12:24:00,556,4,50.36363636363637,13.0,1,0
14178.0,3,477.29,2011-06-10 12:51:00,2011-09-02 14:42:00,84,7,42.0,42.0,1,0
14180.0,30,5627.9,2010-06-09 14:56:00,2011-09-09 13:47:00,456,0,15.344827586206897,15.0,1,0
14181.0,2,308.35,2010-05-26 12:32:00,2010-10-25 08:27:00,151,319,151.0,151.0,0,1
14182.0,4,678.7700000000001,2010-04-22 15:36:00,2010-09-22 11:45:00,152,352,50.666666666666664,49.0,0,1
14183.0,2,278.34,2010-08-15 15:36:00,2010-10-24 14:45:00,69,320,69.0,69.0,0,1
14186.0,5,1550.6299999999999,2010-03-05 11:17:00,2010-10-08 13:30:00,217,336,53.75,46.5,0,1
14188.0,4,1383.46,2011-02-02 13:46:00,2011-08-22 13:42:00,200,18,66.33333333333333,60.0,1,0
14189.0,12,4116.99,2010-11-16 09:28:00,2011-09-04 13:45:00,292,5,26.0,29.0,1,0
14191.0,9,2391.1600000000003,2009-12-11 10:48:00,2011-08-23 14:25:00,620,17,77.125,21.0,1,0
14193.0,2,779.3400000000001,2010-11-08 12:31:00,2011-03-15 11:38:00,126,178,126.0,126.0,1,0
14194.0,27,12987.52,2010-01-06 12:16:00,2011-08-25 14:42:00,596,15,22.692307692307693,16.0,1,0
14195.0,6,2615.6,2010-03-15 17:12:00,2011-05-22 10:29:00,432,110,86.2,52.0,0,1
14198.0,7,1225.28,2010-01-05 10:07:00,2011-07-17 15:47:00,558,54,92.83333333333333,85.5,1,0
14199.0,4,1091.7,2010-06-27 12:13:00,2011-05-05 13:44:00,312,127,103.66666666666667,96.0,0,1
14201.0,8,967.34,2010-04-30 13:00:00,2011-07-13 15:18:00,439,58,62.285714285714285,37.0,1,0
14202.0,3,847.76,2010-03-25 10:36:00,2010-11-23 17:13:00,243,290,121.5,121.5,0,1
14204.0,3,874.22,2009-12-02 13:26:00,2010-10-13 13:32:00,315,331,157.0,157.0,1,0
14205.0,8,2170.4,2010-03-07 12:20:00,2011-03-20 15:07:00,378,173,53.57142857142857,55.0,1,0
14206.0,3,1185.01,2010-11-02 11:37:00,2011-04-14 16:38:00,163,148,81.0,81.0,0,1
14208.0,2,567.0500000000002,2010-06-06 13:11:00,2011-09-06 12:48:00,456,3,456.0,456.0,0,1
14209.0,14,4796.17,2010-01-22 10:28:00,2011-08-10 16:01:00,565,30,42.92307692307692,45.0,1,0
14210.0,16,5556.57,2010-01-06 10:17:00,2011-08-26 12:36:00,597,14,39.333333333333336,33.0,0,1
14211.0,15,3291.12,2009-12-09 12:48:00,2011-09-04 10:51:00,633,5,44.857142857142854,39.5,1,0
14214.0,3,899.16,2011-03-07 12:26:00,2011-07-06 15:02:00,121,65,60.5,60.5,1,0
14215.0,7,2558.88,2009-12-08 09:35:00,2011-06-06 10:04:00,545,95,90.33333333333333,72.5,1,0
14217.0,16,2505.1099999999997,2010-06-30 12:54:00,2011-09-01 12:16:00,427,8,28.0,22.0,1,0
14219.0,2,543.8900000000001,2010-08-03 14:42:00,2010-10-26 10:34:00,83,318,83.0,83.0,1,0
14220.0,4,1515.0,2010-05-19 13:26:00,2011-04-06 13:23:00,321,156,107.0,110.0,0,1
14221.0,15,5701.7,2010-04-06 14:10:00,2011-08-18 17:43:00,499,22,35.285714285714285,25.5,1,0
14223.0,3,991.1300000000001,2011-03-20 16:02:00,2011-09-08 13:38:00,171,1,85.5,85.5,0,1
14224.0,9,1841.71,2010-06-13 13:46:00,2011-08-21 13:24:00,433,19,53.75,48.5,0,1
14225.0,4,2031.0699999999995,2010-01-12 15:02:00,2010-10-01 10:32:00,261,343,87.0,77.0,0,1
14226.0,3,2462.34,2010-09-24 14:32:00,2011-05-13 14:16:00,230,119,115.0,115.0,1,0
14227.0,12,5417.27,2010-02-08 09:38:00,2011-05-27 14:50:00,473,105,42.81818181818182,30.0,1,0
14228.0,3,745.5,2010-06-11 12:29:00,2010-09-28 09:45:00,108,346,53.5,53.5,0,1
14229.0,6,1808.97,2010-08-25 11:47:00,2011-02-21 09:45:00,179,200,35.4,34.0,1,0
14230.0,3,979.8000000000001,2010-06-09 13:56:00,2010-09-30 09:07:00,112,344,56.0,56.0,0,1
14231.0,4,1235.6200000000001,2010-09-15 09:52:00,2011-06-09 11:05:00,267,92,88.66666666666667,56.0,0,1
14232.0,4,1573.3300000000004,2011-03-20 12:44:00,2011-08-16 12:52:00,149,24,49.0,49.0,1,0
14233.0,6,2400.65,2010-03-05 16:35:00,2011-05-12 10:45:00,432,120,86.0,99.0,1,0
14235.0,8,4375.99,2010-03-30 13:36:00,2011-07-05 10:58:00,461,66,65.42857142857143,49.0,1,0
14236.0,4,1253.7800000000002,2010-07-22 14:27:00,2010-12-02 18:49:00,133,281,44.0,39.0,1,0
14237.0,2,471.14,2010-04-28 10:04:00,2010-12-01 13:20:00,217,282,217.0,217.0,0,1
14238.0,3,434.23,2009-12-05 10:58:00,2011-01-17 14:40:00,408,235,204.0,204.0,0,1
14239.0,19,3763.210000000001,2009-12-05 12:36:00,2011-09-06 12:38:00,640,3,35.05555555555556,36.0,1,0
14240.0,2,583.9999999999999,2010-10-12 12:48:00,2011-04-28 11:40:00,197,134,197.0,197.0,1,0
14241.0,2,333.70000000000005,2010-01-12 15:11:00,2011-06-09 11:46:00,512,92,512.0,512.0,0,1
14242.0,2,280.55,2011-01-18 08:53:00,2011-04-19 11:46:00,91,143,91.0,91.0,0,1
14243.0,15,6934.93,2010-08-20 13:41:00,2011-09-05 13:10:00,380,4,26.642857142857142,21.5,1,0
14245.0,2,1693.4499999999998,2011-03-21 10:41:00,2011-05-04 08:40:00,43,128,43.0,43.0,0,1
14246.0,3,1474.0600000000002,2011-04-08 08:25:00,2011-08-21 11:50:00,135,19,67.5,67.5,0,1
14247.0,5,753.5600000000001,2010-06-06 15:07:00,2011-03-06 15:21:00,273,187,67.75,59.0,0,1
14248.0,3,1032.95,2010-07-12 14:27:00,2011-01-25 14:45:00,197,227,98.0,98.0,0,1
14249.0,12,5400.461000000001,2010-01-29 14:21:00,2010-10-25 12:34:00,268,319,24.181818181818183,14.0,0,1
14253.0,2,363.4,2010-03-26 15:08:00,2010-08-03 14:55:00,129,402,129.0,129.0,0,1
14256.0,5,2460.79,2010-01-14 10:35:00,2011-03-24 13:17:00,434,169,108.25,115.5,0,1
14257.0,8,5580.57,2010-03-01 15:36:00,2011-08-08 15:35:00,524,32,74.42857142857143,61.0,1,0
14258.0,23,28767.68,2009-12-04 08:36:00,2011-07-11 10:12:00,584,60,26.045454545454547,27.5,1,0
14260.0,3,824.2800000000001,2010-06-09 11:23:00,2010-08-25 14:55:00,77,380,38.5,38.5,0,1
14262.0,3,854.9999999999999,2011-04-13 12:23:00,2011-08-24 15:04:00,133,16,66.5,66.5,1,0
14264.0,6,1517.3600000000001,2010-04-07 13:21:00,2011-07-08 10:20:00,456,63,91.0,90.0,0,1
14265.0,4,1373.35,2010-04-06 14:39:00,2011-08-22 13:32:00,502,18,167.0,147.0,0,1
14267.0,3,1516.24,2011-03-24 11:38:00,2011-06-30 10:09:00,97,71,48.5,48.5,0,1
14271.0,2,214.18,2010-10-26 17:01:00,2011-04-28 12:47:00,183,134,183.0,183.0,0,1
14272.0,3,614.94,2010-05-06 14:01:00,2011-03-30 13:57:00,327,163,163.5,163.5,1,0
14273.0,3,450.05000000000007,2011-04-11 13:24:00,2011-07-26 14:56:00,106,45,52.5,52.5,1,0
14275.0,6,1189.3799999999999,2010-04-11 12:32:00,2010-11-09 09:06:00,211,304,42.0,40.0,0,1
14276.0,7,2102.6800000000003,2010-02-17 13:10:00,2011-09-02 09:45:00,561,7,93.16666666666667,95.0,0,1
14277.0,7,14638.64,2009-12-13 15:43:00,2011-05-11 13:20:00,513,121,85.16666666666667,83.0,1,0
14279.0,2,191.86,2010-01-27 16:34:00,2010-07-07 08:42:00,160,429,160.0,160.0,0,1
14282.0,19,6016.860000000001,2010-02-15 11:22:00,2011-08-22 11:03:00,552,18,30.27777777777778,23.5,1,0
14283.0,4,628.4399999999999,2010-05-19 12:22:00,2010-09-02 14:46:00,106,372,35.333333333333336,24.0,0,1
14285.0,5,1380.3100000000002,2009-12-08 14:13:00,2011-06-16 12:36:00,554,85,138.0,84.0,1,0
14286.0,5,5901.09,2009-12-04 08:40:00,2011-04-11 08:16:00,492,151,123.0,128.5,1,0
14287.0,2,83.28,2011-05-25 11:41:00,2011-05-25 11:44:00,0,107,0.0,0.0,1,0
14289.0,5,832.78,2011-02-23 12:33:00,2011-07-28 10:24:00,154,43,38.0,41.0,1,0
14290.0,4,2979.47,2009-12-08 11:44:00,2010-12-13 10:24:00,369,270,122.66666666666667,89.0,1,0
14291.0,19,6376.389999999999,2009-12-09 10:46:00,2011-08-11 10:55:00,610,29,33.666666666666664,31.0,1,0
14292.0,11,6944.53,2010-03-19 11:10:00,2011-07-17 12:18:00,485,54,48.1,49.5,1,0
14293.0,8,2595.86,2009-12-10 10:57:00,2011-07-15 15:28:00,582,56,82.57142857142857,30.0,1,0
14295.0,4,2196.71,2009-12-08 09:49:00,2010-09-27 09:48:00,292,347,97.0,90.0,1,0
14296.0,2,456.4,2010-05-14 14:34:00,2010-10-14 14:14:00,152,330,152.0,152.0,0,1
14298.0,75,80849.7,2009-12-11 13:49:00,2011-09-01 14:26:00,629,8,8.216216216216216,0.0,1,0
14299.0,23,12541.77,2009-12-02 10:58:00,2011-08-24 11:54:00,630,16,28.227272727272727,21.0,1,0
14301.0,4,1992.18,2010-02-11 13:07:00,2011-08-14 15:33:00,549,26,183.0,156.0,0,1
14302.0,3,742.9,2009-12-02 08:16:00,2010-10-05 08:10:00,306,339,153.0,153.0,0,1
14303.0,2,277.93999999999994,2010-10-01 10:31:00,2010-10-28 15:37:00,27,316,27.0,27.0,0,1
14304.0,3,1725.0100000000002,2010-05-18 10:50:00,2011-05-01 11:50:00,348,131,173.5,173.5,0,1
14305.0,2,1048.45,2011-07-27 14:14:00,2011-08-18 06:20:00,21,22,21.0,21.0,1,0
14306.0,4,1058.0800000000002,2010-01-31 13:42:00,2010-11-26 10:44:00,298,287,99.0,110.0,1,0
14307.0,8,3600.09,2009-12-07 13:06:00,2011-07-28 09:45:00,597,43,84.71428571428571,84.0,1,0
14308.0,2,1147.02,2010-06-08 16:39:00,2010-06-08 16:48:00,0,458,0.0,0.0,0,1
14309.0,9,3061.98,2010-06-07 10:24:00,2011-09-07 12:50:00,457,2,56.5,52.5,1,0
14311.0,2,516.45,2010-05-21 10:28:00,2011-04-11 10:14:00,324,151,324.0,324.0,0,1
14312.0,10,2525.8900000000003,2010-07-23 15:05:00,2011-09-09 13:14:00,412,0,45.333333333333336,37.0,1,0
14314.0,2,229.8,2010-10-05 08:00:00,2011-08-25 10:39:00,324,15,324.0,324.0,0,1
14315.0,7,2266.84,2010-03-15 12:49:00,2011-08-02 13:31:00,505,38,83.66666666666667,53.0,1,0
14316.0,5,1370.3400000000001,2010-03-19 15:18:00,2010-10-13 16:31:00,208,331,51.5,41.0,0,1
14320.0,5,1346.75,2010-01-21 11:44:00,2011-05-17 09:24:00,480,115,120.0,120.5,0,1
14321.0,5,1587.96,2010-08-23 12:56:00,2011-08-15 09:57:00,356,25,88.5,78.0,1,0
14322.0,4,474.1,2010-02-18 08:49:00,2010-10-06 15:17:00,230,338,76.66666666666667,22.0,0,1
14323.0,2,605.0600000000001,2011-04-15 11:44:00,2011-08-17 11:37:00,123,23,123.0,123.0,0,1
14324.0,2,701.6100000000001,2010-01-15 13:31:00,2010-10-26 11:44:00,283,318,283.0,283.0,0,1
14326.0,3,940.98,2010-06-25 12:10:00,2011-04-11 15:04:00,290,151,145.0,145.0,0,1
14327.0,6,1894.9299999999998,2010-01-08 14:04:00,2011-06-29 13:58:00,536,72,106.8,54.0,0,1
14329.0,12,8397.41,2009-12-16 15:31:00,2011-08-23 12:18:00,614,17,55.36363636363637,54.0,1,0
14331.0,2,462.65999999999997,2011-07-27 15:14:00,2011-08-07 13:17:00,10,33,10.0,10.0,0,1
14332.0,3,1196.2400000000002,2010-10-19 13:01:00,2011-07-15 10:33:00,268,56,134.0,134.0,1,0
14334.0,11,4094.9800000000005,2010-05-20 10:04:00,2011-09-07 10:55:00,475,2,46.9,42.5,1,0
14336.0,3,1114.39,2011-03-08 16:48:00,2011-05-25 14:44:00,77,107,38.0,38.0,1,0
14338.0,3,928.1,2010-06-21 10:32:00,2011-07-01 14:08:00,375,70,187.5,187.5,0,1
14339.0,2,620.27,2010-10-07 08:50:00,2011-04-11 11:06:00,186,151,186.0,186.0,0,1
14341.0,16,3424.5600000000004,2009-12-01 12:20:00,2011-08-01 14:05:00,608,39,40.2,17.0,1,0
14342.0,4,669.62,2010-08-24 13:03:00,2011-07-25 14:35:00,335,46,111.33333333333333,73.0,1,0
14343.0,4,1079.6599999999999,2010-01-18 16:47:00,2010-10-14 13:05:00,268,330,89.0,87.0,0,1
14344.0,20,2993.05,2010-03-23 15:47:00,2011-08-04 13:51:00,498,36,25.736842105263158,19.0,0,1
14346.0,5,2315.75,2010-07-30 10:44:00,2011-08-11 09:47:00,376,29,93.75,99.5,0,1
14350.0,3,972.0300000000001,2010-10-05 15:52:00,2011-03-10 14:14:00,155,183,77.5,77.5,0,1
14352.0,4,1078.9600000000003,2011-03-11 14:58:00,2011-07-05 15:41:00,116,66,38.333333333333336,38.0,0,1
14353.0,3,376.49999999999994,2010-10-04 12:38:00,2011-05-08 16:06:00,216,124,108.0,108.0,0,1
14355.0,3,840.05,2010-03-22 15:08:00,2010-12-09 12:16:00,261,274,130.5,130.5,0,1
14358.0,2,400.05999999999995,2010-10-07 17:26:00,2010-11-15 15:51:00,38,298,38.0,38.0,0,1
14363.0,2,227.47000000000003,2010-09-14 14:39:00,2010-11-02 17:01:00,49,311,49.0,49.0,0,1
14364.0,8,3717.35,2011-05-12 12:56:00,2011-08-23 11:01:00,102,17,14.142857142857142,12.0,0,1
14365.0,2,634.68,2010-01-27 09:44:00,2010-11-10 09:52:00,287,303,287.0,287.0,0,1
14367.0,10,5419.700000000001,2011-03-08 14:12:00,2011-07-25 09:26:00,138,46,15.11111111111111,15.0,1,0
14369.0,2,469.12999999999994,2010-02-16 10:28:00,2010-03-07 15:47:00,19,551,19.0,19.0,0,1
14370.0,6,1175.7800000000002,2010-02-01 08:35:00,2010-09-15 10:53:00,226,359,44.8,42.0,0,1
14372.0,2,860.0800000000002,2010-04-19 15:57:00,2010-09-22 16:17:00,156,352,156.0,156.0,0,1
14375.0,3,1106.82,2010-06-16 14:34:00,2011-06-07 13:44:00,355,94,177.5,177.5,0,1
14377.0,2,617.05,2011-03-22 13:38:00,2011-06-01 13:32:00,70,100,70.0,70.0,0,1
14379.0,3,1028.04,2010-08-16 15:31:00,2011-02-17 15:03:00,184,204,92.0,92.0,1,0
14388.0,14,5453.13,2010-01-20 11:54:00,2011-09-09 13:26:00,597,0,45.46153846153846,48.0,1,0
14389.0,4,1165.69,2010-04-28 14:57:00,2011-06-02 12:04:00,399,99,132.66666666666666,103.0,1,0
14390.0,8,3098.17,2010-10-10 14:30:00,2011-07-18 13:35:00,280,53,39.714285714285715,28.0,1,0
14395.0,17,6274.34,2010-04-18 13:12:00,2011-06-15 12:21:00,422,86,26.0,20.5,1,0
14396.0,6,1591.7400000000002,2009-12-02 14:21:00,2010-12-03 15:19:00,366,280,72.8,52.0,1,0
14397.0,10,1036.1200000000001,2011-05-10 12:25:00,2011-09-07 09:37:00,119,2,12.88888888888889,15.0,1,0
14398.0,2,707.7899999999998,2010-06-30 11:57:00,2010-11-03 13:46:00,126,310,126.0,126.0,0,1
14399.0,8,2108.21,2010-02-03 13:09:00,2010-11-10 13:23:00,280,303,39.57142857142857,30.0,0,1
14400.0,3,1732.47,2010-03-18 12:11:00,2011-07-13 15:50:00,482,58,241.0,241.0,0,1
14401.0,19,5823.8,2009-12-14 13:22:00,2011-09-05 11:51:00,629,4,34.5,19.5,1,0
14403.0,6,1880.51,2010-03-10 14:00:00,2011-08-01 12:57:00,508,39,101.2,49.0,0,1
14404.0,12,2597.33,2009-12-20 14:40:00,2011-08-23 11:16:00,610,17,55.09090909090909,49.0,1,0
14407.0,6,2157.73,2011-03-08 11:59:00,2011-08-24 14:02:00,169,16,33.6,18.0,0,1
14408.0,10,3794.05,2009-12-07 12:18:00,2011-09-06 11:29:00,637,3,70.44444444444444,48.0,1,0
14409.0,8,3311.57,2010-05-21 16:45:00,2011-08-09 10:52:00,444,31,63.0,49.0,1,0
14410.0,11,2631.9000000000005,2010-09-28 15:46:00,2011-09-08 15:08:00,344,1,34.0,45.0,0,1
14413.0,4,764.5200000000001,2010-01-19 14:27:00,2010-12-12 13:37:00,326,271,108.33333333333333,47.0,0,1
14414.0,8,2399.3300000000004,2010-11-30 10:12:00,2011-09-09 12:09:00,283,0,40.0,10.0,0,1
14415.0,19,9890.65,2009-12-16 14:08:00,2011-09-02 15:56:00,625,7,34.22222222222222,27.5,1,0
14419.0,3,509.99,2010-11-22 11:09:00,2011-04-01 11:47:00,130,161,64.5,64.5,1,0
14420.0,4,1639.1699999999998,2010-01-17 12:41:00,2011-09-01 18:07:00,592,8,197.0,179.0,0,1
14421.0,5,2111.44,2010-01-17 11:30:00,2011-05-12 10:49:00,479,120,119.25,84.5,1,0
14422.0,15,7040.030000000001,2009-12-17 12:12:00,2011-06-22 15:07:00,552,79,38.92857142857143,29.5,1,0
14423.0,3,916.6099999999999,2010-01-14 11:49:00,2011-05-05 15:12:00,476,127,237.5,237.5,0,1
14425.0,3,661.3899999999998,2009-12-02 11:31:00,2010-10-01 10:24:00,302,343,151.0,151.0,0,1
14426.0,13,10131.849999999999,2010-03-04 14:36:00,2011-07-22 11:56:00,504,49,41.5,36.5,1,0
14427.0,2,900.18,2010-03-18 09:49:00,2010-08-02 11:25:00,137,403,137.0,137.0,1,0
14428.0,2,330.62,2011-01-18 16:39:00,2011-04-14 09:43:00,85,148,85.0,85.0,1,0
14430.0,3,1220.9000000000003,2010-04-11 15:59:00,2010-07-16 11:35:00,95,420,47.5,47.5,0,1
14431.0,4,2614.2,2010-01-21 10:49:00,2011-02-10 10:40:00,384,211,127.66666666666667,76.0,0,1
14436.0,2,271.70000000000005,2010-06-04 11:32:00,2011-09-02 10:13:00,454,7,454.0,454.0,0,1
14437.0,5,873.3400000000001,2010-05-05 12:20:00,2010-12-09 09:27:00,217,274,54.0,49.0,0,1
14439.0,5,9443.04,2010-01-21 14:01:00,2011-01-24 11:39:00,367,228,91.5,119.5,0,1
14440.0,10,4810.0599999999995,2009-12-02 12:13:00,2011-01-27 10:30:00,420,225,46.22222222222222,39.0,1,0
14441.0,9,3596.2,2010-01-18 10:40:00,2011-09-06 09:45:00,595,3,73.875,65.0,1,0
14442.0,7,5367.02,2010-01-18 12:59:00,2011-05-19 11:36:00,485,113,80.66666666666667,103.0,0,1
14443.0,4,1654.29,2010-11-25 14:18:00,2011-07-24 11:40:00,240,47,79.66666666666667,58.0,1,0
14446.0,2,492.97,2010-11-18 12:08:00,2011-04-07 12:10:00,140,155,140.0,140.0,1,0
14447.0,3,1149.5299999999997,2010-11-04 13:32:00,2011-05-27 14:29:00,204,105,101.5,101.5,1,0
14449.0,6,1745.07,2010-09-29 13:15:00,2011-04-07 12:16:00,189,155,37.4,20.0,1,0
14450.0,7,1128.4400000000003,2010-04-08 12:09:00,2011-06-12 10:46:00,429,89,71.16666666666667,60.0,0,1
14451.0,11,2974.78,2010-01-17 10:35:00,2011-05-29 12:35:00,497,103,49.3,32.0,1,0
14452.0,3,527.27,2010-07-06 13:13:00,2011-09-07 11:32:00,427,2,213.5,213.5,1,0
14454.0,5,977.3,2009-12-06 12:56:00,2010-11-28 13:26:00,357,285,88.75,87.0,0,1
14455.0,4,617.72,2010-08-01 13:26:00,2010-10-03 15:48:00,63,341,20.666666666666668,24.0,0,1
14456.0,3,636.65,2011-07-20 13:06:00,2011-07-31 15:00:00,11,40,5.5,5.5,1,0
14459.0,2,5375.741,2010-02-26 13:26:00,2011-07-07 13:35:00,496,64,496.0,496.0,0,1
14460.0,9,1093.5,2009-12-15 19:06:00,2011-08-21 14:19:00,613,19,76.25,71.0,0,1
14461.0,13,6676.91,2010-01-18 12:48:00,2011-07-14 17:11:00,542,57,44.75,41.5,0,1
14462.0,10,1772.8899999999999,2010-10-03 14:13:00,2011-08-11 09:57:00,311,29,34.22222222222222,31.0,1,0
14463.0,4,786.5699999999999,2010-07-28 11:35:00,2011-09-02 15:20:00,401,7,133.33333333333334,72.0,0,1
14464.0,2,110.99999999999999,2010-03-22 15:20:00,2010-05-20 18:00:00,59,477,59.0,59.0,0,1
14465.0,11,3925.85,2010-01-07 15:03:00,2011-04-07 12:38:00,454,155,45.0,39.5,0,1
14466.0,11,3575.199999999999,2009-12-13 15:44:00,2011-08-16 08:39:00,610,24,60.5,57.0,1,0
14467.0,9,1738.68,2009-12-02 12:44:00,2011-01-31 12:35:00,424,221,52.625,50.5,1,0
14469.0,4,2093.46,2010-01-29 11:12:00,2010-10-19 14:30:00,263,325,87.0,77.0,0,1
14470.0,2,548.4900000000001,2010-10-05 12:39:00,2011-02-25 11:56:00,142,196,142.0,142.0,1,0
14471.0,2,400.95000000000005,2009-12-07 12:26:00,2010-04-27 17:12:00,141,500,141.0,141.0,0,1
14472.0,9,2118.7200000000003,2010-01-19 13:09:00,2011-08-28 11:01:00,585,12,72.625,30.5,0,1
14475.0,3,847.47,2010-10-27 09:20:00,2011-06-06 13:06:00,222,95,111.0,111.0,1,0
14477.0,5,1183.0,2010-01-04 15:41:00,2011-06-08 13:33:00,519,93,129.5,125.5,1,0
14478.0,4,1276.6600000000003,2009-12-01 13:20:00,2010-11-22 15:29:00,356,291,118.33333333333333,104.0,0,1
14479.0,4,1124.71,2009-12-06 13:48:00,2011-03-31 09:07:00,479,162,159.33333333333334,111.0,0,1
14480.0,3,1020.4700000000001,2009-12-21 16:32:00,2010-11-02 12:35:00,315,311,157.5,157.5,1,0
14481.0,5,2284.69,2010-01-31 12:43:00,2011-06-28 10:38:00,512,73,127.5,120.5,0,1
14482.0,8,2749.86,2010-08-26 14:13:00,2011-09-01 16:44:00,371,8,52.857142857142854,25.0,1,0
14483.0,2,257.1,2009-12-03 10:16:00,2011-03-03 10:26:00,455,190,455.0,455.0,0,1
14484.0,3,749.0599999999998,2009-12-17 10:57:00,2010-11-03 13:50:00,321,310,160.0,160.0,1,0
14486.0,2,175.5,2010-06-04 10:30:00,2010-07-16 09:42:00,41,420,41.0,41.0,0,1
14487.0,2,225.89,2010-11-25 13:36:00,2010-12-06 13:22:00,10,277,10.0,10.0,1,0
14489.0,4,1574.93,2010-04-06 09:52:00,2011-05-16 14:51:00,405,116,134.66666666666666,120.0,0,1
14490.0,2,1273.47,2010-10-07 11:36:00,2010-10-29 15:04:00,22,315,22.0,22.0,0,1
14491.0,2,340.93,2010-12-02 12:10:00,2011-06-17 15:22:00,197,84,197.0,197.0,0,1
14492.0,7,1921.9099999999999,2010-03-30 14:23:00,2010-10-05 13:21:00,188,339,31.166666666666668,19.5,0,1
14493.0,6,3315.84,2010-03-08 08:33:00,2011-07-07 16:59:00,486,64,97.0,56.0,1,0
14494.0,2,261.9,2009-12-08 13:25:00,2010-11-03 13:13:00,329,310,329.0,329.0,1,0
14495.0,2,91.6,2010-02-18 08:49:00,2011-08-10 14:13:00,538,30,538.0,538.0,1,0
14496.0,7,2363.89,2010-03-16 13:15:00,2011-02-01 09:01:00,321,220,53.0,35.0,0,1
14497.0,2,697.06,2010-02-04 09:59:00,2011-02-03 17:01:00,364,218,364.0,364.0,0,1
14498.0,9,3225.3,2010-06-07 16:05:00,2011-08-15 14:10:00,433,25,53.625,34.5,1,0
14499.0,6,1661.1599999999999,2010-08-27 11:57:00,2011-07-29 11:49:00,335,42,66.6,47.0,1,0
14500.0,2,335.85,2011-06-03 10:08:00,2011-08-19 17:02:00,77,21,77.0,77.0,1,0
14501.0,2,251.21,2011-01-24 10:43:00,2011-06-09 12:02:00,136,92,136.0,136.0,0,1
14502.0,7,1163.22,2011-01-30 15:52:00,2011-07-13 13:14:00,163,58,26.833333333333332,20.0,1,0
14504.0,3,542.71,2011-03-06 14:38:00,2011-04-10 16:01:00,35,152,17.0,17.0,1,0
14505.0,17,10242.390000000001,2009-12-09 14:48:00,2011-08-22 14:38:00,620,18,38.375,38.5,1,0
14506.0,5,1818.5600000000004,2010-04-19 08:27:00,2011-06-30 19:27:00,437,71,108.75,103.0,1,0
14507.0,9,2773.55,2009-12-10 17:04:00,2011-08-30 15:16:00,627,10,78.125,69.5,1,0
14508.0,3,554.87,2010-06-17 13:02:00,2010-11-28 13:21:00,164,285,82.0,82.0,1,0
14510.0,3,979.85,2010-09-29 13:35:00,2010-11-29 12:46:00,60,284,30.0,30.0,0,1
14511.0,2,329.89,2011-07-29 12:13:00,2011-09-08 13:26:00,41,1,41.0,41.0,1,0
14512.0,7,1215.97,2009-12-07 13:49:00,2011-06-05 12:39:00,544,96,90.33333333333333,97.0,0,1
14513.0,6,788.01,2010-05-20 17:57:00,2011-08-31 11:25:00,467,9,92.8,105.0,0,1
14514.0,8,3792.95,2009-12-13 13:21:00,2011-05-22 15:12:00,525,110,74.71428571428571,72.0,1,0
14515.0,8,2412.8200000000006,2010-06-07 12:37:00,2011-06-01 12:54:00,359,100,51.0,12.0,1,0
14519.0,2,203.14000000000001,2009-12-11 10:40:00,2010-01-25 11:18:00,45,592,45.0,45.0,0,1
14522.0,6,1534.58,2010-01-24 13:55:00,2011-09-08 15:39:00,592,1,117.8,33.0,1,0
14524.0,9,2094.9,2010-10-19 11:44:00,2011-06-14 12:46:00,238,87,29.25,25.0,1,0
14525.0,15,6630.93,2009-12-13 14:01:00,2011-08-31 14:28:00,626,9,44.07142857142857,35.0,1,0
14527.0,107,24021.17,2009-12-02 12:06:00,2011-09-02 12:37:00,639,7,5.5,5.0,1,0
14530.0,15,5709.08,2010-01-21 11:25:00,2011-09-07 12:55:00,594,2,42.0,38.0,1,0
14532.0,11,3845.78,2010-01-10 11:47:00,2011-04-17 13:05:00,462,145,45.8,40.0,0,1
14533.0,6,2251.6299999999997,2010-04-08 12:13:00,2011-08-19 12:06:00,497,21,99.2,70.0,1,0
14534.0,22,4821.75,2010-03-15 14:16:00,2011-09-05 12:20:00,538,4,25.19047619047619,16.0,1,0
14535.0,8,4771.200000000001,2010-02-24 15:03:00,2011-08-04 15:04:00,526,36,74.42857142857143,42.0,1,0
14538.0,4,1089.0900000000001,2010-01-25 15:42:00,2011-03-28 14:57:00,426,165,141.66666666666666,138.0,1,0
14540.0,9,2952.88,2009-12-07 13:00:00,2011-02-03 15:02:00,423,218,52.375,47.5,1,0
14541.0,13,2345.38,2010-01-07 11:59:00,2011-06-24 10:31:00,532,77,43.916666666666664,38.0,1,0
14543.0,36,14222.64,2009-12-01 13:47:00,2011-08-23 12:26:00,629,17,17.542857142857144,15.0,1,0
14544.0,2,2036.0,2010-08-26 16:00:00,2010-12-13 12:50:00,108,270,108.0,108.0,1,0
14546.0,8,3485.79,2009-12-06 13:10:00,2011-05-22 11:41:00,531,110,75.28571428571429,62.0,1,0
14548.0,9,2541.29,2009-12-06 14:00:00,2011-07-12 12:19:00,582,59,72.625,62.5,0,1
14549.0,4,913.6,2009-12-02 14:06:00,2011-02-01 13:47:00,425,220,141.33333333333334,143.0,0,1
14550.0,2,587.6899999999999,2010-08-13 12:05:00,2010-11-16 14:05:00,95,297,95.0,95.0,1,0
14551.0,6,817.2900000000001,2010-01-27 12:06:00,2011-05-19 18:21:00,477,113,95.2,90.0,1,0
14552.0,3,507.92999999999995,2010-04-26 13:44:00,2011-07-11 12:49:00,440,60,220.0,220.0,0,1
14553.0,6,1271.65,2010-07-18 12:07:00,2011-05-05 11:08:00,290,127,57.8,62.0,1,0
14555.0,5,2177.8300000000004,2009-12-18 11:39:00,2011-02-10 17:19:00,419,211,104.25,112.0,1,0
14556.0,3,815.6899999999999,2010-01-20 11:49:00,2010-04-22 14:57:00,92,505,45.5,45.5,0,1
14558.0,3,655.5,2009-12-08 10:41:00,2010-02-23 12:51:00,77,563,38.0,38.0,0,1
14560.0,37,5441.46,2009-12-02 10:15:00,2011-09-06 10:27:00,643,3,17.5,11.0,1,0
14561.0,2,566.9899999999999,2011-06-08 13:26:00,2011-06-30 13:43:00,22,71,22.0,22.0,1,0
14562.0,15,3940.76,2010-02-07 14:10:00,2011-09-08 19:58:00,578,1,40.785714285714285,34.0,1,0
14563.0,2,640.5400000000002,2010-04-26 12:51:00,2010-07-18 12:01:00,82,418,82.0,82.0,0,1
14564.0,2,2605.6200000000003,2009-12-04 09:27:00,2010-10-01 09:02:00,300,343,300.0,300.0,0,1
14565.0,5,3859.2200000000003,2010-08-23 09:48:00,2011-09-05 09:07:00,377,4,94.0,102.0,0,1
14566.0,4,4092.0,2010-06-24 10:34:00,2011-08-21 11:05:00,423,19,140.66666666666666,59.0,0,1
14569.0,3,369.94,2010-04-15 11:49:00,2010-09-13 10:51:00,150,361,75.0,75.0,1,0
14570.0,3,613.7500000000002,2010-09-22 13:07:00,2011-03-04 10:58:00,162,189,81.0,81.0,0,1
14572.0,9,4785.58,2010-03-28 13:47:00,2011-08-21 13:46:00,510,19,63.375,59.0,1,0
14573.0,13,2163.1200000000003,2010-01-08 16:34:00,2011-06-13 11:15:00,520,88,42.833333333333336,14.0,0,1
14577.0,6,1151.0800000000002,2009-12-11 12:09:00,2011-06-29 11:46:00,564,72,112.8,69.0,1,0
14583.0,7,1415.05,2010-03-28 15:16:00,2011-07-18 12:53:00,476,53,79.0,54.0,1,0
14584.0,8,1738.1600000000003,2010-02-17 14:01:00,2011-06-23 18:33:00,491,78,69.71428571428571,30.0,0,1
14585.0,4,986.22,2010-10-19 12:17:00,2010-11-22 12:44:00,34,291,10.666666666666666,7.0,1,0
14587.0,8,1452.68,2011-01-12 13:16:00,2011-06-08 14:09:00,147,93,20.571428571428573,19.0,1,0
14590.0,20,2993.37,2009-12-07 14:10:00,2010-10-11 12:06:00,307,333,15.631578947368421,13.0,0,1
14593.0,11,3387.9700000000003,2009-12-09 12:57:00,2011-05-25 11:21:00,531,107,52.9,13.0,1,0
14595.0,3,587.6500000000001,2010-01-20 13:59:00,2011-01-30 13:36:00,374,222,187.0,187.0,1,0
14597.0,5,1483.4899999999998,2010-09-28 13:17:00,2011-06-01 12:33:00,245,100,61.0,28.5,1,0
14599.0,2,457.89,2010-07-18 15:54:00,2010-11-14 14:49:00,118,299,118.0,118.0,0,1
14600.0,2,865.17,2010-11-11 15:56:00,2011-02-07 09:48:00,87,214,87.0,87.0,0,1
14605.0,4,921.56,2009-12-08 13:59:00,2010-11-30 14:07:00,357,283,118.66666666666667,134.0,0,1
14606.0,170,27384.129999999997,2009-12-03 12:40:00,2011-09-07 12:41:00,643,2,3.3431952662721893,3.0,1,0
14607.0,9,8048.63,2009-12-15 11:25:00,2011-03-23 15:22:00,463,170,57.625,46.0,1,0
14608.0,8,1771.79,2009-12-06 12:34:00,2010-12-12 14:49:00,371,271,52.57142857142857,30.0,1,0
14609.0,9,1371.0,2010-02-09 09:48:00,2011-07-19 17:04:00,525,52,65.125,65.0,1,0
14610.0,2,24.35,2010-07-13 16:06:00,2010-11-09 10:58:00,118,304,118.0,118.0,0,1
14611.0,2,604.3300000000002,2010-04-20 10:19:00,2010-09-22 09:19:00,154,352,154.0,154.0,0,1
14615.0,5,951.76,2010-06-09 13:59:00,2010-11-10 13:36:00,153,303,38.0,44.5,0,1
14616.0,5,527.78,2010-06-09 09:42:00,2011-04-11 09:54:00,306,151,75.75,54.0,0,1
14617.0,2,190.47,2010-10-20 10:40:00,2010-11-02 11:41:00,13,311,13.0,13.0,0,1
14618.0,5,1000.6800000000001,2010-06-11 10:11:00,2011-01-06 11:59:00,209,246,52.0,39.0,1,0
14619.0,2,1291.2400000000002,2010-06-16 14:41:00,2011-04-08 07:37:00,295,154,295.0,295.0,0,1
14620.0,2,412.78000000000003,2011-03-01 08:30:00,2011-05-18 11:58:00,78,114,78.0,78.0,0,1
14621.0,7,2215.12,2010-01-25 09:08:00,2011-07-06 12:31:00,527,65,87.33333333333333,89.5,1,0
14623.0,8,1736.44,2010-04-16 17:12:00,2011-08-15 13:51:00,485,25,68.85714285714286,70.0,1,0
14624.0,4,588.22,2010-04-14 10:44:00,2010-10-20 15:16:00,189,324,62.666666666666664,49.0,1,0
14625.0,11,4497.88,2009-12-16 13:23:00,2011-05-27 15:32:00,527,105,52.3,37.0,0,1
14626.0,9,4190.9400000000005,2009-12-10 14:57:00,2011-08-09 10:20:00,606,31,75.375,61.0,1,0
14628.0,5,1997.9999999999998,2010-01-25 14:40:00,2011-09-09 14:58:00,592,0,147.5,175.0,0,1
14631.0,5,1648.79,2010-08-09 14:45:00,2011-04-18 16:49:00,252,144,62.25,67.0,1,0
14634.0,4,2124.46,2010-06-16 09:48:00,2010-09-28 10:40:00,104,346,34.0,27.0,0,1
14639.0,7,3983.7,2010-02-16 12:35:00,2011-08-11 13:41:00,541,29,89.83333333333333,90.0,1,0
14640.0,8,3025.34,2010-01-22 15:44:00,2011-08-04 11:38:00,558,36,79.42857142857143,61.0,1,0
14643.0,5,1679.89,2009-12-11 11:52:00,2011-06-22 14:41:00,558,79,139.0,144.0,0,1
14644.0,6,1604.4600000000003,2009-12-03 16:24:00,2011-02-14 14:14:00,437,207,87.2,76.0,1,0
14645.0,3,876.8900000000001,2010-03-15 11:33:00,2011-07-06 09:15:00,477,65,238.0,238.0,0,1
14646.0,120,426699.12,2009-12-02 16:52:00,2011-09-08 11:28:00,644,1,5.092436974789916,1.0,1,0
14647.0,2,506.03999999999996,2010-07-04 13:27:00,2011-05-22 13:40:00,322,110,322.0,322.0,0,1
14648.0,15,4466.650000000001,2009-12-10 13:59:00,2010-10-19 13:12:00,312,325,21.928571428571427,16.5,0,1
14649.0,7,2830.7200000000003,2010-01-20 13:10:00,2011-05-11 14:42:00,476,121,79.16666666666667,69.0,1,0
14651.0,8,1787.24,2010-03-18 11:39:00,2011-05-12 16:29:00,420,120,59.714285714285715,33.0,1,0
14653.0,6,2011.2200000000003,2009-12-02 11:51:00,2011-01-05 13:41:00,399,247,79.4,37.0,1,0
14655.0,4,2756.84,2010-04-22 14:29:00,2011-05-01 14:59:00,374,131,124.33333333333333,134.0,1,0
14656.0,5,790.0,2010-04-15 12:10:00,2011-06-23 13:51:00,434,78,108.25,106.0,0,1
14657.0,5,1240.9099999999999,2010-09-30 19:57:00,2011-07-07 19:54:00,279,64,69.5,73.0,1,0
14659.0,6,1641.5500000000002,2011-01-28 12:43:00,2011-07-17 12:31:00,169,54,33.4,33.0,1,0
14662.0,6,1147.34,2009-12-03 16:47:00,2011-04-19 12:26:00,501,143,100.0,103.0,1,0
14663.0,2,490.6,2010-10-05 13:12:00,2010-10-05 13:21:00,0,339,0.0,0.0,0,1
14665.0,5,1645.6100000000001,2010-04-26 11:17:00,2011-02-16 10:34:00,295,205,73.75,65.0,1,0
14667.0,47,17231.760000000002,2009-12-02 12:38:00,2011-09-06 12:30:00,642,3,13.478260869565217,13.0,1,0
14669.0,7,3216.7799999999997,2009-12-02 13:06:00,2011-04-12 11:43:00,495,150,82.16666666666667,51.0,0,1
14670.0,3,583.33,2009-12-07 13:59:00,2011-03-04 14:13:00,452,189,225.5,225.5,0,1
14671.0,2,1127.45,2010-05-20 18:21:00,2010-06-08 13:39:00,18,458,18.0,18.0,0,1
14672.0,4,1113.1399999999996,2010-01-28 11:33:00,2011-04-19 10:19:00,445,143,148.0,164.0,0,1
14673.0,3,1674.4099999999999,2010-10-26 10:14:00,2010-12-07 12:49:00,42,276,21.0,21.0,1,0
14676.0,10,7499.47,2010-03-10 09:30:00,2011-07-15 11:50:00,492,56,54.22222222222222,59.0,1,0
14679.0,3,1289.44,2009-12-08 17:13:00,2010-11-23 11:51:00,349,290,174.5,174.5,0,1
14680.0,56,52356.95,2009-12-04 12:36:00,2011-09-05 15:49:00,640,4,11.072727272727272,7.0,1,0
14681.0,4,770.15,2010-02-24 08:54:00,2011-05-12 10:45:00,442,120,147.0,175.0,1,0
14682.0,6,1514.81,2010-02-05 14:47:00,2011-06-05 12:12:00,484,96,96.6,89.0,0,1
14684.0,3,721.9599999999999,2010-11-14 14:07:00,2011-05-08 12:58:00,174,124,87.0,87.0,1,0
14685.0,8,4536.639999999999,2009-12-13 11:32:00,2010-05-12 13:08:00,150,485,21.0,27.0,0,1
14686.0,5,852.5300000000001,2010-02-18 18:29:00,2010-10-21 18:31:00,245,323,61.0,0.0,0,1
14687.0,3,1402.06,2010-06-06 10:36:00,2011-08-25 11:59:00,445,15,222.0,222.0,0,1
14688.0,23,5797.77,2010-09-09 12:35:00,2011-09-08 12:16:00,363,1,16.09090909090909,14.0,1,0
14690.0,3,635.19,2010-10-25 12:20:00,2011-07-11 11:58:00,258,60,129.0,129.0,1,0
14691.0,2,1274.6799999999996,2011-05-11 09:55:00,2011-09-04 11:17:00,116,5,116.0,116.0,1,0
14692.0,12,1715.1400000000003,2010-04-01 14:04:00,2011-07-25 15:08:00,480,46,43.18181818181818,42.0,0,1
14693.0,7,1165.3600000000001,2010-07-02 08:28:00,2011-03-20 12:50:00,261,173,43.0,21.0,0,1
14695.0,3,1534.22,2009-12-07 11:05:00,2010-07-08 14:18:00,213,428,106.5,106.5,0,1
14696.0,6,1852.8700000000003,2010-10-14 11:43:00,2011-08-12 12:37:00,302,28,59.8,54.0,1,0
14697.0,2,188.60999999999996,2011-05-05 15:29:00,2011-05-05 15:39:00,0,127,0.0,0.0,0,1
14699.0,4,702.6,2010-07-02 12:04:00,2011-05-09 14:54:00,311,123,103.33333333333333,58.0,0,1
14700.0,4,2422.06,2010-08-11 12:19:00,2011-06-03 11:59:00,295,98,98.33333333333333,70.0,1,0
14701.0,13,3902.45,2010-01-24 12:15:00,2011-06-20 11:36:00,511,81,42.166666666666664,18.0,1,0
14702.0,21,4768.24,2009-12-10 20:22:00,2011-08-15 11:30:00,612,25,30.05,20.5,1,0
14704.0,4,466.46,2010-03-25 17:21:00,2011-07-20 12:01:00,481,51,160.0,199.0,1,0
14707.0,2,139.2,2010-05-12 11:07:00,2010-09-30 11:37:00,141,344,141.0,141.0,0,1
14708.0,4,1368.03,2010-09-10 10:26:00,2011-07-08 16:08:00,301,63,100.33333333333333,55.0,1,0
14709.0,21,7918.030000000001,2009-12-05 15:26:00,2011-09-07 12:21:00,640,2,31.5,29.5,1,0
14710.0,9,1300.31,2009-12-03 17:12:00,2010-11-25 13:29:00,356,288,44.125,25.5,1,0
14711.0,9,2355.63,2011-03-22 13:32:00,2011-09-09 13:42:00,171,0,20.625,16.5,1,0
14712.0,2,526.72,2010-10-17 14:49:00,2011-08-19 13:33:00,305,21,305.0,305.0,1,0
14713.0,19,4483.17,2009-12-03 19:22:00,2011-09-01 19:11:00,636,8,34.888888888888886,34.5,1,0
14714.0,3,746.05,2010-01-21 11:51:00,2010-10-28 17:46:00,280,316,140.0,140.0,1,0
14715.0,7,1552.8200000000002,2010-01-19 12:18:00,2011-09-06 12:02:00,594,3,98.66666666666667,94.5,1,0
14716.0,2,417.48999999999995,2010-09-21 12:07:00,2011-07-14 12:42:00,296,57,296.0,296.0,1,0
14719.0,2,488.12000000000006,2011-04-04 14:17:00,2011-06-13 12:52:00,69,88,69.0,69.0,1,0
14722.0,3,489.52,2010-08-10 13:28:00,2011-07-15 14:58:00,339,56,169.5,169.5,0,1
14723.0,8,1136.3500000000001,2009-12-04 11:22:00,2010-12-16 19:19:00,377,267,53.57142857142857,39.0,1,0
14725.0,3,597.1600000000001,2010-06-23 11:34:00,2010-11-10 11:47:00,140,303,70.0,70.0,1,0
14727.0,3,463.73,2010-06-11 13:23:00,2011-03-10 14:45:00,272,183,136.0,136.0,0,1
14729.0,3,586.24,2010-03-24 13:30:00,2010-12-01 12:43:00,251,282,125.5,125.5,0,1
14730.0,5,872.1300000000001,2011-03-08 12:49:00,2011-08-24 13:07:00,169,16,42.0,38.5,1,0
14731.0,2,251.02,2011-05-11 13:06:00,2011-05-18 11:02:00,6,114,6.0,6.0,1,0
14732.0,16,4432.88,2009-12-09 10:48:00,2011-07-19 09:31:00,586,52,38.6,40.0,1,0
14733.0,14,13793.44,2010-11-02 15:42:00,2011-08-21 11:57:00,291,19,21.923076923076923,22.0,1,0
14734.0,4,1056.4199999999998,2010-06-06 15:15:00,2010-10-10 12:04:00,125,334,41.666666666666664,45.0,0,1
14735.0,47,9770.18,2009-12-04 11:32:00,2011-09-01 16:45:00,636,8,13.5,9.5,1,0
14736.0,2,374.05,2010-08-11 15:13:00,2010-08-11 15:21:00,0,394,0.0,0.0,0,1
14737.0,3,3471.3700000000003,2010-11-04 11:29:00,2011-08-03 10:04:00,271,37,135.5,135.5,1,0
14738.0,7,1265.1,2009-12-07 10:21:00,2011-07-29 10:34:00,599,42,99.16666666666667,69.5,1,0
14739.0,22,9918.92,2009-12-02 13:23:00,2011-09-06 14:09:00,643,3,30.095238095238095,19.0,1,0
14740.0,11,4161.0599999999995,2010-02-25 11:40:00,2011-05-26 18:17:00,455,106,45.0,27.5,0,1
14741.0,5,1177.7099999999998,2010-10-18 09:33:00,2011-08-18 13:16:00,304,22,75.5,47.0,1,0
14744.0,12,3488.13,2010-05-18 14:06:00,2011-02-15 11:33:00,272,206,24.363636363636363,14.0,1,0
14745.0,12,2551.4100000000003,2010-03-12 10:33:00,2011-08-19 10:05:00,524,21,47.27272727272727,28.0,0,1
14746.0,4,593.5,2010-10-12 11:06:00,2010-10-29 14:44:00,17,315,5.666666666666667,8.0,0,1
14748.0,9,2384.92,2010-03-04 17:08:00,2011-08-08 12:28:00,521,32,64.75,70.0,1,0
14751.0,2,126.45000000000002,2009-12-13 14:08:00,2010-01-24 13:37:00,41,593,41.0,41.0,0,1
14754.0,5,1138.1499999999999,2010-01-18 11:04:00,2011-02-17 12:21:00,395,204,98.25,114.5,1,0
14755.0,21,7829.95,2009-12-03 16:51:00,2011-08-19 12:49:00,623,21,30.75,36.5,1,0
14756.0,2,1914.8,2010-10-11 11:50:00,2010-11-22 09:22:00,41,291,41.0,41.0,1,0
14758.0,7,2864.97,2010-04-08 08:27:00,2011-07-18 08:21:00,465,53,77.16666666666667,81.0,0,1
14759.0,2,870.85,2011-04-21 10:55:00,2011-08-19 08:57:00,119,21,119.0,119.0,1,0
14761.0,2,289.52,2010-09-21 14:22:00,2011-01-09 12:03:00,109,243,109.0,109.0,1,0
14762.0,2,417.57,2010-03-23 15:36:00,2011-03-21 08:20:00,362,172,362.0,362.0,0,1
14765.0,2,95.5,2011-06-16 19:49:00,2011-08-19 15:06:00,63,21,63.0,63.0,1,0
14766.0,9,5433.68,2010-06-06 11:11:00,2011-06-24 15:00:00,383,77,47.375,41.0,1,0
14769.0,15,11381.970000000001,2009-12-16 09:17:00,2011-08-23 15:34:00,615,17,43.42857142857143,37.5,1,0
14770.0,8,3637.6400000000003,2010-02-25 18:58:00,2011-04-21 14:21:00,419,141,59.42857142857143,41.0,0,1
14771.0,2,594.6199999999998,2009-12-03 09:44:00,2010-03-28 12:52:00,115,530,115.0,115.0,0,1
14775.0,2,701.4599999999999,2010-12-02 16:38:00,2011-07-25 12:12:00,234,46,234.0,234.0,1,0
14776.0,12,3032.2200000000003,2010-09-19 14:12:00,2011-08-26 14:23:00,341,14,30.454545454545453,27.0,1,0
14778.0,2,730.8599999999999,2011-02-04 11:43:00,2011-08-04 15:23:00,181,36,181.0,181.0,0,1
14779.0,3,386.15,2011-01-20 12:04:00,2011-03-04 12:42:00,43,189,21.5,21.5,0,1
14784.0,2,274.62,2010-11-15 09:49:00,2011-01-20 09:25:00,65,232,65.0,65.0,1,0
14790.0,8,2145.6,2009-12-11 14:37:00,2011-08-12 12:15:00,608,28,86.57142857142857,102.0,1,0
14794.0,7,1313.53,2010-08-09 15:44:00,2011-05-20 11:53:00,283,112,46.666666666666664,46.0,1,0
14796.0,24,8775.02,2009-12-14 15:06:00,2011-09-06 10:42:00,630,3,26.82608695652174,20.0,1,0
14798.0,7,647.9700000000001,2010-03-01 08:38:00,2011-07-18 14:40:00,504,53,83.33333333333333,73.0,1,0
14800.0,14,6692.030000000001,2010-09-30 14:38:00,2011-08-22 12:26:00,325,18,24.615384615384617,28.0,1,0
14802.0,2,1502.98,2010-09-27 16:32:00,2010-09-27 16:34:00,0,347,0.0,0.0,0,1
14803.0,3,845.55,2011-02-20 13:21:00,2011-06-30 13:58:00,130,71,64.5,64.5,0,1
14805.0,4,645.4000000000002,2010-03-28 12:34:00,2011-01-30 10:43:00,307,222,102.33333333333333,105.0,1,0
14807.0,2,504.14,2010-02-28 11:33:00,2010-11-14 12:47:00,259,299,259.0,259.0,0,1
14808.0,6,1833.82,2011-06-20 12:53:00,2011-07-18 13:33:00,28,53,5.2,5.0,1,0
14809.0,2,686.7600000000001,2010-03-28 15:42:00,2010-03-28 15:44:00,0,530,0.0,0.0,0,1
14810.0,12,2135.4799999999996,2010-10-06 13:12:00,2011-08-28 11:02:00,325,12,29.0,27.0,1,0
14813.0,4,888.9100000000001,2010-04-08 11:49:00,2010-12-05 11:57:00,241,278,80.0,16.0,0,1
14817.0,7,3959.86,2010-03-22 12:10:00,2011-05-23 13:35:00,427,109,70.66666666666667,81.5,0,1
14818.0,5,905.3900000000001,2010-03-02 12:48:00,2011-06-23 14:13:00,478,78,119.0,104.5,1,0
14819.0,3,269.06,2009-12-21 15:54:00,2011-05-31 13:50:00,525,101,262.5,262.5,1,0
14820.0,6,907.2400000000001,2010-01-31 12:49:00,2011-06-19 14:56:00,504,82,100.4,84.0,1,0
14821.0,7,1230.15,2010-02-01 13:33:00,2010-12-08 08:43:00,309,275,51.166666666666664,14.0,0,1
14823.0,3,321.42999999999995,2011-05-29 12:48:00,2011-06-12 13:12:00,14,89,6.5,6.5,0,1
14824.0,7,3337.1100000000006,2010-03-12 13:07:00,2011-09-09 14:12:00,546,0,90.5,40.0,1,0
14825.0,19,3847.5399999999995,2010-04-06 14:14:00,2011-08-04 11:16:00,484,36,26.444444444444443,19.0,1,0
14826.0,2,385.2,2010-01-13 13:08:00,2010-05-07 09:00:00,113,490,113.0,113.0,0,1
14828.0,13,9839.459999999997,2009-12-07 11:19:00,2011-05-27 10:16:00,535,105,44.166666666666664,43.0,0,1
14829.0,6,1289.95,2010-09-29 13:14:00,2011-06-08 14:29:00,252,93,50.0,15.0,1,0
14831.0,3,1676.5699999999997,2009-12-02 09:21:00,2010-01-28 14:31:00,57,589,28.5,28.5,0,1
14834.0,3,915.1600000000001,2010-10-28 17:37:00,2011-08-11 14:36:00,286,29,142.5,142.5,1,0
14835.0,2,297.0,2010-04-01 19:34:00,2010-06-29 10:08:00,88,437,88.0,88.0,0,1
14837.0,8,3156.38,2010-01-24 10:20:00,2011-08-26 13:00:00,579,14,82.28571428571429,61.0,1,0
14838.0,2,769.9200000000001,2009-12-03 09:52:00,2010-10-12 15:46:00,313,332,313.0,313.0,0,1
14839.0,3,915.2800000000001,2010-01-04 16:29:00,2010-10-17 13:01:00,285,327,142.5,142.5,0,1
14840.0,2,362.71,2010-06-18 15:42:00,2011-03-17 12:00:00,271,176,271.0,271.0,0,1
14841.0,12,6242.8099999999995,2009-12-02 16:49:00,2011-06-13 14:55:00,557,88,50.27272727272727,49.0,1,0
14842.0,3,1901.5200000000002,2011-02-04 15:32:00,2011-09-05 14:30:00,212,4,106.0,106.0,1,0
14844.0,9,5770.3,2010-04-12 12:50:00,2011-08-08 13:34:00,483,32,60.125,58.5,1,0
14847.0,3,1348.95,2010-05-24 12:29:00,2011-07-14 10:52:00,415,57,207.5,207.5,0,1
14849.0,35,13261.599999999999,2010-01-10 11:40:00,2011-09-05 14:57:00,603,4,17.5,10.5,1,0
14850.0,7,1770.96,2010-05-20 13:28:00,2011-02-01 11:21:00,256,220,42.5,0.5,0,1
14851.0,2,524.1899999999999,2010-03-19 11:52:00,2011-03-28 14:59:00,374,165,374.0,374.0,1,0
14852.0,17,5484.16,2010-03-05 14:51:00,2011-09-04 13:56:00,547,5,33.9375,30.5,1,0
14853.0,4,1115.57,2010-04-13 09:26:00,2011-05-12 15:17:00,394,120,131.0,120.0,1,0
14854.0,10,3844.86,2010-01-22 09:48:00,2011-07-29 15:40:00,553,42,61.0,57.0,1,0
14855.0,7,6520.299999999999,2010-04-08 10:30:00,2011-08-12 14:02:00,491,28,81.66666666666667,24.0,0,1
14857.0,6,3001.251,2010-03-15 11:00:00,2011-07-14 15:03:00,486,57,97.0,77.0,1,0
14859.0,2,648.76,2010-06-03 10:26:00,2011-05-19 14:42:00,350,113,350.0,350.0,1,0
14861.0,9,1254.94,2009-12-08 12:12:00,2010-11-24 11:18:00,350,289,43.5,26.5,1,0
14865.0,3,77.52000000000001,2009-12-01 16:05:00,2010-12-02 18:23:00,366,281,182.5,182.5,1,0
14866.0,11,7520.540000000001,2010-08-26 11:54:00,2011-08-26 11:48:00,364,14,36.0,12.5,1,0
14867.0,16,2952.06,2009-12-05 15:47:00,2011-06-07 11:39:00,548,94,36.2,22.0,0,1
14868.0,8,2527.4900000000002,2010-10-15 14:52:00,2011-08-11 14:55:00,300,29,42.42857142857143,26.0,1,0
14869.0,5,2443.75,2009-12-16 11:43:00,2011-08-28 16:09:00,620,12,154.75,137.0,1,0
14870.0,6,1838.95,2010-01-25 09:05:00,2011-03-23 10:51:00,422,170,84.2,101.0,0,1
14871.0,8,1062.1899999999998,2009-12-01 11:57:00,2011-06-14 13:04:00,560,87,79.42857142857143,76.0,1,0
14872.0,3,816.6,2010-03-16 14:41:00,2010-08-13 12:34:00,149,392,74.5,74.5,0,1
14873.0,2,854.1299999999999,2010-03-16 10:51:00,2011-05-13 13:52:00,423,119,423.0,423.0,0,1
14875.0,3,2862.4000000000005,2010-09-24 10:28:00,2011-08-24 12:20:00,334,16,167.0,167.0,0,1
14876.0,2,256.70000000000005,2010-05-27 13:49:00,2010-07-06 14:57:00,40,430,40.0,40.0,0,1
14877.0,2,425.84999999999997,2010-03-07 12:25:00,2010-10-17 13:09:00,224,327,224.0,224.0,0,1
14878.0,22,3683.4300000000003,2010-02-21 11:14:00,2011-06-19 11:14:00,483,82,22.428571428571427,20.0,1,0
14880.0,2,347.66999999999996,2011-02-24 12:27:00,2011-06-07 13:27:00,103,94,103.0,103.0,1,0
14882.0,12,2956.95,2010-03-30 15:02:00,2010-11-14 13:04:00,228,299,20.454545454545453,4.0,1,0
14883.0,2,358.48,2011-05-12 09:49:00,2011-06-29 09:32:00,47,72,47.0,47.0,1,0
14885.0,3,1598.1200000000001,2010-08-31 10:11:00,2011-07-31 12:05:00,334,40,166.5,166.5,0,1
14890.0,3,817.25,2010-02-18 09:00:00,2011-03-31 11:57:00,406,162,203.0,203.0,0,1
14891.0,4,1106.73,2010-09-29 12:41:00,2011-07-14 18:08:00,288,57,95.33333333333333,39.0,0,1
14894.0,2,837.0599999999998,2009-12-02 10:42:00,2010-09-22 15:23:00,294,352,294.0,294.0,1,0
14895.0,31,21955.620000000003,2009-12-10 14:22:00,2011-09-09 15:11:00,638,0,20.9,13.5,1,0
14896.0,8,1826.0000000000002,2009-12-06 12:42:00,2011-05-19 10:20:00,528,113,75.0,55.0,0,1
14897.0,5,1949.6599999999999,2009-12-15 17:05:00,2011-02-16 08:37:00,427,205,106.25,121.5,1,0
14898.0,13,3087.8199999999997,2009-12-03 16:40:00,2011-07-28 14:03:00,601,43,49.583333333333336,45.5,1,0
14901.0,8,1319.8300000000002,2010-07-29 11:11:00,2011-08-30 12:00:00,397,10,56.285714285714285,34.0,1,0
14902.0,2,702.9600000000002,2010-06-04 12:35:00,2010-11-09 10:29:00,157,304,157.0,157.0,1,0
14903.0,4,2398.62,2011-03-06 11:50:00,2011-08-07 12:42:00,154,33,51.0,46.0,1,0
14904.0,2,605.05,2010-10-08 12:48:00,2010-10-27 15:40:00,19,317,19.0,19.0,1,0
14905.0,8,1971.3899999999999,2009-12-03 14:36:00,2011-07-05 12:41:00,578,66,82.28571428571429,76.0,0,1
14907.0,14,4654.800000000001,2010-04-16 13:40:00,2011-09-01 16:41:00,503,8,38.30769230769231,9.0,1,0
14909.0,3,1404.6799999999998,2010-02-14 15:47:00,2010-09-28 16:56:00,226,346,112.5,112.5,0,1
14911.0,309,229613.43000000002,2009-12-01 11:41:00,2011-09-07 14:13:00,645,2,1.7077922077922079,1.0,1,0
14912.0,5,1504.19,2010-01-26 16:29:00,2011-04-07 11:06:00,435,155,108.5,123.0,1,0
14913.0,7,3762.8500000000004,2010-08-11 08:40:00,2011-06-09 14:14:00,302,92,49.833333333333336,32.5,1,0
14915.0,11,1811.25,2009-12-03 10:17:00,2011-09-09 13:34:00,645,0,64.2,58.0,0,1
14916.0,7,2741.7300000000005,2010-04-01 10:57:00,2011-09-07 10:07:00,523,2,86.83333333333333,81.0,1,0
14917.0,2,1123.7500000000002,2010-04-22 09:44:00,2010-04-22 11:28:00,0,505,0.0,0.0,0,1
14918.0,9,5955.8099999999995,2010-04-08 11:18:00,2011-08-16 11:50:00,495,24,61.625,36.0,0,1
14920.0,3,1607.1700000000003,2010-05-23 15:25:00,2011-05-11 10:32:00,352,121,176.0,176.0,0,1
14922.0,2,843.7400000000001,2010-07-20 09:45:00,2010-11-11 11:14:00,114,302,114.0,114.0,0,1
14924.0,3,931.01,2010-03-10 12:51:00,2011-04-08 09:25:00,393,154,196.5,196.5,0,1
14926.0,2,359.4,2010-04-20 09:59:00,2010-11-23 07:13:00,216,290,216.0,216.0,0,1
14930.0,6,5236.73,2010-04-12 11:22:00,2011-08-23 10:31:00,497,17,99.2,92.0,0,1
14931.0,2,586.0,2011-04-13 09:32:00,2011-05-17 17:12:00,34,115,34.0,34.0,1,0
14932.0,2,666.1300000000001,2010-11-19 09:16:00,2010-12-09 11:48:00,20,274,20.0,20.0,0,1
14933.0,4,1770.0,2010-09-21 17:29:00,2010-09-22 10:47:00,0,352,0.0,0.0,0,1
14934.0,4,2441.3999999999996,2010-09-24 12:08:00,2011-03-02 11:48:00,158,191,52.666666666666664,62.0,1,0
14935.0,2,2849.83,2010-03-30 11:48:00,2011-02-15 14:44:00,322,206,322.0,322.0,0,1
14936.0,7,9346.67,2010-05-05 12:26:00,2011-08-23 12:30:00,475,17,78.83333333333333,83.0,1,0
14938.0,2,2322.43,2010-05-26 13:35:00,2010-05-26 13:38:00,0,471,0.0,0.0,0,1
14940.0,2,531.49,2009-12-06 15:46:00,2010-10-18 10:47:00,315,326,315.0,315.0,0,1
14942.0,4,746.5600000000002,2009-12-10 10:32:00,2010-11-03 10:51:00,328,310,109.0,91.0,0,1
14944.0,14,7048.610000000001,2010-02-17 08:47:00,2011-09-06 09:23:00,566,3,43.30769230769231,41.0,1,0
14947.0,5,937.47,2010-03-25 11:29:00,2011-08-01 09:31:00,493,39,123.0,107.0,1,0
14948.0,4,639.2300000000001,2011-05-04 14:52:00,2011-09-02 14:39:00,120,7,40.0,28.0,1,0
14949.0,4,515.0000000000001,2009-12-18 15:28:00,2010-08-27 15:38:00,252,378,83.33333333333333,41.0,0,1
14952.0,28,13064.470000000001,2009-12-03 15:34:00,2011-05-17 08:38:00,529,115,19.296296296296298,16.0,1,0
14953.0,3,685.65,2010-09-30 12:16:00,2010-10-17 12:52:00,17,327,8.5,8.5,1,0
14957.0,2,261.68999999999994,2010-03-05 10:50:00,2011-03-31 17:59:00,391,162,391.0,391.0,0,1
14958.0,6,941.9899999999999,2009-12-03 16:02:00,2011-07-15 14:20:00,588,56,117.2,60.0,0,1
14959.0,3,537.3199999999999,2011-02-16 13:00:00,2011-08-22 09:28:00,186,18,92.5,92.5,1,0
14961.0,20,14283.4,2009-12-04 11:32:00,2011-09-09 13:37:00,644,0,33.421052631578945,20.0,1,0
14962.0,4,366.91,2010-05-04 14:57:00,2011-03-14 09:42:00,313,179,104.0,32.0,0,1
14963.0,8,1945.4299999999998,2010-07-02 12:43:00,2011-06-09 12:30:00,341,92,48.57142857142857,19.0,1,0
14965.0,2,596.09,2011-09-04 13:15:00,2011-09-04 13:20:00,0,5,0.0,0.0,0,1
14966.0,5,881.2400000000001,2009-12-15 13:48:00,2010-11-17 13:14:00,336,296,84.0,7.5,1,0
14967.0,5,1518.8100000000002,2009-12-03 14:07:00,2010-09-24 11:11:00,294,350,73.25,38.0,1,0
14970.0,11,4447.04,2010-02-14 13:37:00,2011-07-25 14:45:00,526,46,52.2,45.0,1,0
14972.0,2,145.06999999999996,2010-11-23 16:17:00,2011-08-03 14:54:00,252,37,252.0,252.0,0,1
14973.0,3,1314.4499999999998,2011-04-28 12:22:00,2011-08-24 15:51:00,118,16,58.5,58.5,0,1
14976.0,4,559.96,2011-01-17 11:09:00,2011-08-30 17:23:00,225,10,75.0,78.0,1,0
14978.0,9,2718.0499999999997,2010-04-28 10:50:00,2011-04-18 10:55:00,355,144,43.875,40.5,1,0
14981.0,2,372.92,2010-10-12 11:04:00,2011-04-07 13:45:00,177,155,177.0,177.0,0,1
14984.0,5,1160.3700000000001,2010-01-11 13:22:00,2011-06-12 11:04:00,516,89,128.75,153.5,1,0
14985.0,2,292.01,2010-12-16 19:51:00,2011-05-25 14:29:00,159,107,159.0,159.0,0,1
14986.0,2,563.1,2010-01-24 15:54:00,2010-11-28 15:25:00,307,285,307.0,307.0,0,1
14987.0,7,1387.4499999999996,2009-12-02 14:56:00,2010-12-09 12:13:00,371,274,61.333333333333336,9.5,1,0
14988.0,7,2038.65,2010-04-16 13:34:00,2011-05-12 12:05:00,390,120,64.5,26.0,0,1
14990.0,2,304.17,2009-12-09 13:31:00,2010-04-06 13:54:00,118,521,118.0,118.0,0,1
14994.0,5,946.72,2010-03-26 14:16:00,2010-11-22 12:59:00,240,291,59.75,41.0,0,1
14996.0,2,442.28999999999996,2010-08-15 13:41:00,2010-08-15 13:44:00,0,390,0.0,0.0,0,1
14997.0,2,385.68,2010-02-22 12:11:00,2011-06-14 16:52:00,477,87,477.0,477.0,1,0
14998.0,4,753.1800000000001,2010-04-13 16:07:00,2011-06-22 17:30:00,435,79,144.66666666666666,177.0,0,1
15001.0,2,199.10999999999996,2010-11-10 13:31:00,2010-11-10 13:51:00,0,303,0.0,0.0,0,1
15002.0,9,4138.08,2010-01-12 11:40:00,2011-08-16 10:44:00,580,24,72.25,34.5,0,1
15003.0,6,1027.0300000000002,2010-01-26 13:04:00,2010-08-23 15:44:00,209,382,41.2,20.0,0,1
15005.0,48,11966.759999999998,2009-12-01 14:19:00,2011-09-05 11:18:00,642,4,13.170212765957446,12.0,1,0
15008.0,2,359.99999999999994,2010-03-12 11:13:00,2010-08-16 13:09:00,157,389,157.0,157.0,0,1
15011.0,2,416.6,2010-10-19 12:05:00,2010-11-09 11:10:00,20,304,20.0,20.0,0,1
15012.0,2,429.78000000000003,2010-05-12 11:49:00,2010-12-01 12:49:00,203,282,203.0,203.0,1,0
15013.0,10,1610.8200000000002,2010-01-31 12:15:00,2010-08-09 12:05:00,189,396,20.666666666666668,20.0,0,1
15015.0,13,2354.97,2009-12-14 14:46:00,2010-07-26 13:50:00,223,410,18.166666666666668,20.5,0,1
15016.0,5,620.8900000000001,2010-06-14 13:06:00,2011-06-20 12:06:00,370,81,92.5,75.0,0,1
15018.0,2,291.34000000000003,2010-12-07 10:47:00,2011-04-01 09:56:00,114,161,114.0,114.0,1,0
15021.0,8,1709.0500000000002,2010-07-29 16:35:00,2011-07-06 11:52:00,341,65,48.142857142857146,42.0,1,0
15023.0,17,9886.21,2010-02-03 15:45:00,2011-08-15 15:06:00,557,25,34.4375,37.0,1,0
15024.0,11,2753.58,2010-10-11 16:14:00,2011-08-18 19:13:00,311,22,30.7,8.0,1,0
15026.0,4,810.6700000000001,2010-09-17 13:52:00,2011-04-13 14:25:00,208,149,68.66666666666667,72.0,1,0
15027.0,9,3096.4200000000005,2010-03-25 14:39:00,2011-06-24 14:33:00,455,77,56.5,30.0,1,0
15028.0,3,521.78,2010-11-10 14:32:00,2010-12-06 12:47:00,25,277,12.0,12.0,1,0
15030.0,7,1614.3899999999999,2010-03-04 17:10:00,2011-03-16 15:34:00,376,177,62.333333333333336,53.5,1,0
15031.0,12,2711.54,2009-12-08 13:38:00,2011-08-21 15:35:00,621,19,56.09090909090909,37.0,1,0
15032.0,8,11010.05,2009-12-10 15:27:00,2011-03-28 15:03:00,472,165,67.14285714285714,55.0,0,1
15033.0,6,1608.9499999999998,2011-01-14 13:28:00,2011-08-22 13:40:00,220,18,43.4,48.0,1,0
15034.0,11,6597.42,2010-05-11 13:30:00,2011-04-21 11:03:00,344,141,34.0,27.0,1,0
15036.0,2,212.49,2011-06-13 12:19:00,2011-06-15 13:35:00,2,86,2.0,2.0,1,0
15037.0,2,397.75999999999993,2010-11-28 12:14:00,2010-11-28 13:05:00,0,285,0.0,0.0,0,1
15038.0,7,958.4900000000002,2010-10-10 14:35:00,2011-06-05 11:14:00,237,96,39.0,23.5,1,0
15039.0,84,37759.54000000001,2009-12-10 11:39:00,2011-09-09 11:15:00,637,0,7.216867469879518,7.0,1,0
15041.0,2,289.4,2010-09-21 13:16:00,2011-06-22 16:16:00,274,79,274.0,274.0,0,1
15042.0,2,315.45,2010-04-23 14:01:00,2011-05-24 16:25:00,396,108,396.0,396.0,0,1
15043.0,5,2333.3199999999997,2010-06-24 15:50:00,2010-09-02 15:09:00,69,372,16.75,15.5,1,0
15044.0,31,13542.100000000002,2009-12-16 15:13:00,2011-07-26 13:57:00,586,45,19.266666666666666,16.0,1,0
15045.0,2,735.6600000000001,2011-03-27 11:44:00,2011-07-11 11:33:00,105,60,105.0,105.0,0,1
15046.0,21,6477.049999999999,2010-01-14 14:29:00,2011-09-04 11:54:00,597,5,29.4,19.5,1,0
15048.0,3,321.48,2010-12-06 12:15:00,2011-08-15 10:02:00,251,25,125.0,125.0,1,0
15050.0,2,2349.5,2010-08-16 12:00:00,2010-10-14 14:18:00,59,330,59.0,59.0,1,0
15051.0,7,2921.29,2009-12-01 13:29:00,2011-07-12 15:29:00,588,59,97.5,69.0,1,0
15053.0,2,478.6,2011-03-03 12:06:00,2011-07-06 13:06:00,125,65,125.0,125.0,1,0
15055.0,3,549.1200000000001,2009-12-16 15:48:00,2010-08-22 11:06:00,248,383,123.5,123.5,0,1
15057.0,5,3255.96,2009-12-05 15:27:00,2011-03-09 15:17:00,458,184,114.25,117.5,0,1
15058.0,12,2519.8,2010-02-24 14:07:00,2011-08-07 10:43:00,528,33,47.72727272727273,58.0,1,0
15059.0,17,3162.0800000000004,2009-12-06 12:17:00,2011-08-24 13:22:00,626,16,38.6875,41.0,1,0
15061.0,116,108429.87999999999,2009-12-01 12:18:00,2011-08-04 10:45:00,610,36,5.034782608695652,1.0,1,0
15062.0,7,2411.8,2010-04-08 15:41:00,2011-05-06 10:19:00,392,126,64.66666666666667,70.0,1,0
15064.0,4,1254.41,2009-12-22 16:17:00,2010-10-25 14:32:00,306,319,101.66666666666667,83.0,0,1
15065.0,4,3027.48,2010-10-25 09:13:00,2011-06-28 11:44:00,246,73,81.66666666666667,63.0,1,0
15067.0,3,2966.17,2010-04-11 15:54:00,2011-03-02 12:10:00,324,191,161.5,161.5,1,0
15068.0,3,861.5,2010-03-28 13:18:00,2011-03-28 14:27:00,365,165,182.0,182.0,1,0
15070.0,3,737.0500000000001,2009-12-15 13:49:00,2010-12-02 11:23:00,351,281,175.5,175.5,0,1
15071.0,4,1455.5600000000004,2010-05-18 12:45:00,2011-09-07 11:43:00,476,2,158.66666666666666,182.0,0,1
15073.0,7,2606.5699999999997,2010-01-27 08:48:00,2011-06-07 12:00:00,496,94,82.16666666666667,50.5,1,0
15074.0,3,1553.1299999999999,2010-08-29 11:47:00,2011-08-26 14:45:00,362,14,180.5,180.5,0,1
15076.0,3,1447.74,2010-07-05 14:11:00,2011-06-20 08:23:00,349,81,174.0,174.0,0,1
15077.0,2,2428.08,2009-12-09 17:10:00,2010-08-02 11:13:00,235,403,235.0,235.0,0,1
15078.0,43,14246.21,2009-12-04 12:03:00,2011-08-26 11:19:00,629,14,14.619047619047619,12.0,1,0
15079.0,11,3625.4000000000005,2009-12-08 11:22:00,2011-05-11 12:45:00,519,121,51.6,47.5,0,1
15080.0,2,546.25,2010-07-26 10:03:00,2010-10-08 11:52:00,74,336,74.0,74.0,0,1
15081.0,9,1597.8200000000004,2010-06-22 10:25:00,2011-05-15 13:31:00,327,117,40.5,29.0,1,0
15084.0,2,965.2,2010-03-04 10:45:00,2010-11-25 11:58:00,266,288,266.0,266.0,0,1
15086.0,2,218.52999999999997,2010-03-24 13:56:00,2010-05-24 12:27:00,60,473,60.0,60.0,0,1
15089.0,3,2036.28,2011-08-03 14:14:00,2011-09-06 16:02:00,34,3,16.5,16.5,1,0
15091.0,2,565.9000000000001,2010-02-03 11:46:00,2010-02-03 11:50:00,0,583,0.0,0.0,1,0
15092.0,3,776.4599999999998,2010-09-03 12:33:00,2011-05-08 14:10:00,247,124,123.0,123.0,0,1
15093.0,22,13132.46,2009-12-08 12:46:00,2011-08-15 09:59:00,614,25,28.904761904761905,27.0,1,0
15094.0,2,83.0,2010-03-05 12:56:00,2010-09-02 16:55:00,181,372,181.0,181.0,0,1
15095.0,10,3141.6400000000003,2010-01-21 09:37:00,2011-08-28 12:01:00,584,12,64.55555555555556,67.0,0,1
15097.0,2,660.27,2010-05-05 14:22:00,2010-05-05 14:33:00,0,492,0.0,0.0,1,0
15098.0,3,39916.5,2011-06-10 15:22:00,2011-06-10 15:33:00,0,91,0.0,0.0,0,1
15100.0,7,2193.8999999999996,2010-01-07 14:33:00,2011-01-10 10:35:00,367,242,60.666666666666664,6.5,0,1
15101.0,5,1262.69,2010-04-28 15:00:00,2010-12-15 12:54:00,230,268,57.25,35.0,1,0
15102.0,2,554.6700000000001,2010-06-11 10:16:00,2010-06-27 12:16:00,16,439,16.0,16.0,0,1
15104.0,2,993.5400000000001,2011-03-02 14:16:00,2011-05-27 12:29:00,85,105,85.0,85.0,0,1
15105.0,3,1328.9600000000003,2010-03-23 12:18:00,2011-07-28 10:09:00,491,43,245.5,245.5,1,0
15106.0,3,1032.83,2011-03-15 12:52:00,2011-07-21 17:02:00,128,50,63.5,63.5,1,0
15107.0,9,824.3499999999999,2010-09-14 10:47:00,2011-02-01 14:46:00,140,220,17.0,12.5,0,1
15108.0,4,1300.25,2011-04-26 10:54:00,2011-07-21 10:24:00,85,50,28.333333333333332,40.0,0,1
15109.0,3,983.1,2009-12-04 12:33:00,2011-04-08 09:58:00,489,154,244.5,244.5,0,1
15110.0,4,886.3000000000001,2010-08-11 15:49:00,2011-08-05 09:25:00,358,35,119.0,85.0,1,0
15111.0,3,1163.3900000000003,2010-04-26 13:12:00,2010-12-02 11:45:00,219,281,109.5,109.5,1,0
15114.0,9,2318.5299999999997,2010-10-14 16:44:00,2011-09-07 13:30:00,327,2,40.375,34.0,1,0
15116.0,2,790.97,2011-05-19 08:50:00,2011-07-28 09:48:00,70,43,70.0,70.0,1,0
15117.0,5,1609.92,2010-03-15 13:39:00,2011-08-11 11:51:00,513,29,128.0,140.0,1,0
15122.0,11,4487.27,2010-03-30 14:05:00,2011-08-17 16:48:00,505,23,50.2,38.0,0,1
15123.0,4,3526.33,2010-03-16 09:49:00,2011-05-17 14:57:00,427,115,142.0,195.0,1,0
15124.0,3,357.37999999999994,2010-02-26 10:49:00,2011-06-01 09:06:00,459,100,229.5,229.5,1,0
15125.0,21,16291.869999999999,2010-03-31 13:29:00,2011-08-18 17:50:00,505,22,25.05,12.0,1,0
15126.0,2,449.49,2010-01-21 17:09:00,2010-06-21 12:31:00,150,445,150.0,150.0,0,1
15128.0,4,1482.92,2010-10-05 16:46:00,2011-08-05 10:31:00,303,35,100.33333333333333,50.0,1,0
15129.0,22,6209.51,2010-04-08 17:15:00,2011-08-25 10:45:00,503,15,23.523809523809526,17.0,1,0
15132.0,3,842.23,2011-03-22 12:02:00,2011-08-26 11:47:00,156,14,78.0,78.0,1,0
15133.0,5,1806.9,2010-07-07 12:31:00,2011-08-04 10:44:00,392,36,97.75,104.5,0,1
15134.0,6,823.1600000000001,2010-10-13 12:44:00,2011-08-04 15:17:00,295,36,58.6,41.0,1,0
15135.0,2,305.68,2010-06-01 13:33:00,2011-04-14 19:16:00,317,148,317.0,317.0,0,1
15137.0,2,823.4,2010-01-28 15:45:00,2010-07-07 09:41:00,159,429,159.0,159.0,0,1
15139.0,2,178.96,2011-01-07 12:44:00,2011-04-14 11:39:00,96,148,96.0,96.0,0,1
15140.0,6,2617.55,2010-09-23 13:07:00,2011-08-16 11:38:00,326,24,65.0,35.0,1,0
15141.0,7,1388.47,2010-03-28 15:58:00,2010-09-08 11:33:00,163,366,26.833333333333332,23.0,0,1
15142.0,5,2121.18,2010-07-27 09:05:00,2010-10-25 15:36:00,90,319,22.5,20.0,1,0
15143.0,2,563.63,2010-10-03 13:58:00,2011-04-28 12:03:00,206,134,206.0,206.0,0,1
15144.0,22,9140.710000000001,2009-12-13 11:35:00,2011-09-08 12:20:00,634,1,29.857142857142858,24.0,1,0
15145.0,2,724.03,2011-04-05 15:20:00,2011-04-26 16:40:00,21,136,21.0,21.0,1,0
15146.0,2,1327.16,2011-02-21 13:07:00,2011-06-28 12:09:00,126,73,126.0,126.0,0,1
15149.0,5,1554.6100000000001,2010-02-28 11:13:00,2011-07-29 10:58:00,515,42,128.75,36.5,0,1
15150.0,8,7256.23,2010-06-14 12:01:00,2011-08-22 15:05:00,434,18,61.57142857142857,31.0,1,0
15151.0,2,2085.6099999999997,2010-07-18 12:19:00,2010-10-12 16:37:00,86,332,86.0,86.0,0,1
15152.0,7,2901.3500000000004,2010-01-07 15:15:00,2011-08-18 12:53:00,587,22,97.5,9.0,1,0
15154.0,2,1089.4400000000003,2010-08-18 17:41:00,2010-08-18 17:43:00,0,387,0.0,0.0,1,0
15157.0,4,2223.41,2009-12-10 14:44:00,2011-07-08 13:26:00,574,63,191.0,203.0,1,0
15159.0,22,12445.689999999999,2010-10-04 09:31:00,2011-08-19 09:38:00,319,21,14.761904761904763,13.0,1,0
15160.0,4,589.27,2010-10-14 15:26:00,2010-12-17 14:15:00,63,266,20.666666666666668,20.0,0,1
15164.0,8,1566.7599999999998,2010-01-18 13:34:00,2011-05-15 13:14:00,481,117,68.28571428571429,62.0,1,0
15167.0,5,1627.6200000000001,2010-02-04 14:13:00,2011-01-23 12:41:00,352,229,87.75,61.5,0,1
15169.0,2,569.22,2009-12-13 11:16:00,2010-11-22 13:04:00,344,291,344.0,344.0,0,1
15172.0,3,886.74,2011-04-17 11:56:00,2011-07-27 11:29:00,100,44,50.0,50.0,1,0
15173.0,7,1494.6,2010-04-01 12:26:00,2010-11-24 10:21:00,236,289,38.833333333333336,26.0,0,1
15174.0,2,481.46000000000004,2010-10-25 09:40:00,2011-01-21 09:06:00,87,231,87.0,87.0,0,1
15179.0,11,6740.09,2009-12-03 12:27:00,2011-04-20 09:03:00,502,142,49.8,47.5,1,0
15180.0,3,816.9300000000001,2010-04-29 15:27:00,2010-12-07 14:57:00,221,276,110.5,110.5,0,1
15181.0,4,945.7200000000001,2009-12-08 19:02:00,2011-06-17 13:57:00,555,84,185.0,151.0,1,0
15182.0,11,2998.9520000000007,2010-02-21 12:03:00,2011-07-08 13:37:00,502,63,50.0,56.5,0,1
15183.0,3,639.9300000000001,2010-05-04 11:31:00,2010-06-10 10:43:00,36,456,18.0,18.0,0,1
15184.0,3,518.42,2009-12-16 12:06:00,2011-06-02 12:06:00,533,99,266.0,266.0,1,0
15186.0,4,1221.05,2010-01-12 10:14:00,2011-06-24 14:54:00,528,77,175.66666666666666,120.0,1,0
15187.0,6,1883.8799999999999,2011-05-11 13:49:00,2011-09-09 10:05:00,120,0,23.6,20.0,1,0
15189.0,38,13934.76,2010-07-18 13:37:00,2011-09-09 14:18:00,418,0,10.783783783783784,7.0,1,0
15191.0,3,588.0500000000001,2010-01-20 12:35:00,2010-09-02 15:37:00,225,372,112.5,112.5,0,1
15192.0,5,1666.39,2010-01-29 10:13:00,2011-08-12 11:41:00,560,28,139.75,139.0,0,1
15194.0,24,8874.529999999999,2009-12-03 10:37:00,2011-08-05 10:39:00,610,35,26.043478260869566,21.0,1,0
15196.0,2,313.70000000000005,2009-12-13 11:14:00,2010-10-03 10:50:00,293,341,293.0,293.0,0,1
15197.0,5,1571.15,2009-12-11 12:56:00,2011-04-01 11:50:00,475,161,118.5,74.0,1,0
15198.0,5,571.35,2010-01-19 10:01:00,2011-09-08 14:42:00,597,1,148.75,140.0,0,1
15199.0,9,2821.4500000000003,2010-05-13 10:14:00,2011-09-06 10:12:00,480,3,59.5,50.0,1,0
15201.0,6,1539.67,2010-04-07 14:50:00,2011-08-05 14:05:00,484,35,96.6,77.0,1,0
15202.0,3,6001.49,2010-10-15 12:39:00,2010-10-15 13:05:00,0,329,0.0,0.0,0,1
15203.0,13,3900.7,2009-12-08 18:06:00,2011-08-26 09:58:00,625,14,51.583333333333336,52.5,1,0
15206.0,3,236.7,2011-03-09 08:59:00,2011-09-01 11:41:00,176,8,88.0,88.0,1,0
15207.0,3,683.9200000000001,2010-06-10 17:29:00,2010-10-19 13:29:00,130,325,65.0,65.0,0,1
15208.0,3,423.9199999999999,2010-10-12 12:17:00,2011-06-29 13:51:00,260,72,130.0,130.0,1,0
15210.0,3,1176.1900000000003,2010-05-13 14:42:00,2011-04-28 16:11:00,350,134,174.5,174.5,0,1
15212.0,2,208.28000000000003,2010-11-28 10:45:00,2011-04-12 13:45:00,135,150,135.0,135.0,0,1
15213.0,2,328.35,2011-01-14 11:05:00,2011-01-25 12:21:00,11,227,11.0,11.0,0,1
15214.0,2,651.6299999999999,2011-04-11 09:46:00,2011-06-09 09:44:00,58,92,58.0,58.0,1,0
15215.0,5,1987.5299999999997,2010-04-06 11:21:00,2011-09-04 12:24:00,516,5,128.75,95.0,1,0
15218.0,19,9577.29,2010-01-26 11:33:00,2011-08-15 12:06:00,566,25,31.055555555555557,34.5,1,0
15219.0,2,685.45,2010-03-01 11:33:00,2011-06-16 16:57:00,472,85,472.0,472.0,0,1
15220.0,5,1284.0500000000002,2011-03-04 10:24:00,2011-08-16 14:28:00,165,24,40.75,38.0,1,0
15221.0,4,2062.2,2010-03-12 10:40:00,2010-12-08 13:08:00,271,275,90.0,44.0,0,1
15222.0,11,3550.9100000000003,2009-12-16 13:49:00,2011-01-25 08:03:00,404,227,39.8,22.0,0,1
15223.0,5,1417.9500000000003,2009-12-05 11:19:00,2011-04-28 11:31:00,509,134,126.75,62.0,0,1
15224.0,5,871.3600000000001,2010-01-15 16:14:00,2010-12-16 15:02:00,334,267,83.25,89.5,0,1
15227.0,7,2145.91,2010-03-16 08:23:00,2011-05-08 10:11:00,418,124,69.16666666666667,67.0,1,0
15228.0,5,4417.590000000001,2010-07-28 10:21:00,2011-08-02 12:27:00,370,38,92.0,98.0,1,0
15230.0,2,429.6,2011-04-13 11:04:00,2011-04-14 14:39:00,1,148,1.0,1.0,0,1
15232.0,2,612.0600000000001,2011-07-22 12:21:00,2011-08-18 16:27:00,27,22,27.0,27.0,0,1
15235.0,16,2772.76,2010-11-16 12:48:00,2011-05-06 09:44:00,170,126,11.0,8.0,0,1
15237.0,2,1093.65,2011-04-26 15:04:00,2011-05-20 14:47:00,23,112,23.0,23.0,1,0
15238.0,2,772.7799999999999,2011-06-08 16:00:00,2011-09-05 15:26:00,88,4,88.0,88.0,1,0
15240.0,10,3798.7899999999995,2009-12-05 14:57:00,2011-06-01 11:27:00,542,100,59.77777777777778,51.0,1,0
15241.0,9,2638.5800000000004,2010-02-23 13:59:00,2011-08-04 16:41:00,527,36,65.375,55.5,1,0
15244.0,2,578.45,2010-02-11 14:48:00,2011-04-05 15:12:00,418,157,418.0,418.0,1,0
15245.0,8,4610.84,2010-04-23 14:23:00,2011-07-28 18:56:00,461,43,65.42857142857143,71.0,0,1
15246.0,3,780.4000000000001,2010-06-02 11:28:00,2011-04-15 14:45:00,317,147,158.0,158.0,0,1
15247.0,3,976.06,2010-06-20 14:08:00,2011-08-09 12:52:00,414,31,207.0,207.0,0,1
15248.0,3,1893.9299999999998,2010-06-23 14:34:00,2010-10-24 13:09:00,122,320,60.5,60.5,0,1
15249.0,16,8216.880000000001,2010-03-26 14:51:00,2011-09-09 11:46:00,531,0,35.06666666666667,19.0,1,0
15251.0,18,19535.37,2010-01-29 12:42:00,2011-09-09 15:53:00,588,0,34.11764705882353,26.0,1,0
15252.0,4,1663.1799999999998,2010-04-07 10:24:00,2011-06-09 14:15:00,428,92,142.66666666666666,155.0,1,0
15253.0,4,1310.74,2010-05-02 11:17:00,2011-06-23 12:19:00,417,78,138.33333333333334,118.0,1,0
15254.0,3,1088.35,2010-05-28 10:08:00,2011-08-04 15:04:00,433,36,216.5,216.5,0,1
15255.0,8,2815.17,2009-12-03 09:10:00,2010-11-08 15:12:00,340,305,48.142857142857146,22.0,1,0
15256.0,2,170.39999999999998,2010-05-27 11:41:00,2011-07-14 11:47:00,413,57,413.0,413.0,0,1
15257.0,2,685.9,2010-10-21 14:03:00,2011-03-01 12:58:00,130,192,130.0,130.0,0,1
15258.0,2,623.1600000000001,2011-05-06 14:16:00,2011-06-24 12:30:00,48,77,48.0,48.0,0,1
15259.0,4,1182.38,2010-01-26 09:41:00,2010-07-15 08:47:00,169,421,56.333333333333336,80.0,0,1
15260.0,25,8767.73,2009-12-06 11:45:00,2011-08-31 13:55:00,633,9,25.958333333333332,17.5,0,1
15261.0,4,1508.0,2010-10-01 11:59:00,2011-07-27 15:20:00,299,44,99.0,35.0,0,1
15262.0,3,418.82000000000005,2010-08-08 15:55:00,2011-01-20 12:16:00,164,232,81.5,81.5,0,1
15265.0,4,3345.6399999999994,2009-12-01 17:08:00,2011-07-11 14:46:00,586,60,195.33333333333334,133.0,0,1
15266.0,5,852.21,2010-01-07 12:19:00,2011-01-05 13:40:00,363,247,90.25,43.0,0,1
15267.0,2,1407.76,2011-06-10 10:24:00,2011-07-07 11:36:00,27,64,27.0,27.0,1,0
15268.0,3,961.9000000000002,2010-04-13 11:27:00,2010-08-18 10:33:00,126,387,63.0,63.0,0,1
15269.0,2,816.5600000000001,2010-11-14 12:58:00,2010-11-24 15:32:00,10,289,10.0,10.0,1,0
15270.0,19,7995.66,2009-12-17 15:02:00,2011-08-14 10:38:00,604,26,33.27777777777778,7.0,1,0
15271.0,19,3627.78,2010-08-05 14:57:00,2011-09-06 09:49:00,396,3,21.444444444444443,17.5,1,0
15272.0,4,1309.0100000000002,2010-02-14 13:39:00,2010-09-15 17:07:00,213,359,70.66666666666667,63.0,1,0
15276.0,3,491.16999999999996,2010-10-01 12:24:00,2010-11-10 16:07:00,40,303,20.0,20.0,1,0
15278.0,4,496.16,2010-02-12 14:53:00,2010-05-27 10:03:00,103,470,34.333333333333336,0.0,0,1
15279.0,5,1580.5399999999997,2010-02-02 10:15:00,2010-12-20 10:48:00,321,263,79.75,83.0,0,1
15280.0,3,397.52,2010-05-17 14:17:00,2011-06-20 17:14:00,399,81,199.0,199.0,0,1
15281.0,15,8403.2,2010-10-08 12:14:00,2011-07-26 09:23:00,290,45,20.285714285714285,13.0,1,0
15283.0,3,148.33,2010-07-09 15:46:00,2010-11-14 14:54:00,127,299,63.5,63.5,0,1
15287.0,3,369.34000000000003,2009-12-02 12:13:00,2010-11-25 10:29:00,357,288,178.5,178.5,1,0
15288.0,9,3415.2200000000003,2010-02-12 15:27:00,2011-07-07 10:28:00,509,64,63.125,54.0,1,0
15289.0,4,1351.29,2010-03-28 11:45:00,2011-07-25 11:01:00,483,46,161.0,163.0,1,0
15290.0,20,5945.65,2010-02-24 10:15:00,2011-08-28 10:54:00,550,12,28.526315789473685,29.0,1,0
15291.0,37,12534.48,2009-12-03 11:09:00,2011-09-06 09:15:00,641,3,17.333333333333332,7.5,1,0
15296.0,11,9249.66,2010-01-21 13:48:00,2011-08-22 14:20:00,578,18,57.4,64.5,1,0
15298.0,18,7620.090000000001,2009-12-08 17:04:00,2011-09-08 08:56:00,638,1,37.0,33.0,1,0
15299.0,8,4684.530000000001,2010-01-12 11:34:00,2011-06-28 17:01:00,532,73,75.85714285714286,46.0,1,0
15301.0,14,5587.120000000001,2010-09-15 15:41:00,2011-08-18 09:45:00,336,22,25.384615384615383,21.0,1,0
15303.0,3,1224.1800000000003,2010-01-25 09:42:00,2011-02-22 13:59:00,393,199,196.5,196.5,0,1
15304.0,7,593.9000000000001,2010-10-14 10:24:00,2011-06-28 08:19:00,256,73,42.333333333333336,38.5,1,0
15306.0,8,2967.45,2010-02-18 17:12:00,2011-09-08 12:47:00,566,1,80.42857142857143,55.0,1,0
15309.0,4,797.96,2009-12-04 13:01:00,2010-04-08 11:11:00,124,519,41.333333333333336,29.0,0,1
15311.0,182,100354.42,2009-12-01 11:21:00,2011-09-06 14:38:00,644,3,3.027624309392265,2.0,1,0
15312.0,11,2800.14,2009-12-16 09:23:00,2011-08-28 14:00:00,620,12,61.6,34.0,1,0
15314.0,3,820.4499999999999,2010-10-07 15:41:00,2011-05-24 14:39:00,228,108,114.0,114.0,0,1
15321.0,10,5120.889999999999,2010-02-03 09:47:00,2011-02-21 11:10:00,383,200,42.22222222222222,21.0,1,0
15323.0,3,434.59999999999997,2010-02-16 09:21:00,2010-05-26 10:01:00,99,471,49.0,49.0,0,1
15325.0,8,1601.46,2010-02-16 13:30:00,2011-08-28 11:55:00,557,12,79.14285714285714,46.0,0,1
15326.0,5,1700.52,2009-12-01 13:19:00,2011-01-10 11:38:00,404,242,100.75,55.5,0,1
15329.0,10,2663.13,2009-12-14 12:18:00,2011-07-28 15:31:00,591,43,65.22222222222223,37.0,1,0
15331.0,3,767.91,2010-04-09 14:26:00,2010-07-28 09:42:00,109,408,54.5,54.5,0,1
15332.0,6,4892.68,2010-07-14 13:01:00,2010-12-08 14:43:00,147,275,29.0,3.0,0,1
15334.0,3,350.82,2011-06-19 13:51:00,2011-07-06 11:22:00,16,65,8.0,8.0,0,1
15339.0,6,1504.8500000000001,2010-02-08 13:38:00,2011-01-25 13:15:00,350,227,69.6,46.0,1,0
15346.0,3,596.12,2010-10-04 15:11:00,2011-01-11 11:18:00,98,241,48.5,48.5,0,1
15347.0,4,1162.0000000000002,2010-09-28 12:50:00,2010-12-08 15:25:00,71,275,23.333333333333332,21.0,0,1
15349.0,2,463.9099999999999,2011-06-05 15:46:00,2011-07-04 16:06:00,29,67,29.0,29.0,0,1
15350.0,2,547.6,2010-11-21 15:14:00,2010-12-01 13:33:00,9,282,9.0,9.0,0,1
15351.0,4,1770.23,2010-10-03 12:18:00,2010-12-05 11:49:00,62,278,20.666666666666668,17.0,1,0
15353.0,7,2794.4700000000003,2009-12-02 11:33:00,2011-03-30 12:15:00,483,163,80.0,70.5,0,1
15354.0,3,284.4,2010-04-15 16:17:00,2010-04-15 16:24:00,0,512,0.0,0.0,0,1
15356.0,11,2752.71,2010-10-13 13:12:00,2011-08-26 13:25:00,317,14,31.2,32.0,1,0
15358.0,35,13718.47,2009-12-07 12:19:00,2011-08-11 12:44:00,612,29,17.676470588235293,16.5,1,0
15359.0,8,181.35,2010-01-15 11:30:00,2010-02-15 10:47:00,30,571,4.142857142857143,0.0,0,1
15361.0,4,689.07,2010-06-14 13:27:00,2010-12-13 09:52:00,181,270,60.0,9.0,0,1
15362.0,2,613.0799999999999,2009-12-01 09:08:00,2010-09-17 10:37:00,290,357,290.0,290.0,0,1
15363.0,2,678.11,2010-08-04 08:41:00,2010-12-02 12:28:00,120,281,120.0,120.0,0,1
15364.0,2,913.1900000000002,2011-03-30 13:39:00,2011-09-05 09:46:00,158,4,158.0,158.0,0,1
15365.0,8,3204.09,2010-02-04 16:43:00,2011-09-04 15:37:00,576,5,82.14285714285714,80.0,1,0
15366.0,6,1892.11,2010-02-26 10:10:00,2010-12-16 15:59:00,293,267,58.0,51.0,1,0
15367.0,9,4619.92,2009-12-10 14:20:00,2011-04-08 11:50:00,483,154,60.0,37.0,1,0
15369.0,11,6251.259999999999,2009-12-08 07:43:00,2010-08-04 13:54:00,239,401,23.5,14.0,0,1
15370.0,5,2866.4199999999996,2010-10-25 12:08:00,2011-07-21 18:36:00,269,50,66.75,69.5,1,0
15372.0,8,6017.0599999999995,2010-02-14 11:24:00,2011-07-25 16:39:00,526,46,75.0,5.0,0,1
15373.0,14,2355.5299999999997,2010-05-02 11:57:00,2011-08-16 08:52:00,470,24,35.84615384615385,37.0,1,0
15374.0,2,307.32,2010-03-25 12:03:00,2011-08-03 09:59:00,495,37,495.0,495.0,0,1
15376.0,2,977.2199999999999,2011-05-01 13:45:00,2011-08-14 15:39:00,105,26,105.0,105.0,1,0
15377.0,4,1211.7499999999998,2010-10-20 11:42:00,2010-11-22 08:55:00,32,291,10.666666666666666,13.0,0,1
15378.0,2,246.5,2010-07-26 08:47:00,2010-09-03 11:30:00,39,371,39.0,39.0,0,1
15379.0,8,4877.84,2010-11-04 11:59:00,2011-06-23 13:13:00,231,78,32.42857142857143,22.0,0,1
15380.0,8,2141.2599999999998,2009-12-01 13:50:00,2011-07-21 16:33:00,597,50,85.0,72.0,1,0
15381.0,5,1890.57,2010-05-05 14:35:00,2011-05-10 11:55:00,369,122,92.0,85.5,0,1
15382.0,10,9904.96,2009-12-04 14:13:00,2011-06-08 11:57:00,550,93,60.888888888888886,74.0,1,0
15384.0,4,2027.7900000000004,2010-04-26 12:38:00,2011-06-23 10:57:00,422,78,140.0,189.0,0,1
15385.0,2,625.1999999999999,2010-01-31 13:02:00,2010-11-12 12:28:00,284,301,284.0,284.0,1,0
15389.0,5,2733.8,2010-01-27 12:44:00,2011-06-20 16:18:00,509,81,126.75,137.0,0,1
15390.0,2,1216.6600000000003,2010-10-26 17:23:00,2010-11-08 15:19:00,12,305,12.0,12.0,0,1
15392.0,4,1715.07,2010-10-04 12:50:00,2010-12-14 15:50:00,71,269,23.333333333333332,22.0,1,0
15393.0,4,783.5799999999999,2009-12-15 17:56:00,2011-03-03 16:58:00,442,190,147.0,125.0,1,0
15394.0,9,4539.700000000001,2009-12-15 19:05:00,2011-05-19 14:27:00,519,113,64.625,41.5,1,0
15396.0,2,796.38,2010-05-05 09:04:00,2011-08-19 10:56:00,471,21,471.0,471.0,0,1
15400.0,8,1302.3000000000002,2010-05-28 08:33:00,2011-09-08 13:57:00,468,1,66.42857142857143,69.0,0,1
15401.0,2,216.94999999999996,2010-05-20 10:56:00,2010-09-13 13:42:00,116,361,116.0,116.0,0,1
15402.0,6,1830.54,2010-04-27 12:12:00,2011-07-14 12:17:00,443,57,88.0,60.0,0,1
15403.0,2,170.88,2009-12-09 12:45:00,2010-08-05 12:21:00,238,400,238.0,238.0,0,1
15405.0,2,659.84,2010-05-12 15:56:00,2011-06-03 14:44:00,386,98,386.0,386.0,0,1
15406.0,3,717.45,2010-09-12 13:06:00,2011-02-11 16:20:00,152,210,76.0,76.0,1,0
15407.0,3,740.73,2011-02-07 13:18:00,2011-06-09 11:32:00,121,92,60.5,60.5,1,0
15410.0,9,4324.290000000001,2010-04-19 08:57:00,2011-09-01 19:08:00,500,8,62.125,30.0,1,0
15411.0,2,382.21,2011-06-10 12:30:00,2011-08-07 12:54:00,58,33,58.0,58.0,1,0
15413.0,5,6798.72,2009-12-01 10:18:00,2010-01-17 11:33:00,47,600,11.0,6.5,0,1
15416.0,6,3732.8300000000004,2010-02-01 11:55:00,2011-07-07 18:29:00,521,64,103.8,84.0,1,0
15418.0,2,449.42,2010-05-02 11:31:00,2010-10-10 13:38:00,161,334,161.0,161.0,0,1
15420.0,6,743.0,2009-12-05 13:29:00,2010-10-01 15:46:00,300,343,59.6,47.0,0,1
15421.0,9,3594.34,2009-12-07 15:10:00,2011-05-08 14:02:00,516,124,64.125,79.5,1,0
15422.0,7,1619.9700000000003,2010-02-07 11:52:00,2011-01-20 16:17:00,347,232,57.333333333333336,61.0,0,1
15423.0,2,223.39,2010-03-28 13:42:00,2010-05-07 09:21:00,39,490,39.0,39.0,1,0
15424.0,3,597.78,2010-09-02 17:17:00,2011-03-30 13:02:00,208,163,104.0,104.0,0,1
15425.0,4,1941.1200000000001,2010-02-14 12:36:00,2010-11-04 18:13:00,263,309,87.33333333333333,100.0,0,1
15426.0,6,1386.4099999999999,2010-05-02 15:10:00,2011-03-27 16:05:00,329,166,65.4,72.0,1,0
15428.0,3,668.9700000000001,2009-12-17 17:46:00,2010-11-17 13:46:00,334,296,166.5,166.5,1,0
15430.0,2,954.7499999999999,2010-06-29 15:04:00,2010-08-29 10:42:00,60,376,60.0,60.0,0,1
15433.0,2,533.3,2011-03-17 14:12:00,2011-05-10 10:45:00,53,122,53.0,53.0,0,1
15434.0,9,2112.8599999999997,2010-01-24 15:35:00,2011-08-24 16:24:00,577,16,71.875,23.5,1,0
15437.0,2,393.44999999999993,2010-03-09 10:45:00,2011-03-22 13:11:00,378,171,378.0,378.0,0,1
15439.0,4,1269.0499999999997,2010-02-24 12:05:00,2010-10-31 10:38:00,248,313,82.66666666666667,19.0,0,1
15440.0,2,237.66,2011-05-15 11:30:00,2011-07-26 14:27:00,72,45,72.0,72.0,1,0
15441.0,3,1254.2100000000003,2009-12-09 14:55:00,2010-11-08 15:50:00,334,305,166.5,166.5,0,1
15443.0,9,2585.44,2010-03-07 12:10:00,2011-08-22 12:52:00,533,18,66.125,41.0,1,0
15445.0,2,284.5,2010-04-28 15:00:00,2011-03-20 15:06:00,326,173,326.0,326.0,0,1
15446.0,3,399.75,2009-12-13 13:53:00,2010-11-28 11:59:00,349,285,174.5,174.5,0,1
15447.0,5,492.88,2010-03-24 14:40:00,2011-01-13 11:26:00,294,239,73.25,48.5,0,1
15448.0,2,788.81,2010-02-03 13:29:00,2011-01-31 10:42:00,361,221,361.0,361.0,0,1
15449.0,2,647.7,2011-03-23 10:43:00,2011-06-07 16:42:00,76,94,76.0,76.0,1,0
15451.0,2,226.85999999999999,2010-04-19 14:08:00,2010-10-01 13:40:00,164,343,164.0,164.0,0,1
15452.0,4,1493.63,2010-07-16 14:23:00,2011-03-20 15:21:00,247,173,82.0,82.0,1,0
15453.0,4,701.2,2011-06-05 12:37:00,2011-09-08 15:05:00,95,1,31.333333333333332,37.0,1,0
15454.0,2,305.99,2010-03-31 13:15:00,2010-12-12 14:21:00,256,271,256.0,256.0,0,1
15456.0,10,2091.52,2009-12-08 12:54:00,2011-03-01 13:51:00,448,192,49.22222222222222,43.0,0,1
15459.0,2,202.83,2010-07-30 14:31:00,2010-10-18 15:25:00,80,326,80.0,80.0,0,1
15461.0,2,429.7,2010-03-18 12:40:00,2010-09-05 12:31:00,170,369,170.0,170.0,0,1
15462.0,4,737.05,2010-09-20 10:23:00,2011-09-06 13:11:00,351,3,116.66666666666667,49.0,0,1
15465.0,29,10737.91,2009-12-10 09:42:00,2011-07-24 10:03:00,591,47,20.571428571428573,13.0,1,0
15466.0,3,1225.9299999999998,2009-12-03 12:28:00,2010-11-15 12:50:00,347,298,173.0,173.0,1,0
15467.0,2,402.56000000000006,2011-07-10 14:42:00,2011-07-17 15:24:00,7,54,7.0,7.0,1,0
15469.0,2,640.0,2010-09-27 10:09:00,2011-08-11 16:54:00,318,29,318.0,318.0,1,0
15471.0,2,837.53,2010-06-07 12:17:00,2010-11-24 14:39:00,170,289,170.0,170.0,1,0
15476.0,4,2209.9799999999996,2010-09-23 14:00:00,2010-11-24 15:17:00,62,289,20.333333333333332,12.0,0,1
15480.0,5,6279.0,2010-02-01 14:52:00,2011-08-15 14:32:00,559,25,139.5,104.5,0,1
15482.0,11,5465.9,2009-12-02 16:59:00,2011-06-27 10:29:00,571,74,56.7,28.0,1,0
15483.0,10,817.8199999999999,2010-01-24 15:42:00,2011-07-01 13:07:00,522,70,57.77777777777778,60.0,0,1
15484.0,2,1061.69,2009-12-05 15:18:00,2010-06-17 16:16:00,194,449,194.0,194.0,1,0
15485.0,6,3514.55,2009-12-01 17:31:00,2011-01-07 17:18:00,401,245,80.0,39.0,1,0
15488.0,5,431.92,2010-05-05 13:03:00,2011-09-08 10:11:00,490,1,122.25,62.5,0,1
15489.0,6,1633.5900000000004,2010-01-15 16:58:00,2011-05-12 12:54:00,481,120,96.0,78.0,1,0
15491.0,6,3100.09,2011-04-18 10:04:00,2011-09-05 15:56:00,140,4,27.6,17.0,0,1
15493.0,7,3455.2200000000003,2010-02-23 11:14:00,2011-07-13 11:19:00,505,58,83.5,104.5,1,0
15494.0,4,3541.9000000000005,2009-12-10 20:16:00,2011-08-10 15:29:00,607,30,202.0,208.0,1,0
15497.0,8,8365.79,2009-12-18 15:08:00,2011-01-24 10:01:00,401,228,56.57142857142857,62.0,1,0
15498.0,36,20782.83,2009-12-16 17:27:00,2011-08-11 08:39:00,602,29,16.82857142857143,11.0,1,0
15501.0,2,399.95,2010-10-20 12:47:00,2010-10-31 11:15:00,10,313,10.0,10.0,0,1
15502.0,7,8574.470000000001,2010-06-03 11:12:00,2011-08-08 11:45:00,431,32,71.33333333333333,80.5,1,0
15503.0,2,257.29999999999995,2009-12-13 11:34:00,2010-12-12 10:57:00,363,271,363.0,363.0,0,1
15504.0,3,349.87,2010-02-12 12:34:00,2010-07-07 12:02:00,144,429,72.0,72.0,1,0
15505.0,3,2091.14,2011-07-07 13:33:00,2011-08-18 10:57:00,41,22,20.5,20.5,1,0
15506.0,4,1267.02,2010-08-19 12:38:00,2011-07-24 11:45:00,338,47,112.33333333333333,59.0,1,0
15508.0,6,1000.2700000000001,2011-04-18 15:31:00,2011-06-03 15:43:00,46,98,8.8,6.0,0,1
15512.0,4,331.58000000000004,2010-02-01 13:23:00,2011-07-07 10:20:00,520,64,172.66666666666666,203.0,0,1
15513.0,33,23030.97,2010-01-13 14:59:00,2011-09-06 09:53:00,600,3,18.375,12.5,1,0
15514.0,13,4870.280000000001,2009-12-04 16:37:00,2011-04-28 12:06:00,509,134,41.833333333333336,34.0,1,0
15518.0,14,3872.3,2009-12-20 12:21:00,2011-08-07 13:08:00,595,33,45.38461538461539,37.0,1,0
15519.0,2,344.61,2010-09-19 13:57:00,2010-11-21 14:35:00,63,292,63.0,63.0,0,1
15521.0,15,6424.82,2010-01-05 10:19:00,2011-09-06 10:04:00,608,3,43.142857142857146,46.5,1,0
15523.0,15,16847.18,2009-12-02 15:16:00,2010-11-16 15:27:00,349,297,24.428571428571427,18.0,1,0
15525.0,2,430.78,2010-11-22 12:10:00,2010-12-01 13:17:00,9,282,9.0,9.0,1,0
15527.0,20,4457.15,2009-12-15 17:31:00,2011-07-18 11:42:00,579,53,30.05263157894737,34.0,1,0
15529.0,9,3208.29,2010-11-10 14:26:00,2011-07-20 11:38:00,251,51,30.875,32.0,1,0
15530.0,4,1475.06,2010-07-15 11:10:00,2011-07-13 12:15:00,363,58,120.66666666666667,77.0,1,0
15532.0,9,3388.61,2010-06-08 14:52:00,2011-07-31 13:13:00,417,40,51.625,31.0,1,0
15535.0,6,1044.3700000000001,2010-09-16 20:04:00,2011-06-19 16:02:00,275,82,54.8,63.0,0,1
15538.0,6,3358.4,2010-02-14 12:38:00,2010-06-20 10:49:00,125,446,24.8,17.0,0,1
15542.0,3,855.71,2009-12-02 11:53:00,2010-07-15 13:32:00,225,421,112.5,112.5,0,1
15543.0,2,242.26,2010-09-06 11:28:00,2011-02-24 15:26:00,171,197,171.0,171.0,0,1
15544.0,18,7033.55,2010-01-28 14:39:00,2011-08-12 09:10:00,560,28,32.470588235294116,23.0,1,0
15546.0,2,1079.1,2010-04-12 11:45:00,2010-04-12 11:51:00,0,515,0.0,0.0,0,1
15547.0,20,7891.610000000001,2009-12-06 13:40:00,2011-08-21 16:24:00,623,19,32.36842105263158,28.0,1,0
15549.0,7,2272.58,2010-01-11 13:16:00,2011-07-05 12:47:00,539,66,89.5,92.0,1,0
15550.0,11,2068.7,2009-12-03 15:15:00,2011-08-25 15:18:00,630,15,62.5,46.0,1,0
15551.0,6,1243.75,2010-06-07 15:05:00,2010-11-10 14:04:00,155,303,30.8,23.0,1,0
15552.0,2,252.52,2010-03-26 16:17:00,2011-05-06 14:47:00,405,126,405.0,405.0,0,1
15555.0,30,9258.68,2009-12-06 11:58:00,2011-08-28 12:16:00,630,12,21.344827586206897,12.0,1,0
15560.0,2,153.51999999999998,2010-11-07 10:14:00,2010-11-07 10:15:00,0,306,0.0,0.0,0,1
15561.0,7,1583.4699999999998,2010-02-14 12:22:00,2011-07-13 11:20:00,513,58,85.16666666666667,74.5,1,0
15562.0,3,671.4300000000001,2009-12-13 15:17:00,2010-12-23 09:55:00,374,260,186.5,186.5,0,1
15563.0,5,2194.64,2010-01-28 11:36:00,2011-05-23 11:44:00,480,109,119.75,122.5,1,0
15564.0,2,70.74000000000001,2010-02-01 15:58:00,2010-09-02 15:52:00,212,372,212.0,212.0,0,1
15566.0,2,227.87000000000003,2009-12-15 14:53:00,2010-11-12 12:11:00,331,301,331.0,331.0,0,1
15569.0,10,3583.45,2010-02-28 10:55:00,2011-08-28 10:15:00,545,12,60.22222222222222,49.0,0,1
15570.0,22,7397.65,2010-03-28 14:04:00,2011-07-21 12:29:00,479,50,22.333333333333332,18.0,1,0
15571.0,10,3241.9199999999996,2009-12-06 12:10:00,2010-11-18 14:25:00,347,295,38.111111111111114,11.0,1,0
15572.0,7,2984.57,2010-04-14 14:38:00,2011-08-22 10:44:00,494,18,81.83333333333333,68.0,1,0
15573.0,3,597.23,2009-12-10 14:19:00,2010-03-31 13:40:00,110,527,55.0,55.0,1,0
15574.0,6,1101.44,2010-09-01 14:37:00,2011-06-15 12:01:00,286,86,56.8,43.0,0,1
15577.0,5,396.03000000000003,2009-12-13 16:17:00,2011-07-11 17:03:00,575,60,143.25,78.0,0,1
15579.0,4,1118.38,2010-10-03 14:37:00,2011-01-30 12:09:00,118,222,39.0,43.0,1,0
15580.0,8,1375.3899999999999,2010-02-07 11:21:00,2010-11-28 11:00:00,293,285,41.57142857142857,38.0,0,1
15581.0,38,7480.4,2009-12-02 12:19:00,2011-08-11 09:38:00,616,29,16.216216216216218,8.0,0,1
15582.0,2,541.51,2011-05-03 13:36:00,2011-08-31 14:52:00,120,9,120.0,120.0,1,0
15584.0,3,697.7399999999999,2010-02-07 12:16:00,2011-06-30 16:39:00,508,71,253.5,253.5,1,0
15586.0,3,1139.1,2010-01-08 10:02:00,2010-04-26 11:00:00,108,501,54.0,54.0,0,1
15587.0,5,1065.2399999999998,2010-08-05 08:44:00,2011-07-20 11:00:00,349,51,86.75,61.0,1,0
15589.0,3,478.53,2011-02-02 10:46:00,2011-03-29 09:54:00,54,164,27.0,27.0,0,1
15590.0,5,1496.6,2010-04-12 10:09:00,2010-11-22 14:49:00,224,291,55.75,29.0,0,1
15591.0,3,217.9,2010-02-04 09:20:00,2010-05-06 09:23:00,91,491,45.0,45.0,0,1
15594.0,2,788.22,2011-04-19 10:08:00,2011-09-07 10:51:00,141,2,141.0,141.0,1,0
15596.0,9,2727.7200000000003,2010-07-28 11:46:00,2011-08-31 10:55:00,398,9,49.5,41.0,0,1
15599.0,2,937.15,2010-09-20 10:15:00,2011-05-19 13:05:00,241,113,241.0,241.0,1,0
15600.0,4,1199.31,2010-04-25 11:50:00,2010-10-07 14:30:00,165,337,54.666666666666664,51.0,0,1
15601.0,27,13000.64,2009-12-01 14:53:00,2011-08-09 09:26:00,615,31,23.192307692307693,20.0,1,0
15602.0,12,2383.04,2009-12-02 09:35:00,2011-05-23 12:35:00,537,109,48.18181818181818,28.0,1,0
15605.0,7,1233.9,2010-01-14 14:03:00,2011-04-01 13:47:00,441,161,73.16666666666667,42.5,1,0
15606.0,16,4750.21,2010-03-02 14:48:00,2011-08-12 15:00:00,528,28,34.733333333333334,29.0,1,0
15607.0,9,1708.97,2010-01-08 12:16:00,2011-01-07 12:44:00,364,245,45.125,16.5,0,1
15608.0,2,977.98,2010-10-20 10:10:00,2011-08-11 09:56:00,294,29,294.0,294.0,1,0
15611.0,21,2352.97,2010-01-25 14:50:00,2011-08-28 10:40:00,579,12,28.4,24.0,1,0
15614.0,4,3147.36,2010-03-23 11:13:00,2010-09-28 10:46:00,188,346,62.666666666666664,62.0,0,1
15615.0,43,18342.08,2009-12-02 15:28:00,2011-08-26 12:41:00,631,14,14.642857142857142,14.5,1,0
15617.0,3,828.5500000000001,2010-07-20 13:16:00,2010-11-08 16:07:00,111,305,55.0,55.0,0,1
15618.0,3,419.041,2011-07-26 10:13:00,2011-09-08 12:57:00,44,1,22.0,22.0,1,0
15620.0,3,1264.19,2010-10-26 11:32:00,2011-05-03 11:22:00,188,129,94.0,94.0,1,0
15622.0,13,6745.049999999999,2010-03-04 10:29:00,2011-05-26 14:09:00,448,106,37.083333333333336,22.5,1,0
15623.0,8,2437.0500000000006,2009-12-10 14:46:00,2011-07-21 17:26:00,588,50,83.57142857142857,61.0,0,1
15624.0,4,588.13,2011-03-28 13:32:00,2011-08-15 11:38:00,139,25,46.0,49.0,0,1
15625.0,9,3236.4,2010-06-15 15:23:00,2011-08-28 10:21:00,438,12,54.25,50.5,0,1
15626.0,2,673.5999999999999,2010-10-14 17:16:00,2011-01-14 10:10:00,91,238,91.0,91.0,1,0
15627.0,2,566.9,2010-07-05 11:56:00,2010-09-08 14:14:00,65,366,65.0,65.0,0,1
15628.0,13,4088.2400000000002,2009-12-13 13:39:00,2011-09-02 12:52:00,627,7,51.833333333333336,47.0,1,0
15629.0,4,2240.9000000000005,2010-06-25 11:39:00,2010-09-15 13:46:00,82,359,27.333333333333332,35.0,0,1
15630.0,2,691.91,2010-03-05 14:30:00,2011-05-19 10:16:00,439,113,439.0,439.0,1,0
15632.0,6,2351.8399999999997,2011-03-10 08:29:00,2011-08-10 10:57:00,153,30,30.2,28.0,1,0
15633.0,13,4335.96,2009-12-08 17:51:00,2010-07-18 13:54:00,221,418,17.916666666666668,16.5,0,1
15636.0,3,1026.52,2010-05-19 11:37:00,2011-03-02 14:50:00,287,191,143.0,143.0,1,0
15637.0,4,574.23,2009-12-15 17:54:00,2010-10-22 08:24:00,310,322,103.0,84.0,1,0
15638.0,6,2265.2,2010-04-08 14:37:00,2010-11-26 11:52:00,231,287,46.0,17.0,0,1
15639.0,3,1065.08,2010-04-13 13:11:00,2011-07-28 14:30:00,471,43,235.0,235.0,0,1
15640.0,25,19914.940000000002,2009-12-14 16:36:00,2011-08-10 10:45:00,603,30,24.791666666666668,22.5,1,0
15641.0,12,5345.55,2009-12-06 15:31:00,2011-08-26 14:04:00,627,14,56.63636363636363,50.0,0,1
15643.0,3,664.0,2011-03-02 14:34:00,2011-06-01 07:38:00,90,100,45.0,45.0,0,1
15644.0,4,803.54,2011-03-23 15:37:00,2011-06-26 14:54:00,94,75,31.0,4.0,0,1
15645.0,2,443.1600000000001,2010-10-10 12:51:00,2010-10-21 18:36:00,11,323,11.0,11.0,1,0
15646.0,5,784.8100000000002,2010-10-25 13:06:00,2011-07-05 09:53:00,252,66,63.0,55.5,0,1
15648.0,2,639.5,2011-03-17 18:59:00,2011-05-19 15:53:00,62,113,62.0,62.0,0,1
15649.0,4,1660.35,2010-11-17 16:22:00,2011-01-07 13:34:00,50,245,16.666666666666668,12.0,0,1
15650.0,2,553.88,2010-03-21 11:46:00,2010-07-06 10:41:00,106,430,106.0,106.0,0,1
15651.0,3,840.08,2010-04-22 13:26:00,2011-03-24 08:56:00,335,169,167.5,167.5,1,0
15652.0,5,1405.9400000000003,2010-08-11 16:58:00,2011-09-09 14:22:00,393,0,97.75,44.0,0,1
15653.0,2,877.4399999999999,2011-08-16 09:50:00,2011-09-08 10:49:00,23,1,23.0,23.0,0,1
15656.0,3,563.63,2011-02-28 15:32:00,2011-06-14 13:48:00,105,87,52.5,52.5,1,0
15658.0,8,2117.2700000000004,2009-12-03 11:19:00,2011-06-02 15:22:00,546,99,77.57142857142857,63.0,0,1
15659.0,2,226.04000000000002,2010-02-24 13:32:00,2010-11-18 10:51:00,266,295,266.0,266.0,1,0
15660.0,12,1887.17,2010-02-05 16:01:00,2011-07-27 09:14:00,536,44,48.27272727272727,53.0,1,0
15661.0,8,1215.9499999999996,2010-05-10 07:59:00,2011-01-26 13:56:00,261,226,36.857142857142854,33.0,0,1
15662.0,2,283.73,2009-12-01 13:49:00,2010-02-16 16:47:00,77,570,77.0,77.0,0,1
15664.0,3,867.5999999999999,2010-02-28 12:50:00,2010-09-16 18:09:00,200,358,99.5,99.5,1,0
15665.0,5,3987.0700000000006,2010-03-14 15:07:00,2011-06-24 14:57:00,466,77,116.25,117.0,0,1
15666.0,2,632.9399999999999,2010-08-01 15:41:00,2010-08-24 16:14:00,23,381,23.0,23.0,0,1
15669.0,3,565.5400000000001,2011-03-21 09:13:00,2011-08-28 11:19:00,160,12,79.5,79.5,1,0
15670.0,2,325.20000000000005,2010-06-01 15:34:00,2011-02-16 10:50:00,259,205,259.0,259.0,0,1
15671.0,5,1972.8899999999999,2011-03-14 09:37:00,2011-09-06 10:53:00,176,3,43.5,28.0,1,0
15673.0,8,5492.790000000001,2010-02-22 14:28:00,2011-07-06 10:15:00,498,65,70.57142857142857,57.0,1,0
15674.0,12,5881.29,2009-12-08 17:08:00,2011-05-10 10:39:00,517,122,46.54545454545455,33.0,1,0
15675.0,3,443.74,2010-10-31 14:14:00,2011-07-07 19:14:00,249,64,124.5,124.5,1,0
15677.0,2,648.4000000000001,2010-09-02 12:08:00,2010-10-14 15:19:00,42,330,42.0,42.0,1,0
15678.0,2,1473.24,2010-07-05 12:49:00,2010-11-09 14:38:00,127,304,127.0,127.0,1,0
15679.0,2,260.26,2011-06-10 08:24:00,2011-07-08 13:31:00,28,63,28.0,28.0,1,0
15680.0,8,3173.9,2009-12-02 12:15:00,2010-12-08 14:43:00,371,275,52.57142857142857,48.0,1,0
15681.0,12,2266.76,2010-05-24 14:18:00,2011-06-09 16:34:00,381,92,34.36363636363637,14.0,1,0
15682.0,2,318.23999999999995,2010-01-21 14:37:00,2010-04-19 15:30:00,88,508,88.0,88.0,0,1
15683.0,2,524.54,2010-08-23 12:01:00,2011-08-14 12:56:00,356,26,356.0,356.0,0,1
15684.0,3,173.95000000000002,2009-12-04 16:13:00,2010-06-10 18:51:00,188,456,93.5,93.5,0,1
15687.0,5,1679.4499999999998,2011-01-13 15:13:00,2011-06-06 09:13:00,143,95,35.25,21.0,1,0
15689.0,3,521.03,2010-04-01 09:53:00,2011-08-12 09:37:00,497,28,248.5,248.5,0,1
15691.0,4,571.3,2009-12-06 16:01:00,2011-04-01 15:13:00,480,161,160.0,143.0,0,1
15694.0,19,6804.860000000001,2009-12-07 15:43:00,2011-06-16 16:06:00,556,85,30.38888888888889,21.0,1,0
15695.0,4,1131.04,2010-01-27 10:56:00,2011-03-18 08:32:00,414,175,137.66666666666666,83.0,0,1
15696.0,11,2800.0600000000004,2010-01-24 14:36:00,2011-05-03 11:34:00,463,129,45.9,35.0,1,0
15700.0,2,696.6799999999998,2011-06-19 15:36:00,2011-06-20 16:53:00,1,81,1.0,1.0,0,1
15702.0,2,140.39,2010-01-26 17:23:00,2010-08-20 14:50:00,205,385,205.0,205.0,0,1
15704.0,6,3734.66,2010-05-05 14:51:00,2011-07-22 13:35:00,442,49,88.2,46.0,0,1
15708.0,8,3241.24,2010-10-10 11:33:00,2011-07-24 12:20:00,287,47,40.57142857142857,34.0,1,0
15709.0,2,327.85,2010-04-29 18:31:00,2011-03-01 10:38:00,305,192,305.0,305.0,0,1
15711.0,2,420.25,2010-01-24 12:13:00,2010-06-01 12:14:00,128,465,128.0,128.0,0,1
15712.0,10,3166.3599999999997,2009-12-01 11:17:00,2011-08-22 11:44:00,629,18,69.33333333333333,73.0,1,0
15713.0,4,839.6400000000001,2009-12-16 09:41:00,2011-07-19 13:34:00,580,52,193.0,222.0,0,1
15714.0,3,453.92999999999995,2010-06-02 12:08:00,2010-09-12 14:22:00,102,362,50.5,50.5,1,0
15715.0,5,658.0200000000001,2010-03-30 12:17:00,2010-06-02 09:56:00,63,464,15.75,11.5,0,1
15716.0,11,2485.26,2009-12-07 12:42:00,2011-07-17 11:59:00,586,54,58.1,48.5,0,1
15717.0,5,607.0,2010-04-26 10:41:00,2011-04-19 13:21:00,358,143,89.0,65.0,0,1
15719.0,29,9227.869999999999,2009-12-01 12:47:00,2011-09-01 12:41:00,638,8,22.392857142857142,22.5,1,0
15722.0,9,4436.24,2010-03-09 15:05:00,2011-08-23 11:30:00,531,17,65.875,50.0,1,0
15723.0,4,930.6999999999999,2010-05-14 12:55:00,2010-12-10 11:12:00,209,273,69.33333333333333,46.0,0,1
15724.0,3,310.85,2010-11-04 10:22:00,2011-05-22 14:40:00,199,110,99.5,99.5,0,1
15727.0,14,8802.04,2010-01-24 12:12:00,2011-08-24 14:54:00,577,16,43.92307692307692,36.0,1,0
15728.0,2,544.6,2010-09-21 14:46:00,2010-11-25 10:39:00,64,288,64.0,64.0,0,1
15729.0,3,192.55,2010-11-01 13:44:00,2011-05-11 12:36:00,190,121,95.0,95.0,0,1
15730.0,4,1382.92,2010-10-04 14:15:00,2011-09-08 14:28:00,339,1,112.66666666666667,114.0,1,0
15732.0,10,1543.97,2010-02-04 10:10:00,2011-05-11 14:24:00,461,121,50.77777777777778,19.0,0,1
15734.0,4,2263.3,2010-06-10 14:25:00,2011-08-17 10:50:00,432,23,143.66666666666666,110.0,0,1
15736.0,2,1767.1200000000001,2010-09-30 14:19:00,2010-09-30 14:20:00,0,344,0.0,0.0,0,1
15737.0,5,880.93,2011-04-11 10:01:00,2011-07-15 12:33:00,95,56,23.5,20.5,1,0
15738.0,38,12084.349999999999,2009-12-10 15:52:00,2011-09-04 12:04:00,632,5,16.54054054054054,15.0,1,0
15741.0,2,208.62,2010-03-31 11:55:00,2010-09-07 16:21:00,160,367,160.0,160.0,0,1
15743.0,2,434.05,2011-06-08 10:14:00,2011-08-18 12:43:00,71,22,71.0,71.0,1,0
15747.0,8,2078.54,2010-01-18 11:21:00,2011-08-11 14:04:00,570,29,81.0,58.0,1,0
15748.0,2,465.45,2010-09-16 16:52:00,2010-09-16 16:55:00,0,358,0.0,0.0,1,0
15749.0,3,44534.3,2011-01-11 12:55:00,2011-04-18 13:20:00,97,144,48.5,48.5,0,1
15750.0,14,5098.120999999999,2009-12-01 17:19:00,2011-06-22 12:16:00,567,79,43.07692307692308,20.0,1,0
15751.0,11,1380.44,2009-12-06 13:08:00,2010-09-05 12:44:00,272,369,27.0,20.0,0,1
15752.0,8,3391.6800000000003,2010-09-08 11:56:00,2011-09-07 15:52:00,364,2,51.42857142857143,33.0,1,0
15754.0,7,2670.8399999999997,2010-02-22 13:31:00,2011-04-07 12:24:00,408,155,67.66666666666667,18.0,1,0
15755.0,14,4773.700000000001,2009-12-04 08:24:00,2011-08-23 15:20:00,627,17,47.84615384615385,41.0,1,0
15756.0,3,359.89,2011-04-04 14:00:00,2011-07-10 11:19:00,96,61,48.0,48.0,1,0
15757.0,5,2487.3,2010-06-10 13:47:00,2011-05-06 11:40:00,329,126,82.0,57.5,1,0
15759.0,7,830.9300000000001,2009-12-02 10:08:00,2011-05-05 15:13:00,519,127,86.16666666666667,69.5,0,1
15760.0,2,13916.34,2010-03-19 11:35:00,2010-03-19 11:45:00,0,539,0.0,0.0,0,1
15764.0,7,4499.7300000000005,2010-08-18 13:58:00,2011-08-24 15:09:00,371,16,61.666666666666664,60.5,1,0
15766.0,2,516.0,2010-01-26 15:55:00,2010-09-09 13:51:00,225,365,225.0,225.0,1,0
15768.0,34,15308.890000000001,2009-12-03 12:10:00,2011-08-16 10:48:00,620,24,18.363636363636363,7.0,0,1
15769.0,39,74223.52,2009-12-11 09:58:00,2011-08-30 11:37:00,627,10,16.07894736842105,13.0,1,0
15771.0,3,1006.54,2010-01-15 12:14:00,2010-04-14 13:56:00,89,513,44.5,44.5,0,1
15774.0,5,1017.5400000000001,2010-02-21 12:57:00,2010-10-17 12:59:00,238,327,59.25,56.5,1,0
15775.0,2,150.5,2010-03-18 07:32:00,2011-04-08 12:56:00,386,154,386.0,386.0,0,1
15777.0,7,1762.61,2010-05-20 10:37:00,2011-04-12 16:43:00,327,150,54.166666666666664,39.0,0,1
15779.0,2,124.08000000000001,2010-06-25 15:55:00,2010-09-02 16:40:00,69,372,69.0,69.0,0,1
15780.0,3,475.28,2010-12-17 11:43:00,2011-06-09 12:01:00,174,92,86.5,86.5,0,1
15781.0,2,211.3,2011-02-07 09:15:00,2011-07-25 12:25:00,168,46,168.0,168.0,1,0
15784.0,2,848.3299999999999,2010-02-05 14:42:00,2010-08-29 10:38:00,204,376,204.0,204.0,0,1
15785.0,15,5306.789999999999,2009-12-15 16:28:00,2011-07-05 10:08:00,566,66,40.142857142857146,45.0,1,0
15786.0,3,6730.26,2010-06-21 10:13:00,2011-08-17 13:33:00,422,23,210.5,210.5,1,0
15789.0,6,1962.0099999999998,2010-03-26 11:21:00,2010-12-16 14:35:00,265,267,52.8,61.0,0,1
15791.0,4,3218.8900000000003,2010-03-08 09:41:00,2011-05-19 15:15:00,437,113,145.66666666666666,61.0,1,0
15792.0,2,933.8399999999999,2010-03-31 09:42:00,2010-11-05 08:21:00,218,308,218.0,218.0,0,1
15793.0,6,1740.6,2009-12-01 12:54:00,2011-03-16 10:45:00,469,177,93.6,110.0,1,0
15794.0,2,777.0000000000001,2009-12-02 15:10:00,2009-12-03 13:04:00,0,645,0.0,0.0,0,1
15795.0,8,1979.8700000000001,2010-01-18 11:31:00,2011-07-13 10:43:00,540,58,77.0,27.0,0,1
15796.0,14,4035.789999999999,2010-03-31 13:10:00,2011-08-22 14:35:00,509,18,38.69230769230769,35.0,1,0
15797.0,6,2821.08,2010-01-27 13:12:00,2011-08-18 17:04:00,568,22,113.4,100.0,0,1
15798.0,3,1535.37,2010-01-27 11:55:00,2010-08-04 09:13:00,188,401,94.0,94.0,0,1
15799.0,3,1018.44,2010-10-17 14:26:00,2011-06-07 15:28:00,233,94,116.5,116.5,1,0
15800.0,7,1227.07,2010-03-31 13:17:00,2011-08-24 14:23:00,511,16,85.0,69.5,0,1
15803.0,3,1513.8400000000004,2010-02-01 16:29:00,2010-09-20 13:08:00,230,354,115.0,115.0,1,0
15804.0,5,2554.8399999999997,2011-05-25 10:12:00,2011-09-06 15:14:00,104,3,25.75,25.0,1,0
15805.0,24,8209.25,2009-12-10 12:57:00,2011-08-25 14:50:00,623,15,26.82608695652174,16.0,1,0
15806.0,2,521.8800000000001,2011-03-08 09:24:00,2011-07-05 12:15:00,119,66,119.0,119.0,1,0
15807.0,2,913.6199999999999,2010-02-11 15:32:00,2010-10-27 13:04:00,257,317,257.0,257.0,1,0
15808.0,21,17180.25,2009-12-01 16:30:00,2011-02-06 14:33:00,431,215,21.05,21.0,0,1
15809.0,6,1157.88,2010-06-22 14:23:00,2011-06-08 15:31:00,351,93,69.6,52.0,1,0
15810.0,7,2968.25,2010-02-04 18:18:00,2011-06-22 14:01:00,502,79,83.16666666666667,70.5,1,0
15811.0,6,3041.33,2010-11-16 16:46:00,2011-08-26 09:37:00,282,14,55.8,59.0,1,0
15812.0,12,5201.470000000001,2009-12-15 13:40:00,2011-08-24 14:19:00,617,16,55.63636363636363,44.0,0,1
15813.0,2,1303.9099999999999,2011-04-14 09:09:00,2011-05-16 08:13:00,31,116,31.0,31.0,0,1
15814.0,2,689.1100000000001,2010-04-15 14:31:00,2010-11-11 17:55:00,210,302,210.0,210.0,1,0
15815.0,4,1874.7,2011-03-25 08:43:00,2011-07-22 12:20:00,119,49,39.333333333333336,33.0,1,0
15816.0,2,144.15,2010-06-15 12:54:00,2010-06-15 13:36:00,0,451,0.0,0.0,0,1
15817.0,3,2766.4,2010-06-14 13:31:00,2010-10-15 11:07:00,122,329,60.5,60.5,0,1
15819.0,9,3614.81,2010-03-18 11:08:00,2011-07-31 15:22:00,500,40,62.25,59.5,1,0
15822.0,5,1394.79,2009-12-06 15:12:00,2010-12-15 13:38:00,373,268,93.0,95.5,1,0
15823.0,3,3882.17,2009-12-08 15:12:00,2010-12-02 15:08:00,358,281,179.0,179.0,0,1
15824.0,2,890.94,2010-06-25 15:10:00,2010-09-12 13:20:00,78,362,78.0,78.0,0,1
15826.0,2,1663.9699999999998,2010-05-20 17:00:00,2011-05-13 10:44:00,357,119,357.0,357.0,1,0
15827.0,27,3365.21,2010-01-08 11:25:00,2011-08-17 15:05:00,586,23,22.192307692307693,21.5,1,0
15829.0,2,636.1399999999998,2011-07-22 10:23:00,2011-09-01 16:45:00,41,8,41.0,41.0,0,1
15831.0,2,451.1100000000001,2011-01-19 14:52:00,2011-08-07 13:54:00,199,33,199.0,199.0,1,0
15834.0,6,3322.46,2010-10-11 14:05:00,2011-06-27 10:16:00,258,74,51.4,47.0,1,0
15835.0,3,675.5099999999999,2011-01-13 10:35:00,2011-07-25 12:50:00,193,46,96.0,96.0,1,0
15838.0,27,53715.92,2009-12-15 09:51:00,2011-08-23 12:18:00,616,17,23.26923076923077,17.0,1,0
15841.0,7,2131.61,2009-12-10 08:29:00,2011-05-05 14:37:00,511,127,84.83333333333333,67.0,1,0
15842.0,2,548.8,2010-06-30 09:06:00,2010-11-11 14:08:00,134,302,134.0,134.0,0,1
15845.0,8,3241.2700000000004,2010-01-26 14:44:00,2011-07-18 10:05:00,537,53,76.28571428571429,55.0,1,0
15847.0,4,613.9800000000001,2010-03-08 08:47:00,2011-02-24 16:46:00,353,197,117.33333333333333,139.0,1,0
15850.0,5,888.0300000000001,2009-12-13 13:27:00,2011-06-24 14:16:00,558,77,139.0,168.5,1,0
15852.0,3,257.26,2010-07-01 10:16:00,2011-06-06 11:22:00,340,95,169.5,169.5,0,1
15854.0,18,5002.85,2009-12-10 12:08:00,2011-07-22 13:17:00,589,49,34.11764705882353,31.0,1,0
15855.0,6,1052.72,2010-08-20 17:15:00,2011-07-26 10:20:00,339,45,67.6,34.0,0,1
15856.0,42,27380.24,2009-12-03 14:02:00,2011-09-05 17:44:00,641,4,15.170731707317072,12.0,1,0
15858.0,10,2941.0599999999995,2009-12-10 11:42:00,2011-02-23 13:21:00,440,198,48.22222222222222,51.0,1,0
15860.0,15,2163.2799999999997,2009-12-06 12:31:00,2011-09-02 10:34:00,634,7,44.714285714285715,24.0,1,0
15861.0,7,2346.04,2010-01-28 19:41:00,2011-07-28 11:29:00,545,43,90.66666666666667,101.0,1,0
15862.0,12,2339.14,2009-12-17 11:33:00,2011-08-19 16:34:00,610,21,55.27272727272727,42.0,1,0
15863.0,4,295.46,2009-12-17 10:20:00,2011-05-31 11:36:00,530,101,176.33333333333334,69.0,1,0
15864.0,4,1202.3000000000002,2010-11-23 15:02:00,2011-09-02 10:31:00,282,7,93.66666666666667,78.0,1,0
15865.0,3,1660.22,2010-01-05 13:58:00,2011-05-10 11:44:00,489,122,244.5,244.5,1,0
15867.0,28,8060.57,2009-12-14 15:16:00,2011-08-18 16:24:00,612,22,22.185185185185187,20.0,1,0
15869.0,3,321.11000000000007,2010-03-23 16:50:00,2011-03-07 17:23:00,349,186,174.5,174.5,0,1
15870.0,3,506.02,2010-09-19 16:22:00,2010-11-08 10:57:00,49,305,24.5,24.5,1,0
15872.0,2,413.0,2010-06-07 14:53:00,2010-11-26 12:05:00,171,287,171.0,171.0,1,0
15873.0,4,313.91999999999996,2010-07-27 11:58:00,2010-07-28 12:41:00,1,408,0.3333333333333333,0.0,0,1
15874.0,20,9086.630000000001,2010-01-07 13:56:00,2011-06-15 11:01:00,523,86,27.157894736842106,26.0,1,0
15876.0,2,1449.1399999999999,2010-09-17 15:26:00,2010-10-26 18:58:00,39,318,39.0,39.0,0,1
15878.0,2,330.7699999999999,2009-12-06 12:28:00,2010-05-27 12:17:00,171,470,171.0,171.0,0,1
15879.0,4,1137.8000000000002,2009-12-17 19:54:00,2010-10-31 16:21:00,317,313,105.0,116.0,0,1
15881.0,5,501.39000000000004,2010-12-10 13:32:00,2011-01-31 16:59:00,52,221,12.75,1.0,0,1
15882.0,8,1124.6599999999999,2009-12-10 15:33:00,2011-05-25 11:35:00,530,107,75.42857142857143,53.0,0,1
15884.0,2,244.60000000000002,2009-12-03 18:23:00,2010-10-03 15:55:00,303,341,303.0,303.0,0,1
15885.0,15,1951.82,2010-01-21 12:47:00,2011-09-08 10:43:00,594,1,42.07142857142857,33.0,0,1
15886.0,3,871.78,2010-04-20 15:03:00,2010-10-19 12:01:00,181,325,90.5,90.5,1,0
15887.0,3,1027.15,2010-06-02 11:53:00,2010-10-29 08:36:00,148,315,74.0,74.0,0,1
15888.0,2,260.85,2010-07-01 11:51:00,2010-11-04 09:59:00,125,309,125.0,125.0,1,0
15889.0,8,1427.6,2009-12-10 12:21:00,2011-07-06 11:10:00,572,65,81.28571428571429,20.0,0,1
15890.0,5,535.65,2010-04-14 08:43:00,2010-11-10 12:46:00,210,303,52.25,3.5,0,1
15894.0,2,258.25,2010-12-05 14:06:00,2011-03-31 13:50:00,115,162,115.0,115.0,0,1
15897.0,2,208.59000000000003,2011-05-29 13:32:00,2011-05-29 13:50:00,0,103,0.0,0.0,0,1
15898.0,24,4610.5599999999995,2009-12-11 16:11:00,2011-04-27 10:03:00,501,135,21.26086956521739,16.0,1,0
15900.0,3,549.29,2010-05-26 11:27:00,2010-10-22 10:44:00,148,322,73.5,73.5,1,0
15901.0,5,446.48,2010-06-14 12:39:00,2011-07-08 12:18:00,388,63,96.75,45.5,1,0
15903.0,7,4454.72,2010-01-14 10:57:00,2011-04-26 11:51:00,467,136,77.33333333333333,56.0,1,0
15906.0,7,1760.21,2010-09-15 12:17:00,2011-07-18 11:37:00,305,53,50.5,39.5,1,0
15907.0,2,477.5899999999999,2011-05-13 13:01:00,2011-06-16 12:45:00,33,85,33.0,33.0,1,0
15908.0,2,758.6200000000001,2010-07-15 19:21:00,2010-08-06 11:56:00,21,399,21.0,21.0,0,1
15910.0,12,2095.65,2010-01-21 11:51:00,2011-09-01 16:59:00,588,8,53.09090909090909,42.0,1,0
15911.0,8,1700.24,2009-12-09 13:26:00,2010-03-26 12:06:00,106,532,14.857142857142858,15.0,0,1
15912.0,9,1074.7,2009-12-10 12:58:00,2011-06-14 14:29:00,551,87,68.625,47.5,0,1
15914.0,2,205.98999999999998,2010-11-26 16:09:00,2010-11-26 16:10:00,0,287,0.0,0.0,0,1
15916.0,10,2489.33,2009-12-10 16:21:00,2011-06-01 11:52:00,537,100,59.22222222222222,49.0,1,0
15917.0,5,530.17,2009-12-02 14:55:00,2011-04-06 10:40:00,489,156,122.0,65.0,0,1
15918.0,3,582.88,2010-03-18 11:40:00,2011-06-02 11:42:00,441,99,220.0,220.0,0,1
15920.0,9,569.1400000000001,2009-12-14 13:09:00,2011-07-08 15:31:00,571,63,71.25,45.0,0,1
15921.0,4,775.2600000000001,2010-03-09 11:03:00,2011-06-20 11:03:00,468,81,155.66666666666666,223.0,0,1
15932.0,6,1885.9499999999998,2011-02-23 14:50:00,2011-08-24 12:00:00,181,16,35.8,28.0,1,0
15934.0,2,2190.66,2010-10-06 12:08:00,2010-10-18 10:13:00,11,326,11.0,11.0,0,1
15935.0,2,416.86,2011-04-12 09:35:00,2011-04-14 13:27:00,2,148,2.0,2.0,0,1
15936.0,2,282.78999999999996,2010-08-29 11:42:00,2010-11-25 16:39:00,88,288,88.0,88.0,0,1
15938.0,9,734.8100000000001,2010-06-01 09:42:00,2011-08-19 12:56:00,444,21,55.125,47.0,0,1
15939.0,15,8805.63,2010-11-30 12:07:00,2011-08-24 14:46:00,267,16,18.714285714285715,16.5,1,0
15943.0,2,271.28999999999996,2010-01-31 11:04:00,2010-02-28 12:49:00,28,558,28.0,28.0,0,1
15944.0,4,2164.2400000000002,2009-12-13 12:57:00,2011-03-08 10:33:00,449,185,149.66666666666666,117.0,0,1
15945.0,4,646.2700000000001,2009-12-01 13:47:00,2010-12-09 13:14:00,372,274,124.0,76.0,0,1
15946.0,3,2304.18,2010-03-16 10:49:00,2010-07-25 12:18:00,131,411,65.5,65.5,0,1
15950.0,8,6467.58,2010-01-26 11:39:00,2011-08-25 14:13:00,576,15,82.0,69.0,1,0
15951.0,2,680.12,2010-11-23 18:20:00,2011-02-27 11:57:00,95,194,95.0,95.0,1,0
15952.0,2,309.2,2011-04-28 12:55:00,2011-07-03 13:33:00,66,68,66.0,66.0,1,0
15953.0,14,2607.1,2009-12-03 14:00:00,2011-05-12 11:44:00,524,120,40.0,35.0,1,0
15955.0,16,6133.37,2010-02-23 16:36:00,2011-08-25 11:36:00,547,15,36.13333333333333,17.0,1,0
15956.0,2,617.6,2009-12-13 11:16:00,2010-06-06 13:06:00,175,460,175.0,175.0,0,1
15957.0,2,492.36,2010-10-15 12:11:00,2010-10-15 12:22:00,0,329,0.0,0.0,1,0
15958.0,3,357.77000000000004,2010-06-07 10:59:00,2010-11-01 12:22:00,147,312,73.0,73.0,1,0
15959.0,3,542.89,2010-01-26 16:19:00,2010-01-26 16:38:00,0,591,0.0,0.0,0,1
15960.0,4,410.95,2010-09-30 15:50:00,2010-11-30 15:57:00,61,283,19.666666666666668,14.0,0,1
15965.0,10,2119.26,2009-12-03 11:45:00,2010-12-07 13:18:00,369,276,40.55555555555556,41.0,1,0
15967.0,11,2730.22,2009-12-01 13:29:00,2011-01-25 11:57:00,419,227,41.5,37.5,1,0
15969.0,3,769.65,2010-07-05 13:10:00,2011-06-07 12:19:00,336,94,168.0,168.0,1,0
15970.0,2,1017.32,2010-04-20 11:30:00,2011-02-09 12:08:00,295,212,295.0,295.0,0,1
15971.0,13,3812.4300000000007,2009-12-08 09:46:00,2011-08-23 09:53:00,623,17,51.5,25.0,1,0
15972.0,5,1769.33,2010-04-18 14:06:00,2010-09-09 13:20:00,143,365,35.5,23.5,0,1
15973.0,3,680.62,2010-10-06 15:00:00,2010-12-08 11:42:00,62,275,31.0,31.0,0,1
15974.0,6,2895.0099999999998,2011-02-24 10:10:00,2011-09-05 15:40:00,193,4,38.2,38.0,1,0
15976.0,6,1694.4099999999999,2010-06-06 14:01:00,2011-06-27 13:00:00,385,74,76.6,55.0,0,1
15978.0,2,2180.6400000000003,2010-03-05 14:39:00,2010-10-03 14:08:00,211,341,211.0,211.0,1,0
15980.0,5,4905.0,2010-06-01 14:40:00,2011-03-30 15:05:00,302,163,75.25,32.5,1,0
15981.0,19,8412.49,2010-03-29 10:07:00,2011-07-25 10:47:00,483,46,26.444444444444443,24.0,1,0
15983.0,7,2783.62,2009-12-06 12:52:00,2010-12-14 12:30:00,372,269,61.666666666666664,6.0,1,0
15984.0,27,7419.9,2009-12-01 13:38:00,2011-08-31 12:11:00,637,9,24.192307692307693,20.5,1,0
15985.0,7,2715.2799999999997,2010-05-27 15:51:00,2011-08-08 16:31:00,438,32,72.5,49.0,0,1
15987.0,7,1296.8500000000001,2010-11-25 12:56:00,2011-08-11 09:45:00,258,29,42.666666666666664,23.0,1,0
15988.0,2,582.1100000000002,2010-02-21 11:36:00,2010-06-06 12:45:00,105,460,105.0,105.0,1,0
15989.0,2,368.30999999999995,2009-12-02 15:51:00,2010-11-29 12:03:00,361,284,361.0,361.0,0,1
15990.0,6,1607.01,2010-02-28 12:30:00,2011-02-25 15:35:00,362,196,72.0,32.0,1,0
15992.0,2,854.6099999999999,2010-09-12 11:52:00,2010-11-08 14:51:00,57,305,57.0,57.0,1,0
15994.0,2,761.4100000000001,2010-03-14 11:55:00,2010-10-24 12:14:00,224,320,224.0,224.0,1,0
15996.0,6,1233.58,2010-11-07 15:49:00,2011-08-15 13:09:00,280,25,56.0,49.0,1,0
15998.0,14,7299.179999999999,2009-12-01 11:45:00,2011-06-21 10:48:00,566,80,43.0,37.0,1,0
16003.0,8,4672.360000000001,2009-12-03 18:51:00,2011-07-28 11:20:00,601,43,85.57142857142857,31.0,1,0
16004.0,5,2146.39,2010-01-25 13:56:00,2010-08-22 11:48:00,208,383,52.0,60.0,0,1
16005.0,8,2062.19,2010-09-15 13:21:00,2011-06-10 12:01:00,267,91,37.714285714285715,20.0,1,0
16006.0,2,332.81999999999994,2010-11-17 12:03:00,2011-05-12 13:12:00,176,120,176.0,176.0,0,1
16007.0,5,2086.92,2010-06-14 13:18:00,2011-06-12 12:01:00,362,89,90.0,79.0,1,0
16008.0,13,4999.5,2010-03-19 11:07:00,2011-05-19 10:54:00,425,113,34.916666666666664,17.0,1,0
16010.0,11,1694.86,2010-10-24 10:54:00,2011-04-08 10:14:00,165,154,16.1,5.5,0,1
16011.0,25,4433.71,2009-12-01 12:02:00,2011-09-08 15:41:00,646,1,26.458333333333332,21.5,1,0
16012.0,4,2695.42,2010-06-28 11:39:00,2011-08-03 11:44:00,401,37,133.33333333333334,128.0,1,0
16013.0,72,42357.18,2009-12-08 10:24:00,2011-09-02 11:34:00,633,7,8.633802816901408,4.0,1,0
16014.0,4,967.8299999999999,2010-01-31 12:43:00,2011-07-10 16:29:00,525,61,174.66666666666666,138.0,1,0
16016.0,7,1408.96,2010-11-02 13:27:00,2011-05-27 13:53:00,206,105,34.0,14.0,1,0
16017.0,4,1333.6999999999998,2010-01-05 12:06:00,2010-10-18 12:58:00,286,326,95.0,59.0,1,0
16018.0,3,451.13,2009-12-07 13:57:00,2011-06-12 13:52:00,551,89,275.5,275.5,1,0
16019.0,25,16495.170000000002,2009-12-14 14:12:00,2011-07-26 14:03:00,588,45,24.041666666666668,20.0,1,0
16021.0,2,487.03000000000003,2010-06-13 11:05:00,2010-11-09 14:48:00,149,304,149.0,149.0,0,1
16023.0,2,500.68999999999994,2011-03-18 13:32:00,2011-05-31 14:19:00,74,101,74.0,74.0,1,0
16024.0,2,232.96,2010-10-24 11:40:00,2010-10-24 11:42:00,0,320,0.0,0.0,1,0
16027.0,15,2048.36,2010-01-08 13:21:00,2011-09-09 10:47:00,608,0,42.857142857142854,29.5,0,1
16029.0,96,91042.92,2009-12-08 11:23:00,2011-09-07 09:45:00,637,2,6.3578947368421055,5.0,1,0
16031.0,2,547.9000000000001,2011-04-06 14:23:00,2011-09-08 13:07:00,154,1,154.0,154.0,0,1
16032.0,6,1965.72,2010-07-04 13:31:00,2010-09-09 18:00:00,67,365,13.0,16.0,0,1
16033.0,23,7694.540000000001,2010-08-11 16:44:00,2011-08-23 14:19:00,376,17,16.681818181818183,13.0,1,0
16034.0,6,911.32,2010-10-26 13:00:00,2011-05-27 16:17:00,213,105,42.4,12.0,0,1
16036.0,3,1986.6499999999999,2010-03-29 14:47:00,2011-03-21 13:01:00,356,172,178.0,178.0,1,0
16037.0,5,1509.3400000000001,2010-03-01 12:31:00,2011-03-15 09:13:00,378,178,94.0,78.5,0,1
16038.0,2,393.3299999999999,2011-05-22 11:29:00,2011-06-15 13:50:00,24,86,24.0,24.0,1,0
16039.0,2,456.4,2010-03-21 15:17:00,2010-10-12 10:44:00,204,332,204.0,204.0,0,1
16040.0,6,1979.53,2010-04-09 10:12:00,2011-07-14 16:12:00,461,57,91.8,80.0,1,0
16041.0,2,2739.8,2011-07-21 16:27:00,2011-07-21 16:28:00,0,50,0.0,0.0,1,0
16042.0,5,1508.3300000000004,2010-09-12 12:00:00,2011-08-24 12:04:00,346,16,86.0,60.0,1,0
16043.0,7,1759.0899999999997,2010-08-15 11:26:00,2011-05-12 13:43:00,270,120,44.666666666666664,48.0,1,0
16045.0,8,3434.9300000000003,2010-07-29 12:50:00,2011-08-12 12:41:00,378,28,53.714285714285715,44.0,0,1
16048.0,4,818.79,2010-06-08 12:36:00,2010-12-01 15:28:00,176,282,58.333333333333336,26.0,0,1
16049.0,3,777.34,2010-07-11 13:53:00,2010-11-29 14:36:00,141,284,70.0,70.0,1,0
16050.0,3,300.7,2010-11-03 15:55:00,2011-06-19 11:44:00,227,82,113.0,113.0,0,1
16053.0,5,3247.08,2010-04-08 11:11:00,2011-08-09 14:57:00,488,31,121.75,98.0,1,0
16054.0,4,2111.88,2010-04-01 18:37:00,2011-07-17 13:08:00,471,54,157.0,104.0,0,1
16057.0,9,3135.96,2010-01-07 17:11:00,2011-09-04 15:21:00,604,5,75.375,59.0,1,0
16059.0,10,2545.01,2010-05-19 13:04:00,2011-06-29 10:50:00,405,72,44.44444444444444,40.0,1,0
16060.0,3,541.95,2010-08-02 15:26:00,2010-11-04 12:10:00,93,309,46.5,46.5,0,1
16062.0,7,2487.97,2010-06-21 13:32:00,2011-07-29 12:50:00,402,42,66.66666666666667,78.0,1,0
16065.0,8,1992.13,2010-09-02 13:27:00,2010-12-09 13:03:00,97,274,13.571428571428571,14.0,0,1
16067.0,3,3269.11,2010-02-02 18:01:00,2010-05-26 12:33:00,112,471,55.5,55.5,0,1
16071.0,3,750.5600000000002,2010-02-22 14:48:00,2010-06-30 13:41:00,127,436,63.5,63.5,1,0
16072.0,4,4180.09,2010-06-08 16:47:00,2011-02-24 14:32:00,260,197,86.33333333333333,120.0,0,1
16075.0,2,736.9300000000001,2010-05-24 15:57:00,2010-07-25 11:31:00,61,411,61.0,61.0,0,1
16076.0,5,1357.9799999999998,2011-05-15 12:31:00,2011-09-08 12:04:00,115,1,28.5,20.5,1,0
16078.0,2,362.99,2010-02-08 13:29:00,2011-03-01 09:47:00,385,192,385.0,385.0,0,1
16080.0,3,515.66,2010-09-15 14:19:00,2011-03-10 14:44:00,176,183,87.5,87.5,1,0
16081.0,6,2471.91,2010-02-03 12:46:00,2011-06-07 13:31:00,489,94,97.2,99.0,1,0
16083.0,4,2351.4200000000005,2010-11-16 11:53:00,2011-08-31 10:47:00,287,9,95.33333333333333,21.0,0,1
16085.0,9,1684.5600000000002,2010-01-20 14:03:00,2011-04-17 12:25:00,451,145,56.125,57.5,1,0
16086.0,9,2466.04,2009-12-02 13:20:00,2011-09-02 13:22:00,639,7,79.25,83.0,1,0
16087.0,5,1739.9199999999998,2010-01-19 12:30:00,2010-11-15 16:44:00,300,298,74.5,43.5,0,1
16088.0,2,1437.43,2010-04-27 10:56:00,2010-05-13 10:16:00,15,484,15.0,15.0,0,1
16089.0,2,263.48999999999995,2010-07-18 15:51:00,2010-11-18 13:51:00,122,295,122.0,122.0,0,1
16091.0,2,315.06,2011-05-25 09:18:00,2011-07-08 08:45:00,43,63,43.0,43.0,0,1
16092.0,6,1587.9399999999998,2010-05-09 16:10:00,2011-08-17 10:46:00,464,23,92.4,74.0,0,1
16094.0,8,2869.43,2010-04-16 14:00:00,2011-05-04 13:57:00,382,128,54.285714285714285,32.0,1,0
16096.0,4,1584.97,2010-03-04 15:44:00,2011-03-20 13:38:00,380,173,126.33333333333333,151.0,0,1
16098.0,13,3717.56,2009-12-15 09:40:00,2011-08-03 17:05:00,596,37,49.25,51.0,1,0
16099.0,6,1433.3999999999999,2010-03-03 11:13:00,2011-07-25 10:28:00,508,46,101.4,88.0,1,0
16101.0,3,1938.46,2010-05-27 12:50:00,2010-10-01 10:45:00,126,343,63.0,63.0,1,0
16102.0,2,1392.8400000000001,2011-08-03 12:50:00,2011-09-02 11:54:00,29,7,29.0,29.0,1,0
16103.0,20,5918.47,2010-01-08 12:08:00,2011-07-05 10:54:00,542,66,28.105263157894736,18.0,1,0
16104.0,8,2476.25,2009-12-06 10:41:00,2010-10-17 10:34:00,314,327,44.714285714285715,48.0,1,0
16105.0,5,2386.19,2010-04-14 13:27:00,2011-04-05 10:13:00,355,157,88.25,60.5,0,1
16107.0,3,1494.12,2011-06-09 18:42:00,2011-08-28 14:53:00,79,12,39.5,39.5,1,0
16108.0,3,1393.42,2010-03-18 14:14:00,2010-10-01 15:10:00,197,343,98.0,98.0,1,0
16109.0,3,939.48,2010-01-10 10:37:00,2011-05-05 09:17:00,479,127,239.5,239.5,0,1
16110.0,3,1138.82,2010-07-05 13:04:00,2011-03-22 13:54:00,260,171,129.5,129.5,1,0
16112.0,4,195.74,2011-01-05 11:47:00,2011-07-19 14:28:00,195,52,64.33333333333333,11.0,0,1
16115.0,9,1817.5099999999998,2010-05-14 11:59:00,2011-08-14 12:55:00,457,26,56.75,51.5,1,0
16117.0,3,654.3999999999999,2010-04-27 11:50:00,2011-06-03 11:42:00,401,98,200.5,200.5,0,1
16119.0,6,1297.45,2009-12-16 11:56:00,2010-11-10 13:40:00,329,303,65.6,49.0,1,0
16120.0,2,1658.3700000000001,2010-10-13 15:07:00,2010-10-13 15:22:00,0,331,0.0,0.0,1,0
16121.0,4,881.3199999999999,2010-05-23 10:52:00,2011-05-08 11:52:00,350,124,116.66666666666667,175.0,1,0
16122.0,5,761.46,2010-10-10 15:26:00,2011-08-19 10:18:00,312,21,77.5,41.5,1,0
16124.0,4,1772.49,2009-12-07 10:33:00,2011-01-26 14:45:00,415,226,138.33333333333334,149.0,0,1
16125.0,14,4292.35,2009-12-14 15:38:00,2010-12-07 15:48:00,358,276,26.923076923076923,26.0,0,1
16126.0,14,12063.529999999999,2009-12-02 13:34:00,2011-08-30 10:07:00,635,10,48.30769230769231,46.0,1,0
16128.0,8,2615.5300000000007,2010-07-16 16:30:00,2011-07-19 12:19:00,367,52,52.0,27.0,1,0
16129.0,3,1396.05,2010-07-20 12:32:00,2010-10-28 14:29:00,100,316,49.5,49.5,0,1
16130.0,4,987.48,2010-04-01 13:58:00,2010-10-13 15:14:00,195,331,64.33333333333333,38.0,0,1
16131.0,10,8729.380000000001,2009-12-02 10:09:00,2011-08-16 12:32:00,622,24,68.77777777777777,50.0,1,0
16132.0,2,664.1999999999999,2010-03-22 10:25:00,2010-06-13 13:49:00,83,453,83.0,83.0,0,1
16133.0,46,19022.49,2010-03-31 12:21:00,2011-08-30 13:47:00,517,10,11.0,7.0,1,0
16134.0,4,1810.7800000000002,2010-06-17 09:48:00,2010-12-15 14:00:00,181,268,60.0,64.0,1,0
16135.0,2,819.4499999999999,2010-05-05 09:35:00,2011-03-22 12:30:00,321,171,321.0,321.0,0,1
16136.0,2,396.71999999999997,2010-02-14 12:49:00,2011-03-07 09:52:00,385,186,385.0,385.0,1,0
16138.0,3,910.35,2010-04-28 09:51:00,2010-11-26 12:13:00,212,287,106.0,106.0,0,1
16139.0,4,782.11,2009-12-03 13:51:00,2011-08-19 14:49:00,624,21,207.33333333333334,94.0,1,0
16140.0,2,832.4200000000001,2010-09-24 12:03:00,2010-12-03 14:40:00,70,280,70.0,70.0,1,0
16143.0,11,4079.5,2009-12-10 09:44:00,2011-08-23 16:01:00,621,17,61.9,62.5,1,0
16145.0,16,5606.26,2010-05-04 13:31:00,2011-09-01 10:11:00,484,8,31.933333333333334,26.0,1,0
16146.0,4,946.38,2010-09-17 10:46:00,2011-07-05 14:20:00,291,66,96.66666666666667,46.0,0,1
16147.0,5,2398.91,2010-02-05 12:26:00,2011-07-29 09:57:00,538,42,134.25,132.5,0,1
16148.0,2,386.62,2010-09-29 10:12:00,2011-02-16 14:01:00,140,205,140.0,140.0,0,1
16149.0,2,305.38,2010-10-06 15:54:00,2011-07-20 14:54:00,286,51,286.0,286.0,1,0
16150.0,8,3357.85,2009-12-17 15:33:00,2011-08-03 09:07:00,593,37,84.14285714285714,85.0,1,0
16153.0,10,4332.8,2010-05-26 12:41:00,2011-08-16 09:34:00,446,24,49.111111111111114,40.0,1,0
16155.0,5,796.9,2010-06-18 11:23:00,2010-11-23 12:03:00,158,290,39.25,44.0,0,1
16156.0,16,4511.3099999999995,2009-12-02 17:06:00,2011-07-11 10:24:00,585,60,38.6,42.0,1,0
16158.0,9,628.32,2009-12-05 15:00:00,2010-07-05 13:55:00,211,431,26.125,23.0,0,1
16159.0,4,1232.79,2009-12-03 11:51:00,2011-03-03 12:27:00,455,190,151.0,176.0,0,1
16161.0,36,10083.05,2010-02-08 11:06:00,2011-07-22 15:02:00,529,49,14.685714285714285,10.0,1,0
16163.0,6,2407.98,2009-12-02 10:00:00,2011-04-21 15:15:00,505,141,100.6,129.0,0,1
16166.0,2,435.8300000000001,2010-01-17 14:16:00,2010-10-07 15:44:00,263,337,263.0,263.0,0,1
16167.0,5,1386.1199999999997,2009-12-01 10:46:00,2010-10-21 15:33:00,324,323,80.75,72.5,0,1
16168.0,57,9205.189999999999,2009-12-03 12:38:00,2011-09-06 11:53:00,641,3,11.035714285714286,7.0,1,0
16170.0,19,6544.61,2010-02-18 13:50:00,2011-08-19 10:06:00,546,21,29.833333333333332,16.0,1,0
16172.0,8,1884.5500000000002,2010-07-14 15:34:00,2011-09-05 13:22:00,417,4,59.0,34.0,0,1
16173.0,2,635.0500000000001,2011-09-02 15:23:00,2011-09-09 09:03:00,6,0,6.0,6.0,1,0
16174.0,7,2246.75,2010-04-15 15:12:00,2011-08-05 13:26:00,476,35,79.0,32.5,0,1
16175.0,7,1836.44,2010-05-25 12:01:00,2011-09-06 14:32:00,469,3,77.66666666666667,45.5,0,1
16176.0,4,2052.69,2010-03-29 14:52:00,2010-10-14 13:54:00,198,330,65.66666666666667,67.0,0,1
16177.0,7,1915.3600000000001,2010-03-02 14:03:00,2010-09-29 10:12:00,210,345,34.5,30.5,1,0
16178.0,2,612.5999999999999,2010-11-03 14:46:00,2011-07-24 16:05:00,263,47,263.0,263.0,0,1
16180.0,13,16249.869999999999,2010-06-23 13:19:00,2011-08-31 16:28:00,434,9,35.75,20.5,0,1
16182.0,8,8198.0,2010-03-09 09:34:00,2011-08-01 16:41:00,510,39,72.57142857142857,73.0,1,0
16183.0,3,739.1,2010-10-28 14:43:00,2010-11-10 11:12:00,12,303,5.5,5.5,1,0
16184.0,5,985.8000000000001,2011-05-12 13:33:00,2011-08-26 09:55:00,105,14,26.0,24.5,1,0
16185.0,2,450.30999999999995,2010-05-24 11:04:00,2011-04-21 11:59:00,332,141,332.0,332.0,1,0
16186.0,23,7408.02,2009-12-09 15:36:00,2011-08-28 12:57:00,626,12,28.09090909090909,21.5,1,0
16187.0,12,5395.699999999999,2011-02-28 13:34:00,2011-09-01 13:53:00,185,8,16.363636363636363,13.0,1,0
16188.0,4,860.83,2010-10-27 11:50:00,2011-07-21 16:20:00,267,50,88.66666666666667,85.0,1,0
16190.0,7,2508.47,2009-12-14 11:59:00,2010-11-10 09:43:00,330,303,54.5,40.5,1,0
16191.0,19,13112.98,2009-12-11 12:24:00,2011-03-22 08:54:00,465,171,25.5,10.0,1,0
16193.0,2,630.4300000000002,2010-10-25 10:25:00,2011-04-17 11:45:00,174,145,174.0,174.0,0,1
16197.0,9,2016.71,2009-12-16 11:44:00,2010-08-27 12:56:00,254,378,31.25,24.5,0,1
16199.0,7,942.75,2010-03-18 18:47:00,2010-11-12 12:55:00,238,301,39.166666666666664,31.5,0,1
16200.0,11,5089.8,2009-12-02 15:04:00,2011-06-28 15:47:00,573,73,56.9,32.5,1,0
16201.0,2,552.4499999999999,2010-10-20 12:00:00,2011-08-22 10:47:00,305,18,305.0,305.0,1,0
16202.0,9,2501.9900000000002,2009-12-02 10:48:00,2010-12-14 10:43:00,376,269,46.75,37.0,0,1
16203.0,5,729.24,2010-07-23 13:09:00,2011-07-15 12:45:00,356,56,88.75,95.0,1,0
16204.0,2,534.53,2009-12-08 17:44:00,2010-11-24 15:03:00,350,289,350.0,350.0,1,0
16205.0,4,1174.8300000000004,2010-06-15 11:58:00,2011-06-13 11:33:00,362,88,120.33333333333333,111.0,1,0
16206.0,12,2462.67,2010-01-24 15:25:00,2011-08-07 10:45:00,559,33,50.27272727272727,48.0,1,0
16208.0,9,3273.7799999999997,2010-02-24 14:24:00,2011-02-23 13:37:00,363,198,45.125,36.0,1,0
16209.0,8,4001.06,2010-06-11 11:58:00,2011-08-12 14:25:00,427,28,60.714285714285715,59.0,1,0
16210.0,28,23913.63,2009-12-02 12:54:00,2011-09-02 12:33:00,638,7,23.14814814814815,8.0,1,0
16211.0,2,543.5699999999999,2010-09-27 15:24:00,2010-10-14 13:20:00,16,330,16.0,16.0,1,0
16212.0,3,1101.5200000000002,2010-02-07 15:26:00,2011-03-01 12:51:00,386,192,193.0,193.0,1,0
16214.0,4,2038.25,2010-09-30 13:57:00,2011-06-22 11:30:00,264,79,87.66666666666667,82.0,0,1
16217.0,2,304.25000000000006,2011-03-02 15:28:00,2011-04-18 13:31:00,46,144,46.0,46.0,0,1
16218.0,12,3519.4700000000003,2010-05-27 16:09:00,2011-08-17 09:16:00,446,23,40.18181818181818,23.0,1,0
16221.0,8,1474.43,2010-08-10 13:32:00,2011-03-09 10:51:00,210,184,29.428571428571427,21.0,1,0
16222.0,2,1272.0500000000002,2009-12-18 14:31:00,2011-01-25 13:38:00,402,227,402.0,402.0,0,1
16223.0,2,1087.05,2010-11-09 12:07:00,2010-11-30 11:50:00,20,283,20.0,20.0,0,1
16224.0,4,1187.1200000000001,2010-11-17 13:14:00,2011-07-21 19:17:00,246,50,81.66666666666667,99.0,1,0
16225.0,14,2716.63,2010-02-07 12:41:00,2011-07-13 12:18:00,520,58,39.46153846153846,30.0,1,0
16226.0,5,672.17,2010-10-22 11:19:00,2011-05-20 14:41:00,210,112,52.0,31.0,0,1
16227.0,3,1027.22,2010-06-22 13:28:00,2011-04-28 13:33:00,310,134,154.5,154.5,0,1
16228.0,3,885.7099999999999,2010-11-04 18:54:00,2010-11-19 14:20:00,14,294,7.0,7.0,0,1
16229.0,5,2215.46,2010-05-24 12:59:00,2011-05-11 10:18:00,351,121,87.5,81.0,1,0
16230.0,2,542.03,2011-05-03 15:12:00,2011-06-03 10:06:00,30,98,30.0,30.0,0,1
16231.0,4,1074.47,2010-04-21 12:06:00,2010-11-25 15:00:00,218,288,72.33333333333333,26.0,0,1
16232.0,6,2447.1299999999997,2010-06-07 14:04:00,2011-07-19 13:01:00,406,52,80.8,65.0,1,0
16233.0,8,1608.13,2009-12-02 13:23:00,2011-01-14 10:31:00,407,238,57.714285714285715,50.0,1,0
16234.0,3,333.18,2010-05-27 10:39:00,2010-08-20 14:33:00,85,385,42.5,42.5,0,1
16235.0,7,1851.69,2010-08-26 12:10:00,2011-06-06 11:26:00,283,95,47.0,40.5,1,0
16239.0,5,1425.8999999999999,2010-09-02 19:17:00,2011-06-03 09:30:00,273,98,68.0,39.0,1,0
16241.0,13,3180.98,2010-10-25 13:40:00,2011-09-04 13:38:00,313,5,25.75,17.5,1,0
16242.0,10,4671.379999999999,2010-03-15 16:02:00,2011-06-27 14:41:00,468,74,51.55555555555556,48.0,1,0
16244.0,2,1522.75,2010-12-02 11:41:00,2011-05-12 10:18:00,160,120,160.0,160.0,0,1
16245.0,2,769.7000000000002,2011-03-28 09:30:00,2011-08-10 09:34:00,135,30,135.0,135.0,1,0
16246.0,2,821.35,2010-02-08 12:32:00,2010-09-06 12:04:00,209,368,209.0,209.0,0,1
16249.0,4,1440.7700000000002,2011-04-14 13:50:00,2011-08-19 11:47:00,126,21,41.666666666666664,38.0,1,0
16250.0,3,565.24,2010-11-18 10:43:00,2011-03-23 15:07:00,125,170,62.0,62.0,0,1
16253.0,6,5288.74,2009-12-08 17:24:00,2011-03-29 13:33:00,475,164,94.6,111.0,1,0
16254.0,3,967.44,2010-03-17 15:43:00,2010-11-26 13:22:00,253,287,126.0,126.0,0,1
16255.0,14,4092.8800000000006,2010-01-24 12:21:00,2011-09-05 10:15:00,588,4,44.69230769230769,37.0,1,0
16256.0,3,1629.37,2010-04-21 10:34:00,2011-03-18 12:18:00,331,175,165.0,165.0,0,1
16258.0,14,10480.070000000002,2010-03-10 14:19:00,2011-08-04 14:33:00,512,36,39.0,33.0,1,0
16259.0,3,340.93999999999994,2010-04-13 16:57:00,2010-10-25 14:27:00,194,319,97.0,97.0,0,1
16261.0,4,722.6099999999999,2010-09-23 16:40:00,2011-08-18 18:51:00,329,22,109.0,132.0,1,0
16264.0,2,823.5300000000001,2010-09-19 16:14:00,2010-09-27 15:00:00,7,347,7.0,7.0,0,1
16265.0,10,5550.1900000000005,2010-10-28 15:18:00,2011-08-21 12:39:00,296,19,32.666666666666664,22.0,1,0
16266.0,13,1657.18,2010-02-04 16:21:00,2011-08-16 12:00:00,557,24,45.916666666666664,23.0,1,0
16271.0,8,2861.6099999999997,2010-03-07 12:03:00,2011-08-05 17:43:00,516,35,73.14285714285714,43.0,1,0
16273.0,2,318.34,2010-02-21 16:02:00,2010-03-01 13:24:00,7,557,7.0,7.0,0,1
16275.0,3,2151.11,2010-03-08 14:41:00,2011-05-27 12:41:00,444,105,222.0,222.0,0,1
16276.0,3,2629.3900000000003,2010-04-11 12:02:00,2011-06-16 09:34:00,430,85,215.0,215.0,0,1
16278.0,3,1117.8400000000004,2010-07-28 15:40:00,2011-08-31 17:12:00,399,9,199.0,199.0,0,1
16279.0,7,4554.580000000001,2010-04-22 14:09:00,2011-06-16 11:50:00,419,85,69.5,41.5,1,0
16281.0,2,1361.96,2010-01-26 13:41:00,2010-10-12 09:01:00,258,332,258.0,258.0,1,0
16282.0,3,1307.5800000000002,2009-12-21 11:52:00,2011-01-04 11:42:00,378,248,189.0,189.0,0,1
16283.0,6,3365.86,2010-02-28 14:12:00,2011-08-11 12:00:00,528,29,105.2,109.0,1,0
16286.0,2,328.95,2010-03-26 09:58:00,2010-08-19 14:48:00,146,386,146.0,146.0,0,1
16287.0,5,1006.98,2010-01-19 09:46:00,2011-06-23 09:08:00,519,78,129.5,132.0,0,1
16290.0,4,1957.7000000000003,2010-05-23 11:46:00,2010-09-01 11:52:00,101,373,33.0,20.0,0,1
16292.0,5,1253.76,2010-04-14 13:29:00,2011-08-10 12:24:00,482,30,120.0,81.5,0,1
16293.0,11,3484.54,2009-12-11 09:58:00,2011-09-09 10:09:00,637,0,63.4,59.5,1,0
16296.0,4,1313.67,2009-12-18 12:03:00,2010-03-23 13:11:00,95,535,31.333333333333332,21.0,0,1
16298.0,5,601.8,2010-09-23 15:23:00,2011-06-06 10:06:00,255,95,63.25,19.0,1,0
16300.0,3,1367.3200000000002,2010-02-02 11:40:00,2010-10-05 13:14:00,245,339,122.5,122.5,0,1
16303.0,6,6603.969999999999,2010-03-18 14:12:00,2011-08-16 11:04:00,515,24,102.4,62.0,1,0
16306.0,7,1124.72,2010-10-01 09:36:00,2011-05-10 12:12:00,221,122,36.5,32.5,0,1
16307.0,3,1194.92,2010-05-11 14:40:00,2010-10-06 14:31:00,147,338,73.5,73.5,0,1
16308.0,6,4160.0,2009-12-15 15:48:00,2011-08-24 10:52:00,616,16,122.8,137.0,1,0
16309.0,2,706.57,2011-04-13 11:46:00,2011-08-25 15:35:00,134,15,134.0,134.0,0,1
16310.0,2,460.08,2010-03-07 15:41:00,2010-10-21 14:47:00,227,323,227.0,227.0,0,1
16314.0,3,1491.4000000000003,2010-08-24 11:52:00,2010-11-15 12:06:00,83,298,41.0,41.0,0,1
16315.0,2,402.71000000000004,2010-06-21 13:53:00,2011-01-13 11:57:00,205,239,205.0,205.0,0,1
16316.0,12,5018.8099999999995,2010-08-03 14:38:00,2011-07-05 14:42:00,336,66,30.0,22.0,1,0
16317.0,5,2192.51,2010-05-04 10:17:00,2011-08-12 12:46:00,465,28,116.0,88.5,0,1
16320.0,6,5628.99,2010-01-27 13:29:00,2011-06-20 15:25:00,509,81,101.4,60.0,0,1
16321.0,5,454.55000000000007,2009-12-01 10:36:00,2011-02-07 15:10:00,433,214,108.0,65.0,1,0
16323.0,2,353.66,2010-05-11 09:48:00,2011-05-27 14:48:00,381,105,381.0,381.0,0,1
16324.0,3,408.58999999999986,2011-06-15 14:26:00,2011-08-03 12:58:00,48,37,24.0,24.0,0,1
16325.0,11,3419.2800000000007,2009-12-04 13:21:00,2011-07-07 13:44:00,580,64,57.4,46.5,1,0
16326.0,18,3206.7,2010-01-28 13:23:00,2011-09-04 12:09:00,583,5,34.0,27.0,1,0
16327.0,14,8809.01,2009-12-14 13:06:00,2011-05-24 14:00:00,526,108,39.92307692307692,39.0,1,0
16329.0,4,1664.9199999999998,2009-12-01 11:34:00,2010-10-08 12:44:00,311,336,103.0,93.0,0,1
16330.0,6,422.42999999999995,2010-02-15 12:36:00,2011-08-19 17:10:00,550,21,109.8,14.0,1,0
16331.0,6,2037.7000000000003,2010-03-07 10:55:00,2010-10-03 13:47:00,210,341,41.6,9.0,0,1
16332.0,7,1068.98,2010-04-29 13:41:00,2011-08-01 13:29:00,458,39,75.83333333333333,77.0,1,0
16333.0,18,15619.599999999999,2011-02-03 10:50:00,2011-09-02 09:09:00,210,7,12.058823529411764,6.0,1,0
16335.0,7,2753.52,2009-12-04 10:18:00,2010-06-06 11:35:00,184,460,30.333333333333332,34.5,0,1
16336.0,4,3517.6899999999996,2010-03-18 08:05:00,2010-10-15 12:32:00,211,329,70.0,37.0,0,1
16340.0,3,1496.24,2010-06-06 13:26:00,2011-08-24 14:53:00,444,16,221.5,221.5,0,1
16341.0,4,2676.5699999999997,2010-04-09 10:30:00,2011-05-22 13:20:00,408,110,135.66666666666666,166.0,1,0
16342.0,3,283.71000000000004,2011-06-13 10:10:00,2011-08-24 08:27:00,71,16,35.5,35.5,1,0
16344.0,4,842.4200000000002,2010-02-09 12:16:00,2011-07-04 15:50:00,510,67,169.66666666666666,86.0,0,1
16347.0,9,2595.51,2010-03-12 12:41:00,2010-11-16 14:15:00,249,297,30.625,18.0,1,0
16348.0,5,1067.06,2010-10-05 13:57:00,2011-08-03 15:28:00,302,37,75.25,55.5,1,0
16350.0,6,1514.1200000000001,2010-10-07 16:33:00,2011-01-10 09:44:00,94,242,18.2,14.0,1,0
16351.0,13,3330.03,2009-12-04 16:12:00,2011-01-11 10:26:00,402,241,33.0,26.0,0,1
16353.0,29,6587.5599999999995,2009-12-07 13:55:00,2011-09-09 12:41:00,640,0,22.535714285714285,12.0,1,0
16354.0,3,723.6600000000001,2010-04-27 13:33:00,2010-11-25 12:18:00,211,288,105.5,105.5,1,0
16356.0,6,415.87,2010-06-06 11:26:00,2011-05-26 11:51:00,354,106,70.2,49.0,0,1
16357.0,3,467.44,2010-11-23 18:52:00,2011-06-30 16:51:00,218,71,109.0,109.0,1,0
16358.0,2,1354.3000000000002,2010-11-10 11:36:00,2011-06-08 15:05:00,210,93,210.0,210.0,1,0
16359.0,14,2358.0600000000004,2010-02-16 10:39:00,2011-09-06 12:11:00,567,3,43.15384615384615,31.0,1,0
16362.0,4,572.8199999999999,2010-09-28 09:24:00,2011-09-09 15:03:00,346,0,115.33333333333333,0.0,1,0
16365.0,13,2489.4799999999996,2009-12-11 12:41:00,2011-08-08 16:15:00,605,32,50.0,43.5,1,0
16366.0,3,1220.8299999999997,2009-12-16 10:39:00,2010-05-06 13:28:00,141,491,70.5,70.5,1,0
16367.0,2,716.9,2010-11-21 13:23:00,2010-12-12 12:01:00,20,271,20.0,20.0,1,0
16369.0,5,1465.6000000000001,2010-04-07 16:52:00,2011-05-27 09:39:00,414,105,103.0,69.5,1,0
16370.0,3,944.4900000000001,2011-04-28 16:40:00,2011-08-14 12:56:00,107,26,53.5,53.5,1,0
16372.0,3,934.58,2010-04-11 15:20:00,2010-10-26 12:54:00,197,318,98.5,98.5,1,0
16373.0,2,309.49,2010-10-24 13:10:00,2010-11-22 15:50:00,29,291,29.0,29.0,0,1
16374.0,4,1410.8700000000001,2010-04-30 13:10:00,2011-03-22 13:46:00,326,171,108.33333333333333,135.0,1,0
16375.0,2,104.0,2010-08-26 14:12:00,2010-08-26 14:25:00,0,379,0.0,0.0,0,1
16377.0,2,1308.48,2010-04-01 10:36:00,2011-03-17 15:41:00,350,176,350.0,350.0,0,1
16378.0,3,362.9500000000001,2011-02-02 12:42:00,2011-04-06 15:07:00,63,156,31.0,31.0,0,1
16381.0,2,247.85,2010-10-17 13:06:00,2010-11-09 09:56:00,22,304,22.0,22.0,0,1
16382.0,2,353.1,2010-06-07 12:42:00,2010-10-27 16:23:00,142,317,142.0,142.0,0,1
16383.0,6,2562.39,2010-02-04 13:18:00,2011-03-16 13:00:00,404,177,80.4,76.0,1,0
16384.0,3,1183.55,2010-04-28 14:01:00,2011-03-21 10:13:00,326,172,162.5,162.5,1,0
16385.0,4,600.3100000000001,2010-03-18 12:45:00,2011-07-04 13:53:00,473,67,157.33333333333334,208.0,1,0
16386.0,2,826.6900000000002,2010-11-17 11:19:00,2011-03-31 12:19:00,134,162,134.0,134.0,1,0
16387.0,5,882.46,2010-03-11 12:22:00,2011-01-21 11:34:00,315,231,78.75,55.0,0,1
16389.0,2,670.17,2011-03-01 15:47:00,2011-05-18 13:55:00,77,114,77.0,77.0,1,0
16390.0,3,467.50000000000006,2010-01-29 15:25:00,2010-06-21 10:11:00,142,445,70.5,70.5,0,1
16391.0,4,1052.26,2010-05-27 11:27:00,2010-11-04 12:27:00,161,309,53.333333333333336,38.0,0,1
16392.0,3,756.7,2010-05-27 11:17:00,2011-03-15 12:11:00,292,178,146.0,146.0,0,1
16393.0,19,4018.78,2009-12-01 12:13:00,2011-09-06 12:56:00,644,3,35.333333333333336,29.0,1,0
16394.0,3,933.1000000000001,2011-02-23 10:58:00,2011-06-21 13:22:00,118,80,58.5,58.5,1,0
16395.0,12,3000.6500000000005,2009-12-06 12:26:00,2011-06-24 15:28:00,565,77,50.90909090909091,24.0,1,0
16398.0,2,1705.8,2011-03-31 09:38:00,2011-07-08 15:16:00,99,63,99.0,99.0,0,1
16399.0,2,400.61,2010-11-15 15:03:00,2011-04-18 13:46:00,153,144,153.0,153.0,1,0
16400.0,9,3059.8500000000004,2009-12-08 12:38:00,2011-09-06 12:27:00,636,3,79.125,52.0,0,1
16401.0,18,5206.25,2010-06-02 13:13:00,2011-07-31 12:16:00,423,40,24.58823529411765,25.0,1,0
16402.0,2,293.45,2010-12-05 13:42:00,2011-03-20 12:25:00,104,173,104.0,104.0,0,1
16405.0,2,167.25,2011-02-02 17:08:00,2011-02-10 15:24:00,7,211,7.0,7.0,0,1
16406.0,2,374.01,2010-02-24 11:51:00,2010-09-15 11:53:00,203,359,203.0,203.0,1,0
16407.0,12,2164.34,2010-10-03 13:56:00,2011-08-21 14:00:00,322,19,28.90909090909091,28.0,1,0
16409.0,10,4663.130000000001,2009-12-13 15:38:00,2011-07-12 14:57:00,575,59,63.44444444444444,64.0,1,0
16411.0,3,673.24,2010-10-07 15:09:00,2010-12-05 13:26:00,58,278,29.0,29.0,1,0
16412.0,4,457.19999999999993,2010-02-04 13:46:00,2010-11-11 11:52:00,279,302,93.0,63.0,1,0
16414.0,4,475.76,2010-01-14 10:21:00,2011-03-04 13:27:00,414,189,138.0,151.0,1,0
16415.0,2,496.49,2010-02-01 12:30:00,2010-05-05 11:51:00,92,492,92.0,92.0,1,0
16416.0,6,1906.4800000000002,2010-02-23 12:00:00,2010-11-14 13:24:00,264,299,52.4,23.0,1,0
16418.0,4,765.98,2010-10-13 12:31:00,2011-09-08 10:35:00,329,1,109.66666666666667,133.0,1,0
16419.0,8,1463.6999999999998,2010-02-09 13:26:00,2011-08-19 12:33:00,555,21,79.0,39.0,0,1
16421.0,3,526.27,2010-08-27 12:02:00,2010-11-28 13:31:00,93,285,46.0,46.0,0,1
16422.0,97,56354.17,2010-01-12 11:57:00,2011-09-01 12:50:00,597,8,5.78125,5.0,1,0
16424.0,2,443.06,2010-11-22 11:24:00,2011-06-01 13:40:00,191,100,191.0,191.0,0,1
16426.0,4,689.83,2011-03-08 15:45:00,2011-09-08 12:19:00,183,1,61.0,0.0,1,0
16427.0,2,241.06,2011-02-28 15:18:00,2011-03-21 17:10:00,21,172,21.0,21.0,0,1
16428.0,3,638.4900000000001,2010-07-30 12:10:00,2010-10-22 12:22:00,84,322,42.0,42.0,0,1
16430.0,6,817.0899999999999,2010-01-27 12:45:00,2010-11-23 14:53:00,300,290,59.4,14.0,1,0
16431.0,3,623.2799999999999,2011-02-15 14:02:00,2011-05-10 14:09:00,84,122,42.0,42.0,0,1
16434.0,9,2060.7300000000005,2010-01-17 14:51:00,2011-09-04 12:54:00,594,5,73.625,63.0,1,0
16435.0,3,1003.0700000000002,2010-07-13 13:29:00,2010-07-15 18:22:00,2,421,0.5,0.5,0,1
16436.0,3,319.14,2009-12-06 16:02:00,2010-02-09 13:19:00,64,577,32.0,32.0,0,1
16437.0,2,301.24999999999994,2010-10-06 12:34:00,2010-11-23 16:59:00,48,290,48.0,48.0,0,1
16440.0,2,488.76,2010-08-03 11:32:00,2011-05-09 12:25:00,279,123,279.0,279.0,1,0
16441.0,4,848.9299999999998,2010-03-22 18:00:00,2011-02-21 17:35:00,335,200,111.66666666666667,126.0,1,0
16442.0,4,715.11,2009-12-13 11:05:00,2011-04-26 11:51:00,499,136,166.0,133.0,1,0
16444.0,16,3512.6099999999997,2010-03-24 14:06:00,2011-09-05 14:27:00,530,4,34.86666666666667,22.0,1,0
16445.0,3,352.65,2010-10-24 12:39:00,2010-11-18 11:37:00,24,295,12.0,12.0,1,0
16447.0,3,727.1000000000001,2010-02-17 14:09:00,2011-07-27 12:45:00,524,44,261.5,261.5,0,1
16448.0,2,361.12,2010-08-25 16:58:00,2011-05-25 16:28:00,272,107,272.0,272.0,0,1
16449.0,2,707.69,2011-03-04 12:15:00,2011-05-26 10:25:00,82,106,82.0,82.0,0,1
16450.0,3,1505.7299999999998,2010-02-21 15:46:00,2011-07-13 11:47:00,506,58,252.5,252.5,0,1
16451.0,2,746.1800000000001,2009-12-04 15:11:00,2010-05-27 17:56:00,174,470,174.0,174.0,1,0
16452.0,2,332.17,2010-01-15 12:22:00,2010-03-19 12:39:00,63,539,63.0,63.0,0,1
16453.0,2,251.70999999999998,2010-06-09 13:15:00,2010-06-27 12:46:00,17,439,17.0,17.0,0,1
16454.0,2,24.05,2010-04-07 15:54:00,2010-04-12 09:52:00,4,515,4.0,4.0,1,0
16455.0,10,3477.77,2010-03-30 10:31:00,2011-09-06 10:46:00,525,3,58.0,28.0,1,0
16456.0,13,6000.94,2010-03-29 11:16:00,2011-09-01 13:50:00,521,8,43.0,35.0,0,1
16458.0,23,4359.65,2010-05-26 14:38:00,2011-08-25 15:47:00,456,15,20.136363636363637,17.5,1,0
16461.0,3,1545.83,2010-03-03 13:57:00,2011-06-15 12:07:00,468,86,234.0,234.0,0,1
16462.0,2,68.0,2011-03-01 08:58:00,2011-06-07 11:07:00,98,94,98.0,98.0,1,0
16465.0,2,746.24,2010-09-21 10:46:00,2010-10-15 09:27:00,23,329,23.0,23.0,0,1
16466.0,13,3170.76,2010-03-07 14:31:00,2011-08-28 13:08:00,538,12,44.416666666666664,37.5,1,0
16467.0,7,2869.16,2009-12-02 11:59:00,2010-07-19 11:49:00,228,417,37.666666666666664,30.5,0,1
16468.0,2,712.62,2010-08-15 13:10:00,2010-08-26 16:36:00,11,379,11.0,11.0,1,0
16469.0,3,446.78000000000003,2010-07-13 13:17:00,2011-04-07 13:16:00,267,155,133.5,133.5,1,0
16470.0,10,2203.21,2009-12-11 12:21:00,2011-08-16 11:40:00,612,24,67.66666666666667,55.0,1,0
16471.0,4,1189.9800000000002,2010-02-25 10:07:00,2011-03-10 09:41:00,377,183,125.66666666666667,118.0,0,1
16472.0,2,789.5999999999998,2010-04-21 11:48:00,2010-10-01 13:56:00,163,343,163.0,163.0,0,1
16473.0,4,470.83000000000004,2010-11-30 16:29:00,2011-06-28 09:10:00,209,73,69.33333333333333,49.0,0,1
16475.0,3,459.3,2011-03-11 09:39:00,2011-07-19 11:08:00,130,52,64.5,64.5,1,0
16477.0,10,3599.17,2010-08-12 09:43:00,2011-07-31 12:47:00,353,40,38.77777777777778,32.0,1,0
16484.0,2,404.30000000000007,2011-06-02 10:39:00,2011-06-19 12:06:00,17,82,17.0,17.0,0,1
16485.0,4,1923.54,2009-12-06 12:28:00,2010-10-03 15:30:00,301,341,100.0,77.0,1,0
16487.0,2,209.4,2010-02-18 17:36:00,2010-05-11 13:38:00,81,486,81.0,81.0,0,1
16488.0,2,354.56999999999994,2011-07-14 11:46:00,2011-08-17 09:05:00,33,23,33.0,33.0,1,0
16489.0,2,303.70000000000005,2010-09-29 15:02:00,2010-11-24 14:40:00,55,289,55.0,55.0,0,1
16493.0,6,1562.75,2010-03-26 13:05:00,2011-06-19 15:15:00,450,82,89.4,101.0,1,0
16495.0,2,246.51000000000002,2011-03-08 16:38:00,2011-03-08 16:39:00,0,185,0.0,0.0,1,0
16496.0,5,1916.29,2010-07-18 13:42:00,2011-05-16 10:48:00,301,116,75.0,93.0,1,0
16497.0,22,5280.290000000001,2009-12-03 14:11:00,2011-05-20 13:58:00,532,112,25.095238095238095,15.0,1,0
16498.0,2,100.97000000000001,2011-06-30 19:52:00,2011-07-01 15:07:00,0,70,0.0,0.0,0,1
16499.0,8,2578.34,2010-06-11 12:22:00,2010-12-14 13:31:00,186,269,26.142857142857142,17.0,0,1
16500.0,4,608.05,2010-06-14 14:54:00,2011-01-13 10:28:00,212,239,70.33333333333333,44.0,1,0
16502.0,2,258.54999999999995,2010-03-29 13:39:00,2010-03-29 13:44:00,0,529,0.0,0.0,0,1
16503.0,11,3614.34,2010-06-21 14:07:00,2011-08-25 11:46:00,429,15,42.5,35.0,0,1
16510.0,6,1777.5,2010-01-17 12:30:00,2010-12-02 13:39:00,319,281,63.2,59.0,0,1
16511.0,5,1407.86,2010-03-01 12:21:00,2011-07-18 10:49:00,503,53,125.5,125.5,1,0
16515.0,9,2802.28,2010-06-17 12:17:00,2011-09-09 11:15:00,448,0,55.625,61.0,1,0
16518.0,3,665.7499999999999,2010-06-01 13:31:00,2011-02-28 16:36:00,272,193,135.5,135.5,1,0
16519.0,3,327.67999999999995,2010-03-01 13:51:00,2010-12-09 14:08:00,283,274,141.0,141.0,1,0
16520.0,6,2148.38,2010-03-02 16:50:00,2011-06-06 13:24:00,460,95,91.6,59.0,0,1
16521.0,3,1140.1100000000001,2010-03-01 13:22:00,2010-10-20 13:09:00,232,324,116.0,116.0,0,1
16522.0,2,433.35999999999996,2010-09-15 13:32:00,2010-09-30 10:54:00,14,344,14.0,14.0,0,1
16523.0,20,7743.81,2010-01-24 13:14:00,2011-09-05 09:16:00,588,4,30.526315789473685,22.0,1,0
16524.0,2,306.19000000000005,2010-01-17 13:16:00,2010-09-19 13:37:00,245,355,245.0,245.0,0,1
16525.0,43,21496.2,2009-12-02 13:53:00,2011-09-01 18:49:00,638,8,14.69047619047619,13.5,1,0
16526.0,2,717.21,2010-05-04 16:34:00,2011-06-21 12:02:00,412,80,412.0,412.0,0,1
16529.0,4,1986.8000000000002,2010-06-27 13:29:00,2011-06-02 17:23:00,340,99,113.0,29.0,0,1
16531.0,8,1738.2700000000002,2010-09-24 09:49:00,2011-08-04 15:55:00,314,36,44.42857142857143,24.0,1,0
16532.0,4,6524.639999999999,2010-03-29 10:26:00,2011-07-27 10:41:00,485,44,161.33333333333334,189.0,1,0
16535.0,2,378.28999999999996,2010-01-28 15:26:00,2010-11-19 13:01:00,294,294,294.0,294.0,1,0
16538.0,3,395.07,2010-04-23 16:25:00,2010-06-16 16:59:00,54,450,27.0,27.0,0,1
16539.0,9,2954.4599999999996,2010-06-25 15:24:00,2011-05-04 09:52:00,312,128,38.625,27.0,1,0
16544.0,4,376.70000000000005,2010-02-15 13:20:00,2010-07-08 11:11:00,142,428,47.333333333333336,0.0,0,1
16545.0,2,689.82,2010-11-29 10:39:00,2011-06-28 10:37:00,210,73,210.0,210.0,0,1
16546.0,5,5307.07,2010-09-23 15:43:00,2011-02-22 11:20:00,151,199,37.25,34.0,0,1
16549.0,26,9527.260000000002,2010-03-28 15:45:00,2011-08-07 15:43:00,496,33,19.4,8.0,1,0
16550.0,18,8813.58,2009-12-02 11:24:00,2011-08-23 11:12:00,628,17,36.588235294117645,32.0,0,1
16551.0,7,2237.12,2009-12-13 16:12:00,2011-09-05 09:38:00,630,4,104.5,71.0,0,1
16552.0,2,379.73,2010-12-01 12:36:00,2011-04-11 10:04:00,130,151,130.0,130.0,0,1
16553.0,33,16584.01,2010-02-11 18:46:00,2011-06-29 15:42:00,502,72,15.4375,0.0,0,1
16554.0,7,2318.73,2009-12-15 09:42:00,2011-05-01 14:17:00,502,131,83.33333333333333,92.0,1,0
16555.0,5,1781.77,2010-07-22 13:39:00,2011-08-22 12:32:00,395,18,98.75,0.0,1,0
16556.0,16,7255.160000000001,2009-12-07 10:51:00,2011-08-26 11:58:00,627,14,41.266666666666666,43.0,1,0
16558.0,32,9650.79,2009-12-03 18:11:00,2011-09-08 14:21:00,643,1,20.322580645161292,17.0,1,0
16560.0,7,2539.1499999999996,2009-12-08 12:05:00,2010-12-16 14:36:00,373,267,61.833333333333336,42.0,1,0
16563.0,5,3334.8199999999997,2009-12-01 18:35:00,2010-11-04 14:11:00,337,309,84.0,76.0,1,0
16565.0,4,773.0500000000001,2010-06-02 12:47:00,2010-12-10 15:21:00,191,273,63.0,68.0,0,1
16566.0,3,463.88,2011-02-20 10:29:00,2011-06-22 14:24:00,122,79,60.5,60.5,1,0
16567.0,2,865.6,2011-01-07 09:31:00,2011-05-29 13:57:00,142,103,142.0,142.0,0,1
16568.0,2,1020.9000000000001,2010-03-08 14:51:00,2010-10-08 10:54:00,213,336,213.0,213.0,0,1
16569.0,4,1331.03,2009-12-16 15:05:00,2010-03-18 15:19:00,92,540,30.0,25.0,1,0
16570.0,16,5829.98,2010-03-30 09:32:00,2011-08-04 14:06:00,492,36,32.53333333333333,37.0,1,0
16571.0,9,3723.84,2010-03-18 09:12:00,2011-06-16 13:14:00,455,85,56.5,47.0,1,0
16572.0,3,1009.6,2011-03-09 12:04:00,2011-08-04 16:34:00,148,36,74.0,74.0,0,1
16574.0,2,850.3400000000001,2010-02-19 11:46:00,2010-10-12 09:25:00,234,332,234.0,234.0,1,0
16576.0,2,540.87,2010-07-06 10:42:00,2010-10-15 13:37:00,101,329,101.0,101.0,0,1
16583.0,2,297.95,2010-02-04 12:18:00,2010-12-01 12:03:00,299,282,299.0,299.0,0,1
16584.0,4,2832.0299999999993,2010-02-16 10:41:00,2011-03-30 13:14:00,407,163,135.33333333333334,162.0,1,0
16585.0,2,341.59000000000003,2010-01-13 13:31:00,2010-04-25 10:34:00,101,502,101.0,101.0,0,1
16586.0,3,1462.78,2010-03-14 11:24:00,2011-04-05 09:32:00,386,157,192.5,192.5,0,1
16588.0,4,1361.28,2010-05-14 13:43:00,2010-11-18 17:56:00,188,295,62.333333333333336,69.0,0,1
16589.0,3,367.8,2010-09-15 14:56:00,2011-08-25 10:00:00,343,15,171.0,171.0,1,0
16590.0,2,605.9000000000001,2010-10-21 12:09:00,2010-11-04 09:06:00,13,309,13.0,13.0,0,1
16592.0,22,5908.56,2009-12-18 15:57:00,2011-07-26 11:39:00,584,45,27.523809523809526,21.0,1,0
16593.0,7,996.61,2009-12-05 10:44:00,2011-06-03 12:17:00,545,98,90.33333333333333,48.0,1,0
16595.0,4,1397.59,2010-01-17 12:12:00,2010-11-28 14:15:00,315,285,104.66666666666667,85.0,1,0
16596.0,3,329.48,2009-12-10 13:09:00,2010-12-08 16:18:00,363,275,181.0,181.0,1,0
16600.0,9,1577.3500000000001,2009-12-18 12:59:00,2011-03-31 19:20:00,468,162,58.0,29.5,1,0
16601.0,2,434.3,2010-03-26 13:39:00,2010-11-14 11:30:00,232,299,232.0,232.0,1,0
16604.0,2,432.45,2010-05-20 16:34:00,2010-05-26 09:10:00,5,471,5.0,5.0,0,1
16606.0,2,357.66,2010-10-01 13:21:00,2010-10-31 13:57:00,30,313,30.0,30.0,0,1
16607.0,21,4626.74,2010-04-29 14:01:00,2011-08-03 15:02:00,461,37,22.7,19.5,1,0
16608.0,2,1286.6200000000001,2010-02-14 11:57:00,2010-09-12 11:44:00,209,362,209.0,209.0,0,1
16609.0,5,2710.04,2011-04-01 10:11:00,2011-07-27 13:51:00,117,44,29.0,27.5,1,0
16611.0,6,1785.1299999999999,2010-03-10 16:07:00,2011-06-06 15:46:00,452,95,90.2,76.0,0,1
16612.0,8,2928.07,2009-12-03 15:54:00,2011-08-12 14:32:00,616,28,87.71428571428571,67.0,1,0
16614.0,3,1179.79,2010-05-10 15:18:00,2011-06-10 11:36:00,395,91,197.5,197.5,0,1
16618.0,4,1441.2900000000002,2011-01-21 11:55:00,2011-05-13 10:37:00,111,119,37.0,48.0,1,0
16619.0,4,1938.33,2010-02-22 12:05:00,2011-03-21 08:18:00,391,172,130.33333333333334,119.0,0,1
16620.0,5,1675.73,2009-12-01 14:35:00,2011-03-24 10:37:00,477,169,119.0,111.5,1,0
16621.0,3,609.4100000000001,2011-03-07 11:32:00,2011-07-15 11:45:00,130,56,64.5,64.5,1,0
16623.0,4,1015.2400000000001,2010-04-26 14:04:00,2011-04-08 10:09:00,346,154,114.66666666666667,134.0,0,1
16625.0,5,1654.03,2010-06-14 11:56:00,2011-03-10 12:50:00,269,183,66.75,46.0,0,1
16626.0,7,2165.34,2011-03-18 12:27:00,2011-08-18 14:53:00,153,22,25.166666666666668,15.0,1,0
16628.0,6,1749.8900000000003,2010-03-08 12:24:00,2011-08-25 12:11:00,534,15,106.6,82.0,1,0
16631.0,7,1892.52,2010-02-26 10:49:00,2010-08-15 11:20:00,170,390,28.0,26.5,0,1
16632.0,2,406.4,2010-05-07 16:46:00,2010-08-11 11:39:00,95,394,95.0,95.0,0,1
16633.0,3,1168.2600000000002,2011-04-19 14:36:00,2011-08-17 14:11:00,119,23,59.5,59.5,1,0
16634.0,6,1649.81,2010-01-21 09:30:00,2011-05-01 12:09:00,465,131,92.6,67.0,0,1
16636.0,4,3802.0399999999995,2010-03-03 14:06:00,2010-09-27 13:13:00,207,347,68.66666666666667,47.0,0,1
16637.0,2,530.55,2011-04-28 10:20:00,2011-08-08 12:00:00,102,32,102.0,102.0,1,0
16638.0,14,2250.35,2010-08-18 13:33:00,2011-09-01 17:14:00,379,8,28.692307692307693,20.0,1,0
16639.0,3,961.62,2010-10-26 18:23:00,2011-05-17 10:10:00,202,115,101.0,101.0,1,0
16641.0,2,554.5000000000001,2010-01-07 12:22:00,2011-08-26 12:49:00,596,14,596.0,596.0,0,1
16642.0,2,696.85,2010-10-20 14:22:00,2011-05-16 12:35:00,207,116,207.0,207.0,1,0
16643.0,2,923.11,2010-10-13 09:47:00,2011-04-08 08:24:00,176,154,176.0,176.0,0,1
16644.0,2,833.78,2011-05-11 12:53:00,2011-06-15 12:39:00,34,86,34.0,34.0,0,1
16647.0,4,541.9,2010-06-13 15:52:00,2011-06-23 11:47:00,374,78,124.33333333333333,101.0,0,1
16648.0,2,382.14000000000004,2010-04-28 14:58:00,2010-09-10 11:59:00,134,364,134.0,134.0,1,0
16650.0,6,1397.69,2010-07-08 14:18:00,2010-10-15 15:28:00,99,329,19.2,16.0,1,0
16652.0,14,15302.289999999999,2010-03-17 10:22:00,2011-08-22 11:00:00,523,18,39.76923076923077,33.0,1,0
16654.0,8,1484.07,2010-04-06 13:29:00,2011-07-21 15:23:00,471,50,66.85714285714286,54.0,0,1
16655.0,10,4500.93,2010-01-31 15:40:00,2011-07-31 15:31:00,545,40,60.22222222222222,54.0,1,0
16656.0,26,15324.050000000001,2009-12-04 12:59:00,2011-09-05 09:20:00,639,4,25.04,24.0,1,0
16657.0,2,414.78999999999996,2011-03-30 12:02:00,2011-07-14 11:45:00,105,57,105.0,105.0,1,0
16658.0,6,690.8299999999999,2010-03-30 16:24:00,2010-12-06 13:47:00,250,277,49.8,56.0,0,1
16660.0,5,996.26,2010-01-14 11:09:00,2011-05-13 10:44:00,483,119,120.5,105.5,1,0
16661.0,4,932.7599999999999,2009-12-17 15:39:00,2010-06-17 15:24:00,181,449,60.333333333333336,38.0,0,1
16668.0,12,822.22,2010-03-18 18:25:00,2011-08-15 12:22:00,514,25,46.36363636363637,44.0,1,0
16670.0,17,7174.22,2009-12-10 15:28:00,2011-08-25 17:22:00,623,15,38.5,36.5,1,0
16672.0,17,6911.84,2011-03-18 10:15:00,2011-09-01 14:58:00,167,8,10.0,9.0,1,0
16675.0,2,608.86,2010-08-18 13:11:00,2010-09-24 12:15:00,36,350,36.0,36.0,0,1
16676.0,5,1868.2800000000002,2010-10-17 13:07:00,2011-05-10 15:10:00,205,122,50.75,41.5,1,0
16677.0,2,880.6200000000001,2010-02-25 16:11:00,2010-10-24 14:53:00,240,320,240.0,240.0,0,1
16678.0,8,2137.3,2011-03-02 09:24:00,2011-09-02 10:24:00,184,7,25.857142857142858,21.0,1,0
16679.0,3,663.31,2010-06-10 18:35:00,2010-12-08 13:51:00,180,275,90.0,90.0,0,1
16680.0,2,637.75,2010-06-23 09:30:00,2010-06-29 14:52:00,6,437,6.0,6.0,1,0
16681.0,5,1484.1799999999998,2010-03-08 14:10:00,2011-07-18 10:21:00,496,53,123.5,42.5,1,0
16682.0,3,810.2199999999999,2011-06-05 11:02:00,2011-09-08 15:16:00,95,1,47.0,47.0,1,0
16684.0,45,114372.70999999999,2009-12-07 12:56:00,2011-07-29 15:12:00,599,42,13.363636363636363,4.5,1,0
16686.0,15,4321.13,2009-12-06 15:48:00,2011-09-02 17:38:00,635,7,44.857142857142854,46.5,1,0
16690.0,3,213.95,2010-09-14 15:00:00,2011-05-22 10:53:00,249,110,124.5,124.5,1,0
16691.0,2,178.82999999999998,2010-05-27 14:55:00,2010-10-17 15:03:00,143,327,143.0,143.0,0,1
16692.0,4,1914.6999999999998,2010-09-24 11:31:00,2011-03-28 14:46:00,185,165,61.0,32.0,0,1
16693.0,4,855.03,2010-02-21 12:42:00,2011-03-13 11:06:00,384,180,127.66666666666667,139.0,1,0
16695.0,2,191.89999999999998,2010-05-27 12:24:00,2010-05-27 12:36:00,0,470,0.0,0.0,0,1
16696.0,4,657.9000000000001,2011-04-05 15:20:00,2011-07-27 14:23:00,112,44,37.0,34.0,0,1
16698.0,2,1998.0,2011-03-31 13:33:00,2011-04-27 10:52:00,26,135,26.0,26.0,0,1
16699.0,7,994.6,2009-12-04 13:31:00,2010-11-24 14:38:00,355,289,58.833333333333336,61.5,0,1
16700.0,22,7850.170000000001,2009-12-02 10:51:00,2011-08-10 09:52:00,615,30,28.952380952380953,29.0,1,0
16701.0,23,8568.85,2009-12-01 19:19:00,2011-08-02 12:11:00,608,38,27.227272727272727,21.0,1,0
16702.0,4,1110.83,2009-12-07 16:40:00,2010-10-20 14:10:00,316,324,105.0,88.0,0,1
16704.0,2,664.1600000000001,2010-02-05 14:14:00,2010-03-31 14:02:00,53,527,53.0,53.0,0,1
16705.0,32,39260.411,2009-12-09 13:34:00,2011-09-02 09:24:00,631,7,20.0,11.0,1,0
16706.0,2,411.54999999999995,2011-08-17 15:53:00,2011-09-02 13:41:00,15,7,15.0,15.0,1,0
16707.0,4,533.4099999999999,2010-03-09 15:16:00,2010-11-04 14:39:00,239,309,79.33333333333333,57.0,0,1
16709.0,13,8010.7300000000005,2009-12-09 13:16:00,2011-05-24 11:46:00,530,108,43.75,40.5,1,0
16710.0,19,5288.44,2009-12-04 13:41:00,2011-07-24 14:21:00,597,47,32.72222222222222,23.0,1,0
16711.0,7,2127.3199999999997,2009-12-02 13:22:00,2011-07-22 14:23:00,597,49,99.0,77.0,1,0
16712.0,10,3111.37,2010-11-03 15:45:00,2011-09-05 16:27:00,306,4,33.55555555555556,21.0,1,0
16713.0,28,11175.550000000001,2009-12-15 12:49:00,2011-08-16 12:12:00,608,24,22.037037037037038,15.0,1,0
16714.0,4,1497.3300000000002,2010-02-07 11:17:00,2011-05-05 11:09:00,451,127,150.33333333333334,98.0,0,1
16716.0,3,2149.6800000000003,2010-03-19 11:05:00,2011-03-18 10:03:00,363,175,181.5,181.5,0,1
16717.0,12,4380.26,2009-12-07 15:55:00,2011-09-05 10:27:00,636,4,57.45454545454545,39.0,1,0
16718.0,5,3006.08,2009-12-06 13:07:00,2010-12-05 13:03:00,363,278,90.25,51.5,0,1
16719.0,12,3027.2799999999997,2009-12-13 10:59:00,2011-07-14 09:54:00,577,57,51.81818181818182,46.0,1,0
16720.0,2,605.79,2009-12-17 17:54:00,2010-11-28 14:49:00,345,285,345.0,345.0,1,0
16722.0,19,7115.33,2009-12-03 19:23:00,2011-09-01 11:38:00,636,8,35.0,31.0,1,0
16723.0,4,1231.3600000000001,2009-12-04 13:23:00,2011-09-09 13:01:00,643,0,214.33333333333334,291.0,0,1
16725.0,14,1688.2599999999998,2009-12-13 15:54:00,2011-02-10 16:52:00,424,211,32.23076923076923,12.0,0,1
16726.0,6,1482.3000000000002,2010-10-24 16:09:00,2011-05-27 13:00:00,214,105,42.2,27.0,1,0
16727.0,4,1377.77,2010-01-20 10:48:00,2010-12-10 13:48:00,324,273,107.66666666666667,67.0,0,1
16728.0,3,548.3099999999998,2011-03-20 13:28:00,2011-06-26 11:59:00,97,75,48.5,48.5,1,0
16729.0,17,5343.27,2011-04-12 14:22:00,2011-09-01 16:18:00,142,8,8.4375,7.5,1,0
16730.0,2,480.9400000000001,2011-01-24 14:01:00,2011-04-19 12:41:00,84,143,84.0,84.0,1,0
16732.0,3,3783.8900000000003,2009-12-08 13:04:00,2010-11-01 13:33:00,328,312,163.5,163.5,1,0
16734.0,2,302.40999999999997,2011-08-17 15:00:00,2011-08-17 15:02:00,0,23,0.0,0.0,1,0
16735.0,13,5911.150000000001,2009-12-08 09:24:00,2011-09-02 10:21:00,633,7,52.333333333333336,44.5,1,0
16736.0,5,2956.5600000000004,2009-12-03 16:12:00,2010-07-22 10:09:00,230,414,57.0,48.5,0,1
16739.0,2,786.4299999999998,2010-06-21 09:38:00,2011-06-16 09:17:00,359,85,359.0,359.0,0,1
16742.0,13,2334.9699999999993,2009-12-16 17:22:00,2010-08-04 10:52:00,230,401,18.75,14.5,1,0
16743.0,13,3859.92,2010-04-22 13:21:00,2011-08-18 18:15:00,483,22,39.75,34.5,1,0
16744.0,3,399.11,2011-06-19 15:13:00,2011-09-04 12:10:00,76,5,37.5,37.5,1,0
16745.0,16,6359.099999999999,2011-02-01 11:31:00,2011-09-02 13:10:00,213,7,13.8,13.0,1,0
16746.0,36,15770.170000000002,2009-12-04 13:00:00,2011-08-31 09:10:00,634,9,17.65714285714286,16.0,1,0
16748.0,12,3031.63,2009-12-10 12:28:00,2011-05-06 11:26:00,511,126,46.09090909090909,53.0,1,0
16749.0,2,4157.879999999999,2009-12-15 14:05:00,2010-04-27 13:06:00,132,500,132.0,132.0,0,1
16750.0,3,416.12,2011-04-21 16:53:00,2011-08-10 14:49:00,110,30,55.0,55.0,1,0
16754.0,29,65500.07,2010-03-08 11:32:00,2010-12-02 17:38:00,269,281,9.285714285714286,5.5,0,1
16755.0,7,2864.6800000000003,2009-12-09 14:25:00,2011-08-17 13:21:00,615,23,102.0,100.0,0,1
16756.0,7,1312.37,2010-03-09 15:56:00,2011-05-09 09:33:00,425,123,70.16666666666667,51.0,0,1
16757.0,2,270.48,2010-10-26 15:09:00,2011-01-25 11:59:00,90,227,90.0,90.0,0,1
16763.0,2,964.7000000000002,2009-12-01 15:26:00,2011-05-25 11:52:00,539,107,539.0,539.0,0,1
16764.0,4,782.55,2011-07-19 17:17:00,2011-09-01 16:46:00,43,8,14.333333333333334,11.0,1,0
16765.0,2,454.75,2010-11-22 13:42:00,2011-02-18 15:41:00,88,203,88.0,88.0,0,1
16766.0,2,1145.5999999999997,2011-03-11 13:34:00,2011-03-11 15:22:00,0,182,0.0,0.0,0,1
16767.0,11,7301.66,2010-04-28 16:49:00,2011-09-07 09:15:00,496,2,49.2,44.0,1,0
16768.0,8,1506.97,2009-12-07 11:47:00,2011-08-28 10:43:00,628,12,89.28571428571429,77.0,1,0
16769.0,4,1117.05,2009-12-14 11:10:00,2011-03-24 13:41:00,465,169,154.66666666666666,217.0,0,1
16770.0,8,1671.21,2010-08-22 16:08:00,2011-04-17 12:49:00,237,145,33.142857142857146,27.0,1,0
16771.0,8,3358.7400000000002,2009-12-09 11:52:00,2011-03-09 13:56:00,455,184,64.85714285714286,57.0,1,0
16772.0,3,3698.05,2009-12-18 10:50:00,2010-10-12 13:19:00,298,332,149.0,149.0,0,1
16773.0,2,249.64999999999995,2009-12-06 15:01:00,2010-09-29 15:47:00,297,345,297.0,297.0,1,0
16774.0,7,1448.16,2010-02-16 16:53:00,2011-08-15 12:57:00,544,25,90.33333333333333,74.5,1,0
16775.0,13,2303.88,2010-09-23 17:34:00,2011-08-09 15:12:00,319,31,26.166666666666668,18.5,1,0
16777.0,4,1243.08,2010-03-17 12:42:00,2011-03-27 14:34:00,375,166,124.33333333333333,116.0,1,0
16779.0,46,28574.04,2009-12-03 13:03:00,2011-08-25 10:32:00,629,15,13.533333333333333,12.0,1,0
16780.0,3,596.4000000000001,2010-10-28 19:41:00,2011-08-31 16:09:00,306,9,152.5,152.5,0,1
16781.0,2,623.0,2010-02-08 13:56:00,2010-12-02 14:26:00,297,281,297.0,297.0,0,1
16782.0,34,8998.570000000002,2009-12-09 11:58:00,2011-07-24 15:23:00,592,47,17.393939393939394,13.0,1,0
16784.0,4,784.73,2010-03-28 12:55:00,2010-11-28 11:57:00,244,285,81.0,89.0,1,0
16787.0,4,1017.53,2010-01-10 11:12:00,2010-11-07 11:01:00,300,306,100.0,77.0,0,1
16788.0,5,1928.9299999999998,2010-02-07 12:40:00,2011-08-08 14:53:00,547,32,136.25,138.0,0,1
16791.0,13,3043.7200000000003,2009-12-03 18:08:00,2011-08-09 13:22:00,613,31,50.5,52.0,1,0
16792.0,5,623.46,2010-01-04 13:47:00,2011-03-02 14:41:00,422,191,105.25,108.5,0,1
16794.0,9,1463.25,2010-03-25 15:17:00,2011-08-23 13:51:00,515,17,64.0,40.5,1,0
16795.0,3,2062.41,2010-01-25 13:14:00,2010-12-09 14:08:00,318,274,158.5,158.5,0,1
16797.0,5,1802.02,2009-12-02 13:33:00,2010-11-11 19:14:00,344,302,85.75,98.5,0,1
16798.0,3,841.16,2009-12-10 19:35:00,2010-06-03 19:01:00,174,463,87.0,87.0,0,1
16799.0,2,452.78000000000003,2010-09-12 12:46:00,2010-10-03 14:28:00,21,341,21.0,21.0,0,1
16801.0,4,1594.23,2011-03-11 13:56:00,2011-06-29 15:33:00,110,72,36.0,29.0,0,1
16802.0,2,582.6099999999999,2009-12-09 13:00:00,2010-01-29 13:44:00,51,588,51.0,51.0,0,1
16805.0,5,1091.3400000000001,2009-12-08 14:29:00,2011-06-19 11:23:00,557,82,138.75,166.5,0,1
16806.0,4,762.1600000000001,2011-04-14 19:59:00,2011-08-28 15:27:00,135,12,44.666666666666664,50.0,0,1
16807.0,6,2123.88,2010-03-26 14:38:00,2011-07-20 12:00:00,480,51,95.6,73.0,0,1
16808.0,2,288.42,2011-03-10 19:05:00,2011-09-01 19:34:00,175,8,175.0,175.0,0,1
16809.0,7,1283.4299999999998,2010-04-13 15:34:00,2011-07-26 14:24:00,468,45,77.66666666666667,71.0,1,0
16810.0,2,842.04,2010-10-15 15:32:00,2011-05-31 15:32:00,228,101,228.0,228.0,0,1
16812.0,4,2392.0,2010-11-22 14:36:00,2010-12-14 12:35:00,21,269,7.0,3.0,0,1
16813.0,7,1146.84,2011-05-19 13:28:00,2011-09-04 11:12:00,107,5,17.5,17.0,1,0
16814.0,31,10639.84,2010-04-11 12:45:00,2011-08-23 11:51:00,498,17,16.066666666666666,14.0,1,0
16815.0,2,406.02000000000004,2010-06-21 12:05:00,2010-09-12 10:59:00,82,362,82.0,82.0,0,1
16816.0,4,417.06000000000006,2010-12-16 17:01:00,2011-08-28 14:16:00,254,12,84.33333333333333,46.0,0,1
16817.0,11,2135.3799999999997,2010-10-04 09:06:00,2011-06-07 10:05:00,246,94,24.1,15.0,1,0
16818.0,9,2528.47,2011-05-18 11:42:00,2011-09-07 14:40:00,112,2,13.625,10.5,1,0
16819.0,2,182.59,2010-08-31 17:31:00,2010-08-31 17:37:00,0,374,0.0,0.0,0,1
16823.0,7,2243.09,2009-12-02 09:57:00,2011-04-26 15:00:00,510,136,84.5,70.0,0,1
16824.0,2,448.5,2010-11-11 12:21:00,2011-06-28 13:36:00,229,73,229.0,229.0,1,0
16825.0,4,1370.4099999999999,2010-06-23 13:14:00,2011-06-07 09:44:00,348,94,115.66666666666667,119.0,1,0
16827.0,5,392.13000000000005,2010-04-29 19:07:00,2010-11-11 14:04:00,195,302,48.25,31.5,0,1
16828.0,2,128.5,2011-08-19 13:24:00,2011-09-07 15:10:00,19,2,19.0,19.0,0,1
16829.0,2,513.3199999999999,2010-11-16 18:11:00,2011-07-06 10:48:00,231,65,231.0,231.0,0,1
16830.0,3,881.59,2009-12-13 12:11:00,2010-09-23 12:37:00,284,351,141.5,141.5,1,0
16832.0,5,417.60999999999996,2010-09-07 12:35:00,2011-06-08 15:36:00,274,93,68.25,24.0,0,1
16833.0,5,1973.8000000000004,2010-03-26 15:31:00,2011-03-25 08:53:00,363,168,90.5,89.5,1,0
16834.0,2,898.96,2010-02-03 14:24:00,2011-04-26 09:37:00,446,136,446.0,446.0,0,1
16835.0,6,1456.6599999999999,2010-05-19 08:41:00,2011-08-03 13:50:00,441,37,87.8,41.0,0,1
16836.0,3,621.8199999999999,2010-05-14 12:52:00,2011-08-15 12:38:00,457,25,228.0,228.0,1,0
16837.0,9,1911.74,2011-04-08 08:48:00,2011-07-05 10:06:00,88,66,10.625,6.5,1,0
16838.0,4,1159.61,2010-02-14 15:27:00,2011-05-26 13:13:00,465,106,154.66666666666666,132.0,0,1
16839.0,32,16033.18,2010-02-11 15:02:00,2011-08-22 10:42:00,556,18,17.419354838709676,10.0,1,0
16840.0,2,139.85000000000002,2010-02-03 12:42:00,2010-04-15 15:48:00,71,512,71.0,71.0,0,1
16841.0,11,3697.3,2010-01-12 11:32:00,2011-07-25 13:06:00,559,46,55.4,51.5,1,0
16842.0,3,1264.19,2011-02-10 14:51:00,2011-08-31 10:42:00,201,9,100.5,100.5,0,1
16843.0,32,18184.1,2009-12-10 11:40:00,2011-09-07 10:56:00,635,2,20.096774193548388,16.0,1,0
16844.0,2,614.3399999999999,2010-05-06 09:16:00,2010-05-26 10:29:00,20,471,20.0,20.0,0,1
16846.0,2,628.09,2010-03-10 12:03:00,2010-05-11 13:45:00,62,486,62.0,62.0,1,0
16848.0,3,1130.1999999999998,2010-10-03 11:01:00,2010-11-28 12:38:00,56,285,28.0,28.0,1,0
16854.0,2,1408.9600000000003,2010-03-09 14:32:00,2010-10-18 16:31:00,223,326,223.0,223.0,0,1
16856.0,2,323.09,2010-09-23 13:11:00,2010-10-18 11:54:00,24,326,24.0,24.0,1,0
16858.0,10,4292.589999999999,2009-12-15 11:09:00,2010-12-06 09:52:00,355,277,39.0,37.0,0,1
16859.0,7,1932.41,2010-03-04 12:37:00,2011-07-18 12:19:00,500,53,83.0,100.5,0,1
16860.0,3,1610.6200000000001,2010-02-15 13:46:00,2010-09-13 10:05:00,209,361,104.5,104.5,0,1
16861.0,4,843.6299999999999,2010-07-19 11:44:00,2011-07-04 15:38:00,350,67,116.33333333333333,108.0,1,0
16862.0,4,662.3300000000002,2010-01-07 12:57:00,2010-06-10 13:05:00,154,456,50.666666666666664,48.0,0,1
16863.0,2,495.7199999999999,2010-10-26 10:03:00,2010-12-08 08:58:00,42,275,42.0,42.0,1,0
16864.0,2,409.25,2010-04-20 11:56:00,2010-10-01 16:16:00,164,343,164.0,164.0,0,1
16866.0,3,207.73999999999998,2011-07-01 12:34:00,2011-07-22 10:06:00,20,49,9.5,9.5,0,1
16868.0,3,384.56000000000006,2010-04-25 11:31:00,2010-11-10 13:17:00,199,303,99.0,99.0,0,1
16869.0,2,387.68,2011-06-17 13:01:00,2011-06-27 12:16:00,9,74,9.0,9.0,1,0
16871.0,4,2037.8200000000002,2011-03-14 10:31:00,2011-05-13 11:44:00,60,119,20.0,15.0,1,0
16872.0,5,997.7900000000001,2010-09-02 17:36:00,2011-08-26 15:38:00,357,14,89.0,52.5,1,0
16873.0,10,11365.24,2010-02-09 14:17:00,2011-08-04 15:33:00,541,36,59.666666666666664,52.0,1,0
16875.0,10,3277.2000000000003,2010-01-05 09:16:00,2011-07-18 11:41:00,559,53,61.77777777777778,66.0,1,0
16877.0,2,188.98,2011-05-15 16:13:00,2011-07-10 16:18:00,56,61,56.0,56.0,1,0
16880.0,7,1414.9,2010-08-03 13:54:00,2011-09-01 11:22:00,393,8,65.16666666666667,23.0,1,0
16882.0,2,215.70000000000002,2011-01-26 17:43:00,2011-04-14 14:36:00,77,148,77.0,77.0,1,0
16883.0,19,2246.0600000000004,2009-12-04 12:07:00,2011-06-05 12:51:00,548,96,30.0,6.0,0,1
16884.0,2,641.1300000000001,2010-05-18 12:00:00,2010-06-01 12:45:00,14,465,14.0,14.0,1,0
16885.0,2,412.13999999999993,2010-11-19 12:51:00,2010-12-17 17:23:00,28,266,28.0,28.0,1,0
16887.0,2,465.84,2009-12-01 13:41:00,2010-11-04 11:29:00,337,309,337.0,337.0,1,0
16888.0,3,434.2,2010-01-07 13:07:00,2010-11-04 12:39:00,300,309,150.0,150.0,0,1
16889.0,6,2526.65,2010-05-23 10:46:00,2011-05-29 11:05:00,371,103,73.8,61.0,0,1
16890.0,3,285.41,2010-05-06 16:27:00,2010-08-20 11:23:00,105,385,52.0,52.0,0,1
16891.0,9,1501.3000000000002,2009-12-04 12:37:00,2011-09-05 11:31:00,639,4,79.5,52.5,1,0
16892.0,3,339.53999999999996,2009-12-08 14:20:00,2011-06-09 11:35:00,547,92,273.5,273.5,1,0
16893.0,2,249.89,2010-11-28 15:14:00,2010-12-08 12:06:00,9,275,9.0,9.0,0,1
16894.0,3,1306.96,2010-06-22 14:21:00,2010-07-25 15:43:00,33,411,16.5,16.5,0,1
16895.0,4,900.6300000000001,2010-02-12 11:07:00,2010-09-27 11:13:00,227,347,75.0,81.0,1,0
16897.0,2,289.78,2011-01-30 11:52:00,2011-02-13 15:02:00,14,208,14.0,14.0,0,1
16898.0,4,697.95,2010-05-12 12:18:00,2011-06-15 13:35:00,399,86,132.66666666666666,161.0,1,0
16899.0,5,934.8900000000001,2010-11-07 15:00:00,2011-07-13 11:33:00,247,58,61.5,37.5,1,0
16903.0,2,678.5500000000001,2010-10-20 14:42:00,2010-11-24 14:55:00,35,289,35.0,35.0,1,0
16904.0,19,3970.16,2010-10-24 16:03:00,2011-09-06 12:25:00,316,3,17.11111111111111,12.5,1,0
16905.0,13,2491.3500000000004,2009-12-10 20:04:00,2011-04-17 11:30:00,492,145,40.5,26.5,1,0
16906.0,6,1244.3200000000002,2010-05-13 13:23:00,2011-06-06 09:04:00,388,95,77.2,42.0,1,0
16907.0,8,1201.12,2010-07-01 17:30:00,2011-07-14 17:44:00,378,57,53.42857142857143,55.0,1,0
16911.0,2,255.24999999999997,2010-02-16 16:12:00,2010-03-14 12:18:00,25,544,25.0,25.0,0,1
16912.0,11,3443.51,2009-12-09 12:32:00,2011-07-28 14:35:00,596,43,59.4,52.5,1,0
16913.0,3,423.90999999999997,2010-02-26 12:06:00,2011-02-22 12:56:00,361,199,180.5,180.5,0,1
16915.0,9,1303.8899999999999,2010-05-19 13:32:00,2011-08-04 13:03:00,441,36,54.875,46.0,1,0
16916.0,3,536.04,2010-10-20 12:56:00,2010-12-02 13:14:00,43,281,21.0,21.0,1,0
16917.0,2,1851.8799999999999,2010-03-17 15:24:00,2011-03-08 11:55:00,355,185,355.0,355.0,0,1
16918.0,13,2960.42,2009-12-03 12:27:00,2011-09-05 13:50:00,641,4,53.083333333333336,41.0,1,0
16919.0,24,4909.66,2010-08-19 15:28:00,2011-07-06 13:35:00,320,65,13.478260869565217,8.0,0,1
16921.0,2,255.02999999999997,2010-04-18 15:34:00,2010-09-23 14:08:00,157,351,157.0,157.0,1,0
16923.0,27,10851.990000000002,2010-01-31 11:14:00,2011-09-01 14:29:00,578,8,21.76923076923077,20.0,1,0
16926.0,5,1169.61,2010-07-01 12:57:00,2010-12-03 13:42:00,155,280,38.5,29.0,0,1
16927.0,3,543.0500000000001,2010-12-13 11:57:00,2011-08-16 11:10:00,245,24,122.5,122.5,0,1
16928.0,27,3453.4800000000005,2010-02-03 12:30:00,2011-09-06 13:29:00,580,3,21.76923076923077,14.0,1,0
16929.0,2,428.8800000000001,2011-07-07 12:39:00,2011-08-04 12:13:00,27,36,27.0,27.0,1,0
16931.0,16,3374.6800000000003,2010-11-07 13:24:00,2011-08-28 14:28:00,294,12,19.066666666666666,16.0,1,0
16932.0,2,262.32000000000005,2010-05-17 14:15:00,2010-10-12 14:14:00,147,332,147.0,147.0,1,0
16933.0,8,2760.7999999999997,2009-12-09 15:03:00,2011-04-14 13:33:00,490,148,69.57142857142857,49.0,1,0
16934.0,4,1152.1100000000001,2010-03-28 12:43:00,2010-11-21 11:39:00,237,292,79.0,63.0,1,0
16935.0,3,530.86,2010-10-14 13:09:00,2010-11-23 09:16:00,39,290,19.0,19.0,0,1
16938.0,8,6669.73,2010-02-17 14:47:00,2011-06-13 11:24:00,480,88,68.0,72.0,1,0
16939.0,3,433.85,2010-02-28 13:33:00,2010-08-08 12:24:00,160,397,79.5,79.5,0,1
16940.0,7,5246.14,2009-12-08 13:08:00,2011-06-23 13:13:00,562,78,93.0,80.5,1,0
16942.0,7,1439.44,2011-04-26 11:59:00,2011-07-26 12:57:00,91,45,14.833333333333334,15.5,1,0
16943.0,5,1299.49,2010-03-25 13:34:00,2011-05-12 11:57:00,412,120,102.75,70.5,0,1
16945.0,27,7209.719999999999,2009-12-09 11:33:00,2011-09-02 09:48:00,631,7,24.0,24.5,1,0
16946.0,5,1222.04,2010-03-02 10:49:00,2010-11-21 14:06:00,264,292,65.5,63.5,0,1
16947.0,5,955.21,2010-03-03 10:54:00,2011-04-18 09:38:00,410,144,102.25,91.5,0,1
16948.0,7,868.7700000000001,2010-02-21 13:48:00,2011-07-24 12:46:00,517,47,85.83333333333333,90.0,0,1
16949.0,4,893.75,2011-01-27 12:11:00,2011-06-07 10:34:00,130,94,43.333333333333336,36.0,1,0
16950.0,9,3141.62,2010-01-24 11:26:00,2011-08-07 13:30:00,560,33,69.625,36.5,1,0
16951.0,3,1277.7500000000002,2011-02-08 14:58:00,2011-07-28 12:05:00,169,43,84.5,84.5,0,1
16952.0,5,795.83,2009-12-11 13:52:00,2011-08-22 13:03:00,618,18,154.5,143.5,0,1
16954.0,15,5242.179999999999,2010-01-18 14:49:00,2011-08-07 10:55:00,565,33,39.857142857142854,28.5,1,0
16955.0,6,1120.3100000000002,2010-01-31 11:38:00,2011-06-08 10:36:00,492,93,98.2,123.0,0,1
16957.0,2,416.64,2011-03-03 09:25:00,2011-04-14 13:56:00,42,148,42.0,42.0,0,1
16960.0,6,1685.3600000000001,2010-03-02 13:36:00,2011-04-01 11:54:00,394,161,78.4,90.0,1,0
16961.0,3,794.5600000000001,2010-06-25 14:36:00,2011-08-15 13:46:00,415,25,207.5,207.5,0,1
16964.0,2,207.85,2009-12-06 12:51:00,2009-12-06 12:53:00,0,642,0.0,0.0,0,1
16966.0,4,1486.5600000000002,2011-04-13 14:17:00,2011-06-22 15:06:00,70,79,23.0,27.0,1,0
16969.0,2,478.96,2011-06-01 12:10:00,2011-07-28 13:54:00,57,43,57.0,57.0,1,0
16972.0,2,748.9999999999999,2010-09-09 11:20:00,2010-11-22 10:59:00,73,291,73.0,73.0,0,1
16974.0,2,365.5,2010-05-24 10:43:00,2010-07-05 10:18:00,41,431,41.0,41.0,0,1
16975.0,3,926.1200000000001,2010-07-22 11:38:00,2010-10-12 17:53:00,82,332,40.5,40.5,0,1
16977.0,4,496.0,2010-03-18 11:06:00,2010-11-09 13:17:00,236,304,78.33333333333333,44.0,0,1
16978.0,2,424.54999999999995,2010-02-11 16:27:00,2010-02-11 16:33:00,0,575,0.0,0.0,1,0
16979.0,5,1563.39,2010-09-15 14:30:00,2011-07-15 08:59:00,302,56,75.0,61.5,1,0
16980.0,3,1422.8300000000002,2010-10-07 14:05:00,2011-03-29 16:36:00,173,164,86.0,86.0,0,1
16983.0,9,2770.01,2010-09-19 12:38:00,2011-09-04 11:00:00,349,5,43.0,41.5,1,0
16984.0,8,9104.2,2010-03-07 15:34:00,2011-08-01 17:37:00,512,39,72.71428571428571,42.0,1,0
16985.0,20,9037.58,2009-12-10 13:34:00,2011-07-05 09:33:00,571,66,29.736842105263158,23.0,1,0
16986.0,9,3015.55,2010-02-04 14:46:00,2010-09-20 15:00:00,228,354,28.25,0.0,1,0
16987.0,7,1534.05,2009-12-02 14:34:00,2011-06-22 16:44:00,567,79,94.0,70.5,1,0
16989.0,2,890.7,2011-07-12 09:11:00,2011-09-02 13:55:00,52,7,52.0,52.0,1,0
16990.0,2,344.0,2010-10-13 11:42:00,2011-05-05 08:30:00,203,127,203.0,203.0,0,1
16992.0,11,4834.54,2010-02-11 12:36:00,2011-09-02 08:50:00,567,7,56.2,44.5,1,0
16993.0,2,1950.9499999999998,2010-05-12 13:55:00,2010-09-02 12:16:00,112,372,112.0,112.0,0,1
16996.0,8,1708.43,2010-10-18 12:24:00,2011-08-10 14:34:00,296,30,41.857142857142854,23.0,1,0
16997.0,3,702.0,2011-01-18 11:51:00,2011-02-24 17:28:00,37,197,18.5,18.5,0,1
16998.0,5,402.0,2010-09-21 14:39:00,2011-07-13 09:44:00,294,58,73.25,76.5,0,1
17000.0,2,406.3,2010-10-27 14:16:00,2010-11-08 13:35:00,11,305,11.0,11.0,0,1
17001.0,16,5444.72,2010-03-25 12:41:00,2011-09-09 12:24:00,532,0,35.0,35.0,1,0
17002.0,6,2071.3399999999997,2010-03-08 15:46:00,2011-05-08 11:21:00,425,124,84.6,74.0,1,0
17003.0,4,828.21,2010-05-10 11:20:00,2010-11-02 13:15:00,176,311,58.333333333333336,20.0,0,1
17004.0,3,1917.82,2010-10-11 15:43:00,2011-09-08 12:16:00,331,1,165.0,165.0,1,0
17005.0,2,622.36,2010-04-30 10:55:00,2010-08-26 10:57:00,118,379,118.0,118.0,0,1
17006.0,4,853.4899999999999,2010-03-05 13:33:00,2010-11-12 13:43:00,252,301,83.66666666666667,31.0,1,0
17007.0,6,805.6100000000001,2010-09-28 13:51:00,2011-07-07 18:14:00,282,64,56.2,46.0,1,0
17011.0,2,400.8,2010-02-26 09:47:00,2010-03-02 13:50:00,4,556,4.0,4.0,1,0
17017.0,23,9314.01,2009-12-03 13:22:00,2011-06-30 14:48:00,574,71,25.727272727272727,6.0,1,0
17018.0,5,1772.6,2009-12-05 10:27:00,2011-01-18 08:46:00,408,234,101.75,92.0,1,0
17019.0,10,3340.1399999999994,2009-12-02 11:52:00,2011-03-23 11:16:00,475,170,52.44444444444444,50.0,1,0
17020.0,2,935.62,2010-03-03 12:27:00,2010-06-15 13:06:00,104,451,104.0,104.0,0,1
17021.0,6,1182.22,2010-04-29 20:05:00,2010-09-23 20:01:00,146,351,28.8,18.0,0,1
17023.0,3,800.1800000000001,2010-01-11 15:09:00,2010-10-18 15:37:00,280,326,139.5,139.5,0,1
17024.0,2,56.25,2011-07-05 09:31:00,2011-09-01 15:21:00,58,8,58.0,58.0,1,0
17025.0,4,1152.87,2010-03-08 13:37:00,2010-12-01 15:46:00,268,282,89.33333333333333,37.0,1,0
17026.0,3,175.82999999999998,2010-10-18 15:22:00,2011-06-07 14:28:00,231,94,115.5,115.5,0,1
17027.0,7,1078.3,2009-12-10 12:10:00,2011-06-13 13:44:00,550,88,91.33333333333333,90.0,1,0
17028.0,3,1593.8300000000002,2009-12-18 14:28:00,2010-05-07 15:33:00,140,490,69.5,69.5,0,1
17029.0,7,2137.3,2010-02-14 10:19:00,2011-08-21 11:06:00,553,19,91.83333333333333,101.0,0,1
17031.0,5,2619.45,2010-05-07 14:52:00,2011-07-08 09:38:00,426,63,106.0,85.0,1,0
17032.0,8,2984.32,2009-12-10 15:36:00,2010-06-10 12:16:00,181,456,25.571428571428573,35.0,0,1
17033.0,3,910.7499999999999,2010-11-07 12:55:00,2011-05-09 16:01:00,183,123,91.5,91.5,1,0
17034.0,3,672.7,2010-07-14 12:55:00,2011-02-25 10:10:00,225,196,112.5,112.5,1,0
17035.0,4,613.5899999999999,2009-12-03 10:37:00,2011-04-08 11:23:00,491,154,163.0,145.0,0,1
17040.0,2,463.25,2010-06-07 15:08:00,2011-07-25 10:19:00,412,46,412.0,412.0,0,1
17041.0,5,1334.6000000000004,2010-04-18 14:25:00,2011-08-23 09:53:00,491,17,122.25,119.0,1,0
17042.0,4,915.02,2011-04-06 14:53:00,2011-08-10 13:19:00,125,30,41.333333333333336,41.0,1,0
17043.0,6,1183.4400000000003,2009-12-09 15:20:00,2011-06-14 13:52:00,551,87,109.8,108.0,1,0
17044.0,11,11013.820000000002,2009-12-07 12:25:00,2010-11-30 10:48:00,357,283,35.3,18.0,1,0
17045.0,5,827.6800000000002,2010-10-06 14:52:00,2011-08-18 17:09:00,316,22,78.5,71.5,0,1
17046.0,5,1906.0700000000002,2010-03-29 13:46:00,2011-07-05 14:24:00,463,66,115.5,87.5,0,1
17047.0,5,1937.7600000000002,2009-12-08 08:48:00,2011-05-18 16:51:00,526,114,131.25,149.5,1,0
17048.0,7,2071.68,2010-01-18 13:55:00,2011-08-14 11:49:00,572,26,95.0,95.0,0,1
17049.0,15,6894.150000000001,2010-03-04 10:23:00,2011-08-14 12:33:00,528,26,37.214285714285715,26.0,1,0
17050.0,11,4648.59,2010-01-26 14:54:00,2011-09-04 13:48:00,585,5,58.1,53.0,0,1
17051.0,4,706.49,2010-03-21 14:55:00,2011-05-29 14:13:00,433,103,144.0,139.0,0,1
17054.0,4,1207.3200000000002,2011-04-08 13:14:00,2011-07-25 09:58:00,107,46,35.333333333333336,27.0,1,0
17058.0,2,819.6600000000001,2011-04-14 09:18:00,2011-05-24 13:50:00,40,108,40.0,40.0,1,0
17059.0,8,4021.2799999999997,2010-01-26 14:43:00,2011-08-21 15:17:00,572,19,81.14285714285714,87.0,1,0
17061.0,10,4658.83,2011-04-21 13:29:00,2011-08-21 10:44:00,121,19,13.0,8.0,1,0
17062.0,6,889.7500000000001,2010-09-26 11:57:00,2011-01-30 11:01:00,125,222,24.6,28.0,0,1
17063.0,10,2849.2599999999998,2009-12-01 12:36:00,2011-06-29 13:59:00,575,72,63.55555555555556,50.0,1,0
17064.0,2,457.40000000000003,2011-01-16 16:10:00,2011-06-10 10:26:00,144,91,144.0,144.0,1,0
17065.0,2,194.69999999999996,2010-03-12 11:40:00,2010-03-12 11:41:00,0,546,0.0,0.0,0,1
17067.0,3,454.54,2009-12-08 12:03:00,2009-12-15 08:39:00,6,633,3.0,3.0,0,1
17068.0,42,7974.830000000001,2010-03-28 14:26:00,2011-09-06 12:10:00,526,3,12.390243902439025,11.0,1,0
17069.0,10,4303.32,2009-12-03 12:27:00,2011-07-07 14:30:00,581,64,64.22222222222223,51.0,1,0
17070.0,2,437.4199999999999,2010-10-25 15:57:00,2011-08-17 17:01:00,296,23,296.0,296.0,0,1
17071.0,10,2767.1000000000004,2010-01-24 13:05:00,2011-07-28 16:04:00,550,43,60.55555555555556,56.0,1,0
17075.0,9,2098.58,2009-12-14 11:24:00,2011-03-31 13:47:00,472,162,58.5,40.0,1,0
17076.0,5,735.8699999999999,2009-12-04 12:12:00,2011-03-11 08:59:00,461,182,114.75,93.5,1,0
17080.0,6,746.23,2010-07-01 16:03:00,2011-03-15 12:05:00,256,178,50.8,15.0,1,0
17081.0,4,660.48,2010-02-22 13:19:00,2010-11-09 12:44:00,259,304,85.66666666666667,89.0,1,0
17082.0,5,3365.12,2009-12-15 11:25:00,2011-01-25 14:36:00,406,227,101.0,87.0,1,0
17083.0,9,4049.7900000000004,2010-02-09 11:46:00,2011-08-22 15:43:00,559,18,69.5,59.5,0,1
17085.0,28,7847.670000000001,2009-12-06 12:16:00,2011-08-08 14:15:00,610,32,22.14814814814815,14.0,0,1
17088.0,2,1399.1100000000001,2011-03-31 09:48:00,2011-06-10 09:23:00,70,91,70.0,70.0,1,0
17090.0,10,1917.3000000000002,2010-07-19 16:02:00,2011-09-02 15:05:00,409,7,45.22222222222222,45.0,1,0
17091.0,17,6359.99,2009-12-16 15:45:00,2011-09-02 14:56:00,624,7,38.625,35.0,1,0
17092.0,9,4366.7,2010-02-02 16:42:00,2011-08-05 16:10:00,548,35,68.5,49.0,1,0
17094.0,2,402.19999999999993,2010-10-12 10:48:00,2011-01-21 13:09:00,101,231,101.0,101.0,0,1
17095.0,6,1792.05,2009-12-15 12:32:00,2011-02-13 13:52:00,425,208,84.8,93.0,1,0
17096.0,9,3119.74,2010-06-02 14:48:00,2011-07-19 17:02:00,412,52,51.125,28.0,1,0
17097.0,7,828.4699999999998,2010-10-05 14:09:00,2011-08-31 15:35:00,330,9,54.666666666666664,25.0,1,0
17098.0,3,591.0699999999999,2010-06-17 10:30:00,2010-11-23 12:13:00,159,290,79.5,79.5,0,1
17101.0,4,1115.9,2010-06-07 15:12:00,2011-06-14 14:49:00,371,87,123.66666666666667,129.0,1,0
17105.0,2,665.7799999999999,2011-02-06 14:46:00,2011-07-03 15:53:00,147,68,147.0,147.0,0,1
17107.0,7,11587.849999999999,2010-01-31 15:47:00,2011-07-07 18:56:00,522,64,86.5,77.5,1,0
17109.0,4,875.01,2010-07-30 12:42:00,2011-04-21 15:51:00,265,141,88.0,91.0,1,0
17110.0,3,499.8999999999999,2010-04-08 13:32:00,2011-06-27 12:58:00,444,74,222.0,222.0,0,1
17113.0,6,2305.59,2010-01-11 10:14:00,2010-05-14 13:59:00,123,483,24.2,18.0,0,1
17114.0,6,601.94,2011-01-09 11:39:00,2011-07-24 11:58:00,196,47,38.8,40.0,1,0
17115.0,6,2536.81,2009-12-05 12:13:00,2011-06-10 08:54:00,551,91,110.0,54.0,1,0
17122.0,4,570.5000000000001,2010-07-28 09:34:00,2011-08-12 14:33:00,380,28,126.33333333333333,90.0,0,1
17123.0,3,977.1700000000001,2010-05-16 11:52:00,2011-07-01 10:47:00,410,70,205.0,205.0,0,1
17126.0,9,2016.43,2010-08-31 13:41:00,2011-07-10 13:52:00,313,61,39.0,25.0,0,1
17127.0,5,1155.03,2009-12-04 15:18:00,2010-10-07 09:54:00,306,337,76.0,44.0,0,1
17132.0,2,1220.91,2010-08-08 13:49:00,2010-09-13 16:31:00,36,361,36.0,36.0,0,1
17133.0,8,12208.88,2010-03-21 12:31:00,2011-06-02 14:46:00,438,99,62.0,32.0,1,0
17134.0,3,625.3,2010-09-23 18:32:00,2011-08-25 09:53:00,335,15,167.0,167.0,0,1
17135.0,5,1083.0,2010-05-09 16:03:00,2011-02-23 10:27:00,289,198,71.75,80.0,1,0
17137.0,6,1099.81,2010-01-31 12:27:00,2010-10-19 14:51:00,261,325,51.8,48.0,0,1
17138.0,7,4417.2699999999995,2010-02-04 14:19:00,2011-03-09 11:54:00,397,184,65.66666666666667,49.0,0,1
17139.0,20,15767.810000000001,2010-01-11 11:31:00,2011-08-09 11:56:00,575,31,29.894736842105264,30.0,1,0
17141.0,4,727.5800000000002,2010-01-24 14:19:00,2010-10-17 14:54:00,266,327,88.66666666666667,0.0,0,1
17142.0,4,1275.25,2010-01-24 15:23:00,2011-04-14 18:22:00,445,148,148.0,150.0,0,1
17143.0,2,880.97,2010-07-12 13:26:00,2010-10-18 15:27:00,98,326,98.0,98.0,0,1
17145.0,4,3120.91,2010-02-19 12:07:00,2010-07-15 09:02:00,145,421,48.333333333333336,8.0,0,1
17146.0,13,5852.64,2010-02-02 09:39:00,2011-08-26 12:44:00,570,14,46.916666666666664,30.0,0,1
17147.0,7,2458.4700000000003,2010-01-11 09:38:00,2011-05-17 10:57:00,491,115,81.33333333333333,85.5,1,0
17150.0,6,1357.9499999999998,2009-12-06 10:51:00,2010-11-28 11:27:00,357,285,70.8,73.0,0,1
17152.0,4,2016.5,2010-10-10 12:40:00,2011-05-29 12:19:00,230,103,76.66666666666667,68.0,0,1
17155.0,6,784.0600000000002,2009-12-03 11:34:00,2011-06-15 10:22:00,558,86,111.4,57.0,1,0
17157.0,18,4994.36,2009-12-04 13:00:00,2011-06-16 15:08:00,559,85,32.470588235294116,10.0,1,0
17158.0,4,1411.5799999999997,2010-03-07 15:50:00,2011-04-21 10:12:00,409,141,136.0,127.0,1,0
17159.0,3,1089.16,2010-03-04 14:53:00,2011-06-21 09:49:00,473,80,236.0,236.0,1,0
17160.0,16,9692.31,2009-12-04 10:57:00,2011-08-22 13:32:00,626,18,41.2,32.0,1,0
17162.0,9,1463.6599999999999,2011-02-07 12:27:00,2011-07-31 16:04:00,174,40,21.5,14.0,1,0
17163.0,2,406.67999999999995,2010-02-02 10:39:00,2010-09-20 10:08:00,229,354,229.0,229.0,1,0
17164.0,3,1270.4200000000003,2011-03-11 14:26:00,2011-07-11 12:47:00,121,60,60.5,60.5,1,0
17165.0,6,1794.3200000000002,2009-12-11 09:18:00,2011-02-28 16:39:00,444,193,88.4,70.0,0,1
17167.0,3,867.1099999999999,2010-09-20 14:02:00,2010-11-25 10:05:00,65,288,32.0,32.0,0,1
17169.0,2,629.63,2010-05-10 13:00:00,2011-06-09 13:16:00,395,92,395.0,395.0,1,0
17170.0,2,178.67999999999998,2010-11-15 16:23:00,2010-11-30 15:55:00,14,283,14.0,14.0,0,1
17171.0,2,384.59,2010-02-16 12:02:00,2011-02-23 16:37:00,372,198,372.0,372.0,0,1
17172.0,2,638.81,2009-12-13 11:46:00,2010-10-05 12:02:00,296,339,296.0,296.0,1,0
17173.0,2,961.26,2011-07-31 15:26:00,2011-08-15 10:28:00,14,25,14.0,14.0,1,0
17175.0,3,1132.6299999999999,2011-02-16 14:56:00,2011-07-21 18:08:00,155,50,77.0,77.0,1,0
17176.0,3,902.32,2010-01-31 15:49:00,2011-05-22 12:41:00,475,110,237.5,237.5,0,1
17179.0,6,1507.2600000000002,2010-05-26 11:22:00,2011-06-14 16:48:00,384,87,76.4,54.0,0,1
17180.0,10,2005.6000000000001,2010-01-21 17:43:00,2011-04-12 16:20:00,445,150,49.0,33.0,1,0
17181.0,2,225.45000000000005,2010-04-23 11:21:00,2010-12-01 12:38:00,222,282,222.0,222.0,1,0
17182.0,2,321.29999999999995,2009-12-21 15:22:00,2010-10-13 10:09:00,295,331,295.0,295.0,0,1
17184.0,2,198.40999999999997,2009-12-09 14:17:00,2010-05-19 14:24:00,161,478,161.0,161.0,0,1
17185.0,3,229.46,2010-04-20 13:49:00,2010-04-27 12:15:00,6,500,3.0,3.0,0,1
17187.0,2,467.7099999999999,2010-07-01 14:38:00,2011-04-27 12:39:00,299,135,299.0,299.0,0,1
17188.0,11,3933.79,2009-12-08 19:16:00,2011-06-28 14:51:00,566,73,56.3,55.5,1,0
17189.0,5,953.6300000000001,2009-12-02 11:45:00,2011-08-25 19:39:00,631,15,157.5,181.5,0,1
17190.0,6,1476.83,2010-03-05 13:21:00,2011-05-16 15:29:00,437,116,87.2,94.0,1,0
17191.0,14,3778.17,2009-12-01 16:34:00,2011-09-06 12:15:00,643,3,49.07692307692308,56.0,1,0
17193.0,4,1059.3,2009-12-02 10:02:00,2011-06-16 10:23:00,561,85,186.66666666666666,209.0,1,0
17194.0,3,812.5000000000001,2010-06-27 13:16:00,2011-03-11 12:05:00,256,182,127.5,127.5,0,1
17198.0,2,521.6600000000001,2010-12-03 14:54:00,2010-12-09 13:34:00,5,274,5.0,5.0,1,0
17200.0,4,356.71,2010-02-25 13:23:00,2010-11-17 13:04:00,264,296,88.0,0.0,0,1
17201.0,3,853.32,2010-02-10 12:26:00,2010-07-04 11:40:00,143,432,71.0,71.0,1,0
17203.0,4,2004.0099999999998,2010-11-16 12:52:00,2010-11-16 13:07:00,0,297,0.0,0.0,1,0
17204.0,9,5504.6900000000005,2010-06-10 11:37:00,2011-06-17 14:46:00,372,84,46.125,31.5,0,1
17205.0,2,615.2700000000001,2010-05-24 15:36:00,2010-10-19 16:11:00,148,325,148.0,148.0,1,0
17209.0,3,595.6999999999999,2009-12-03 11:10:00,2010-02-28 16:01:00,87,558,43.5,43.5,0,1
17211.0,11,2921.02,2009-12-13 13:17:00,2011-06-12 13:21:00,546,89,54.1,37.0,1,0
17212.0,3,794.41,2010-08-10 09:22:00,2011-03-31 19:42:00,233,162,116.5,116.5,0,1
17213.0,11,3868.18,2009-12-15 10:28:00,2011-07-21 15:47:00,583,50,57.9,32.0,1,0
17214.0,4,611.9700000000001,2010-12-15 15:14:00,2011-04-04 16:28:00,110,158,36.0,43.0,1,0
17217.0,2,210.09999999999997,2010-03-30 13:35:00,2011-04-19 17:19:00,385,143,385.0,385.0,0,1
17218.0,13,2883.0,2010-01-25 16:12:00,2011-05-09 16:59:00,469,123,38.666666666666664,18.5,1,0
17220.0,17,3557.84,2010-01-20 11:57:00,2011-09-01 15:59:00,589,8,36.625,34.5,1,0
17221.0,3,642.14,2010-04-11 15:34:00,2010-04-27 10:27:00,15,500,7.5,7.5,1,0
17222.0,5,1250.8600000000001,2010-01-10 15:24:00,2010-08-19 13:48:00,220,386,55.0,50.5,1,0
17223.0,3,558.04,2010-11-29 17:19:00,2011-02-02 15:57:00,64,219,32.0,32.0,0,1
17226.0,3,895.47,2010-02-12 14:31:00,2011-02-04 11:52:00,356,217,178.0,178.0,0,1
17227.0,9,1413.36,2010-01-15 15:05:00,2011-06-20 10:13:00,520,81,64.5,71.0,1,0
17228.0,9,1601.5200000000002,2010-03-12 11:54:00,2011-05-16 10:40:00,429,116,53.25,54.0,1,0
17229.0,2,318.76000000000005,2011-07-20 12:38:00,2011-09-04 13:56:00,46,5,46.0,46.0,0,1
17230.0,18,9388.49,2009-12-08 13:41:00,2011-03-20 16:12:00,467,173,27.176470588235293,6.0,0,1
17231.0,22,5845.9,2009-12-07 16:38:00,2011-08-05 16:19:00,605,35,28.38095238095238,27.0,1,0
17233.0,2,369.98,2009-12-15 12:03:00,2010-09-17 13:20:00,276,357,276.0,276.0,1,0
17235.0,7,1354.8199999999997,2010-06-04 17:01:00,2010-12-02 13:38:00,180,281,29.666666666666668,14.5,1,0
17236.0,11,1710.86,2010-03-07 13:00:00,2011-06-13 15:47:00,463,88,45.9,46.0,1,0
17237.0,2,679.44,2010-11-23 11:45:00,2010-11-29 11:51:00,6,284,6.0,6.0,1,0
17238.0,26,5556.14,2009-12-01 10:59:00,2011-07-26 15:42:00,602,45,23.72,19.0,1,0
17239.0,4,1189.45,2010-07-01 10:53:00,2011-01-31 09:41:00,213,221,71.0,74.0,0,1
17241.0,12,2736.64,2010-02-15 14:47:00,2010-11-19 13:01:00,276,294,24.636363636363637,14.0,0,1
17242.0,5,2889.2800000000007,2010-01-24 10:27:00,2011-08-23 14:55:00,576,17,143.75,113.5,0,1
17243.0,59,15995.890000000001,2009-12-01 15:36:00,2011-09-08 12:44:00,645,1,10.672413793103448,8.5,1,0
17244.0,4,871.1399999999999,2009-12-06 11:27:00,2010-11-21 13:53:00,350,292,116.66666666666667,0.0,1,0
17245.0,2,371.63,2010-01-19 15:39:00,2011-05-19 10:43:00,484,113,484.0,484.0,0,1
17246.0,2,38.92,2009-12-01 17:45:00,2010-06-11 12:36:00,191,455,191.0,191.0,0,1
17248.0,2,500.5400000000001,2010-08-15 11:55:00,2011-08-11 13:34:00,361,29,361.0,361.0,0,1
17251.0,3,798.98,2009-12-15 10:36:00,2010-12-12 11:06:00,362,271,181.0,181.0,0,1
17252.0,2,348.90999999999997,2011-06-06 16:41:00,2011-08-15 09:45:00,69,25,69.0,69.0,0,1
17255.0,3,598.48,2010-09-19 15:53:00,2011-02-13 15:18:00,146,208,73.0,73.0,1,0
17256.0,5,498.9299999999999,2010-04-18 13:40:00,2011-08-24 13:30:00,492,16,122.75,143.5,0,1
17257.0,2,189.78,2010-09-29 12:49:00,2010-09-29 12:51:00,0,345,0.0,0.0,0,1
17258.0,2,417.2999999999999,2010-02-12 15:51:00,2010-11-08 12:37:00,268,305,268.0,268.0,0,1
17259.0,6,1452.3899999999999,2010-02-22 13:38:00,2011-07-14 15:01:00,507,57,101.0,83.0,0,1
17262.0,10,2190.7599999999998,2009-12-15 11:26:00,2011-04-26 15:58:00,497,136,55.0,34.0,1,0
17265.0,2,550.0100000000001,2011-06-12 12:00:00,2011-07-24 10:49:00,41,47,41.0,41.0,0,1
17266.0,3,318.2,2010-03-09 10:42:00,2011-07-15 11:57:00,493,56,246.0,246.0,1,0
17267.0,2,317.2,2011-08-04 17:19:00,2011-08-04 17:22:00,0,36,0.0,0.0,0,1
17268.0,11,1733.89,2009-12-08 11:46:00,2011-08-24 10:06:00,623,16,62.1,44.0,0,1
17270.0,2,601.4499999999999,2009-12-07 17:18:00,2010-08-27 14:09:00,262,378,262.0,262.0,0,1
17272.0,2,1409.44,2011-03-22 12:05:00,2011-05-24 13:46:00,63,108,63.0,63.0,1,0
17277.0,2,1065.3500000000001,2011-01-21 12:37:00,2011-04-26 12:47:00,95,136,95.0,95.0,0,1
17278.0,2,271.24,2010-05-23 13:49:00,2011-04-12 13:10:00,323,150,323.0,323.0,0,1
17281.0,6,797.8499999999999,2010-02-04 13:00:00,2010-11-30 18:05:00,299,283,59.2,62.0,0,1
17282.0,5,2308.5400000000004,2010-06-09 12:07:00,2011-08-01 14:29:00,418,39,104.0,108.5,0,1
17284.0,7,2629.62,2010-09-20 16:18:00,2011-08-11 12:00:00,324,29,53.666666666666664,54.0,1,0
17285.0,2,407.93999999999994,2010-02-14 14:10:00,2010-03-21 13:38:00,34,537,34.0,34.0,0,1
17286.0,2,237.81,2010-11-04 13:43:00,2010-11-04 13:52:00,0,309,0.0,0.0,1,0
17287.0,19,3480.21,2009-12-03 12:45:00,2011-07-19 14:59:00,593,52,32.55555555555556,23.5,1,0
17288.0,9,1714.5,2010-11-10 14:44:00,2011-05-16 14:32:00,186,116,22.875,31.0,1,0
17289.0,7,1275.23,2010-03-08 12:52:00,2011-06-12 13:51:00,461,89,76.33333333333333,69.0,1,0
17290.0,6,974.95,2009-12-13 13:28:00,2010-11-23 11:13:00,344,290,68.4,69.0,1,0
17292.0,2,271.75,2010-05-09 14:52:00,2010-08-24 17:14:00,107,381,107.0,107.0,0,1
17293.0,13,2763.6,2009-12-03 15:09:00,2011-08-12 14:03:00,616,28,50.916666666666664,39.0,1,0
17294.0,2,467.78999999999996,2010-02-08 14:21:00,2010-02-08 16:12:00,0,578,0.0,0.0,0,1
17298.0,5,954.26,2010-03-08 08:56:00,2011-08-30 16:43:00,540,10,134.75,133.5,0,1
17299.0,4,604.8100000000001,2010-08-15 16:00:00,2011-08-31 14:22:00,380,9,126.33333333333333,72.0,1,0
17300.0,2,393.64,2010-08-15 11:02:00,2010-11-14 10:56:00,90,299,90.0,90.0,0,1
17302.0,3,661.61,2011-02-07 10:14:00,2011-08-09 09:04:00,182,31,91.0,91.0,1,0
17306.0,17,7851.100000000001,2010-11-01 11:38:00,2011-09-01 09:39:00,303,8,18.625,16.0,1,0
17307.0,11,3999.8900000000003,2010-01-19 16:38:00,2010-11-09 13:40:00,293,304,29.0,28.0,0,1
17308.0,2,4511.76,2010-09-13 09:35:00,2010-11-11 13:19:00,59,302,59.0,59.0,0,1
17309.0,3,320.39,2010-02-04 15:49:00,2011-09-05 15:20:00,577,4,288.5,288.5,0,1
17310.0,2,1025.1,2010-06-23 11:38:00,2010-11-17 16:00:00,147,296,147.0,147.0,0,1
17311.0,5,2738.17,2010-02-03 12:38:00,2011-01-27 10:56:00,357,225,88.75,94.0,1,0
17312.0,3,644.3,2011-07-03 13:12:00,2011-07-24 11:52:00,20,47,10.0,10.0,0,1
17314.0,14,3883.43,2009-12-03 11:25:00,2011-07-14 11:28:00,588,57,44.69230769230769,48.0,1,0
17315.0,35,7686.4400000000005,2010-09-27 12:45:00,2011-08-31 15:49:00,338,9,9.5,8.0,1,0
17320.0,6,2444.8500000000004,2010-01-21 16:29:00,2011-08-31 13:31:00,586,9,116.6,131.0,0,1
17321.0,4,1008.05,2010-05-11 12:10:00,2010-11-10 12:56:00,183,303,60.666666666666664,22.0,1,0
17322.0,5,922.59,2009-12-03 11:46:00,2010-11-28 14:41:00,360,285,89.75,15.5,0,1
17323.0,9,1175.47,2010-01-10 11:58:00,2011-08-07 12:05:00,574,33,71.375,73.0,1,0
17324.0,10,1886.8200000000002,2009-12-18 15:29:00,2011-01-12 11:21:00,389,240,42.888888888888886,45.0,1,0
17325.0,3,609.5699999999999,2010-03-08 11:31:00,2011-03-04 13:09:00,361,189,180.0,180.0,0,1
17326.0,2,312.35,2010-06-28 14:05:00,2010-10-27 15:38:00,121,317,121.0,121.0,0,1
17327.0,2,152.35,2010-05-26 11:20:00,2010-10-26 09:54:00,152,318,152.0,152.0,0,1
17329.0,4,718.7800000000001,2009-12-03 16:09:00,2011-01-28 15:29:00,420,224,140.0,5.0,1,0
17330.0,2,59.900000000000006,2010-03-02 09:20:00,2010-06-13 12:34:00,103,453,103.0,103.0,1,0
17332.0,5,838.27,2010-02-21 14:41:00,2010-06-29 16:10:00,128,437,31.5,31.5,0,1
17334.0,3,635.1500000000001,2010-10-29 12:16:00,2011-02-10 14:59:00,104,211,51.5,51.5,0,1
17335.0,2,497.03999999999996,2010-01-24 11:15:00,2010-11-21 10:17:00,300,292,300.0,300.0,0,1
17337.0,4,1981.06,2011-02-02 17:06:00,2011-07-11 14:55:00,158,60,52.333333333333336,59.0,0,1
17338.0,16,10559.71,2010-03-10 16:09:00,2011-08-17 14:22:00,524,23,34.53333333333333,30.0,1,0
17339.0,3,302.36000000000007,2010-07-18 13:08:00,2011-09-06 13:29:00,415,3,207.0,207.0,0,1
17340.0,14,14858.310000000001,2010-02-14 14:54:00,2011-08-11 12:58:00,542,29,41.30769230769231,35.0,1,0
17341.0,5,1272.21,2010-06-17 18:17:00,2011-07-06 12:33:00,383,65,95.5,86.5,0,1
17342.0,4,1227.5400000000002,2010-02-08 09:16:00,2010-11-25 11:07:00,290,288,96.0,132.0,0,1
17343.0,6,1259.94,2009-12-03 18:30:00,2010-12-19 15:07:00,380,264,75.8,63.0,0,1
17345.0,9,1348.12,2009-12-01 16:17:00,2011-09-07 14:09:00,644,2,80.375,76.0,1,0
17346.0,19,3604.51,2010-04-18 12:18:00,2011-08-28 15:01:00,497,12,27.11111111111111,15.5,1,0
17348.0,5,1445.8400000000001,2010-03-10 12:13:00,2011-02-15 10:49:00,341,206,85.0,93.5,1,0
17349.0,5,772.41,2010-03-18 14:26:00,2011-06-13 14:29:00,452,88,112.25,121.0,0,1
17350.0,3,612.3810000000001,2010-02-01 15:38:00,2010-11-10 16:15:00,282,303,140.5,140.5,1,0
17351.0,11,1828.3799999999999,2009-12-10 18:43:00,2011-06-23 19:29:00,560,78,55.6,45.5,1,0
17353.0,4,3242.0,2010-03-25 12:52:00,2011-08-02 17:19:00,495,38,164.66666666666666,132.0,0,1
17354.0,3,1740.9,2010-10-07 13:22:00,2010-10-07 13:42:00,0,337,0.0,0.0,1,0
17356.0,5,946.4700000000001,2010-01-20 12:14:00,2011-02-01 11:07:00,376,220,93.75,49.0,0,1
17358.0,5,861.01,2010-02-24 16:42:00,2011-02-09 16:57:00,350,212,87.25,43.5,0,1
17360.0,4,953.1700000000001,2010-10-01 12:07:00,2011-06-08 17:09:00,250,93,83.0,48.0,1,0
17361.0,4,647.5100000000001,2010-02-01 14:30:00,2011-06-06 14:02:00,489,95,163.0,105.0,1,0
17362.0,7,1024.04,2010-01-06 10:53:00,2011-04-14 14:43:00,463,148,76.66666666666667,54.0,0,1
17363.0,3,920.46,2010-11-02 17:25:00,2010-11-09 17:11:00,6,304,3.0,3.0,0,1
17364.0,23,10127.65,2009-12-07 15:28:00,2011-07-25 12:58:00,594,46,26.545454545454547,24.0,1,0
17365.0,12,5753.9400000000005,2010-02-01 11:56:00,2011-06-23 10:44:00,506,78,45.54545454545455,54.0,1,0
17366.0,2,1077.2400000000002,2010-09-09 19:46:00,2010-10-03 16:04:00,23,341,23.0,23.0,0,1
17368.0,12,2484.4900000000002,2009-12-15 17:45:00,2011-09-07 14:47:00,630,2,56.90909090909091,37.0,1,0
17370.0,2,228.06,2011-06-23 11:50:00,2011-09-08 14:19:00,77,1,77.0,77.0,1,0
17371.0,4,329.11,2009-12-08 12:25:00,2010-12-13 15:20:00,370,270,123.33333333333333,108.0,1,0
17372.0,26,4065.76,2009-12-03 18:41:00,2011-06-26 14:06:00,569,75,22.32,17.0,1,0
17373.0,5,807.8800000000001,2010-02-28 14:17:00,2011-07-28 17:15:00,515,43,128.25,141.5,1,0
17374.0,3,727.11,2010-11-09 17:14:00,2011-05-05 09:05:00,176,127,87.5,87.5,0,1
17375.0,4,660.5500000000003,2010-10-04 09:14:00,2011-05-24 15:45:00,232,108,77.0,70.0,0,1
17376.0,3,356.28999999999996,2010-07-05 11:11:00,2011-02-01 14:12:00,211,220,105.0,105.0,1,0
17377.0,67,15626.29,2009-12-02 12:39:00,2011-08-05 15:40:00,611,35,8.772727272727273,6.0,1,0
17380.0,3,645.0,2010-06-23 11:24:00,2010-10-01 16:42:00,100,343,49.5,49.5,0,1
17381.0,33,34384.689999999995,2010-06-09 12:55:00,2011-09-01 15:52:00,449,8,13.5625,11.5,1,0
17382.0,7,836.88,2010-05-19 11:33:00,2010-09-30 10:53:00,133,344,22.0,10.5,1,0
17384.0,2,398.80000000000007,2010-08-29 16:01:00,2011-05-04 16:07:00,248,128,248.0,248.0,1,0
17386.0,6,1823.6899999999998,2010-11-19 13:40:00,2011-09-01 13:47:00,286,8,56.8,14.0,1,0
17388.0,10,2368.8399999999997,2009-12-10 11:45:00,2011-07-31 12:34:00,598,40,65.88888888888889,75.0,1,0
17389.0,52,34885.73,2009-12-04 12:06:00,2011-09-05 10:00:00,639,4,12.117647058823529,7.0,1,0
17391.0,2,508.8,2011-06-28 12:21:00,2011-06-29 09:58:00,0,72,0.0,0.0,0,1
17392.0,3,585.9200000000001,2010-09-15 16:17:00,2011-02-06 12:48:00,143,215,71.5,71.5,0,1
17393.0,2,381.15000000000003,2010-08-08 15:53:00,2010-10-25 11:10:00,77,319,77.0,77.0,0,1
17396.0,12,5880.6,2010-09-24 13:04:00,2011-07-14 10:24:00,292,57,26.272727272727273,1.0,1,0
17398.0,3,653.38,2011-03-29 13:04:00,2011-08-17 09:48:00,140,23,69.5,69.5,0,1
17400.0,8,4623.280000000001,2009-12-17 15:41:00,2011-08-05 15:38:00,595,35,84.71428571428571,77.0,0,1
17402.0,18,3734.16,2009-12-16 17:40:00,2011-08-30 12:32:00,621,10,36.05882352941177,31.0,1,0
17404.0,18,36878.6,2010-01-07 11:31:00,2011-08-08 13:12:00,578,32,33.411764705882355,32.0,1,0
17406.0,13,4186.950000000001,2009-12-06 13:45:00,2011-01-10 15:07:00,400,242,32.75,25.5,0,1
17408.0,3,316.09000000000003,2010-07-13 14:02:00,2011-06-29 12:53:00,350,72,174.5,174.5,0,1
17409.0,10,7793.51,2009-12-11 12:17:00,2011-06-08 10:36:00,543,93,60.111111111111114,48.0,0,1
17410.0,2,419.54999999999995,2011-05-08 15:21:00,2011-09-04 16:08:00,119,5,119.0,119.0,1,0
17411.0,3,932.02,2009-12-03 12:02:00,2011-03-23 13:44:00,475,170,237.0,237.0,1,0
17412.0,13,3671.9800000000005,2009-12-02 13:51:00,2011-05-27 14:55:00,541,105,44.666666666666664,44.0,1,0
17413.0,2,560.1400000000001,2010-05-19 11:11:00,2010-10-31 12:33:00,165,313,165.0,165.0,0,1
17414.0,5,2069.5200000000004,2009-12-03 16:49:00,2011-06-08 11:43:00,551,93,137.25,136.0,1,0
17416.0,20,15699.52,2009-12-14 16:29:00,2011-08-22 09:30:00,615,18,32.10526315789474,18.0,1,0
17418.0,2,373.99,2010-11-17 13:42:00,2011-01-20 11:39:00,63,232,63.0,63.0,1,0
17419.0,14,4559.68,2010-01-25 13:19:00,2011-07-19 12:39:00,539,52,41.07692307692308,38.0,1,0
17420.0,5,746.26,2010-11-03 13:09:00,2011-06-21 15:07:00,230,80,57.25,13.5,1,0
17421.0,3,1059.41,2009-12-04 15:43:00,2010-11-18 16:57:00,349,295,174.0,174.0,0,1
17422.0,10,3314.36,2010-06-23 10:19:00,2011-09-07 15:00:00,441,2,48.666666666666664,40.0,1,0
17423.0,2,869.96,2010-11-11 12:26:00,2011-05-06 09:14:00,175,126,175.0,175.0,1,0
17426.0,11,7321.1,2010-02-17 13:39:00,2011-09-09 15:51:00,569,0,56.7,24.5,1,0
17428.0,37,24871.0,2009-12-01 17:28:00,2011-08-21 12:37:00,627,19,17.166666666666668,10.0,1,0
17429.0,5,1357.4599999999998,2010-10-06 12:30:00,2011-08-03 13:22:00,301,37,74.75,44.5,0,1
17430.0,3,469.40999999999997,2010-08-17 11:52:00,2010-12-09 13:05:00,114,274,56.5,56.5,1,0
17432.0,7,1363.23,2009-12-03 19:13:00,2010-11-19 17:01:00,350,294,58.0,38.0,1,0
17436.0,4,440.16,2009-12-07 12:31:00,2011-04-27 11:33:00,505,135,168.0,181.0,1,0
17438.0,5,1422.7700000000004,2010-03-08 16:53:00,2011-03-31 10:26:00,387,162,96.5,92.0,0,1
17440.0,4,323.58,2010-06-08 14:40:00,2011-07-06 11:54:00,392,65,130.33333333333334,90.0,0,1
17442.0,14,4293.43,2010-02-15 15:54:00,2011-09-07 12:19:00,568,2,43.23076923076923,42.0,1,0
17444.0,3,2940.04,2011-06-20 09:04:00,2011-07-15 12:05:00,25,56,12.5,12.5,0,1
17446.0,2,120.90000000000002,2011-02-02 14:40:00,2011-06-16 10:42:00,133,85,133.0,133.0,0,1
17448.0,46,14523.67,2010-03-04 17:29:00,2010-07-30 14:07:00,147,406,3.0444444444444443,0.0,0,1
17449.0,10,3846.4900000000007,2009-12-09 14:16:00,2011-09-06 08:34:00,635,3,70.11111111111111,50.0,1,0
17450.0,28,136695.0,2010-09-27 16:59:00,2011-09-05 13:52:00,342,4,12.333333333333334,5.0,1,0
17454.0,10,1547.9399999999996,2010-01-15 15:40:00,2011-05-31 13:58:00,500,101,55.333333333333336,51.0,0,1
17456.0,2,975.56,2010-09-09 15:28:00,2010-12-09 15:23:00,90,274,90.0,90.0,0,1
17457.0,14,5984.8099999999995,2009-12-07 14:52:00,2011-08-05 12:48:00,605,35,46.07692307692308,47.0,0,1
17460.0,16,2157.9700000000003,2010-01-22 13:25:00,2011-09-06 15:04:00,592,3,38.93333333333333,34.0,0,1
17463.0,5,1886.9899999999998,2010-04-29 17:57:00,2011-06-16 15:10:00,412,85,102.75,68.0,1,0
17464.0,3,907.14,2010-03-30 13:15:00,2011-07-04 13:19:00,461,67,230.0,230.0,0,1
17465.0,7,2542.79,2009-12-03 13:25:00,2010-10-10 11:56:00,310,334,51.333333333333336,58.0,0,1
17469.0,15,4230.55,2009-12-16 15:06:00,2011-08-23 08:54:00,614,17,43.5,31.5,1,0
17470.0,10,2317.8700000000003,2010-07-19 16:16:00,2011-08-04 13:15:00,380,36,41.77777777777778,28.0,1,0
17472.0,4,922.3500000000001,2010-03-21 13:27:00,2011-06-01 14:57:00,437,100,145.33333333333334,96.0,0,1
17473.0,2,607.0,2010-09-09 19:03:00,2010-10-27 11:45:00,47,317,47.0,47.0,0,1
17476.0,2,489.85999999999996,2009-12-02 12:09:00,2010-11-09 10:21:00,341,304,341.0,341.0,0,1
17477.0,2,1144.3000000000002,2010-03-02 11:53:00,2010-04-06 10:06:00,34,521,34.0,34.0,0,1
17478.0,2,1272.8,2010-03-16 14:19:00,2010-10-27 15:01:00,225,317,225.0,225.0,0,1
17482.0,2,775.6400000000001,2010-05-10 14:10:00,2010-08-09 15:33:00,91,396,91.0,91.0,0,1
17483.0,3,452.43,2010-10-21 12:43:00,2011-07-28 17:33:00,280,43,139.5,139.5,1,0
17484.0,2,209.56999999999996,2010-03-25 16:17:00,2010-05-12 15:41:00,47,485,47.0,47.0,0,1
17490.0,3,963.3799999999999,2010-05-19 12:40:00,2011-06-16 09:15:00,392,85,196.0,196.0,1,0
17491.0,13,4212.91,2010-04-28 11:57:00,2011-09-05 11:51:00,494,4,40.666666666666664,39.5,1,0
17492.0,3,1122.42,2010-07-09 13:27:00,2011-04-05 15:21:00,270,157,135.0,135.0,0,1
17496.0,4,1412.89,2010-01-14 13:36:00,2010-12-16 08:39:00,335,267,111.33333333333333,67.0,0,1
17497.0,2,287.25,2010-04-08 08:01:00,2010-11-14 14:17:00,220,299,220.0,220.0,0,1
17499.0,2,1341.3899999999996,2010-05-27 09:59:00,2011-02-23 09:14:00,271,198,271.0,271.0,0,1
17501.0,2,288.59999999999997,2011-05-03 09:46:00,2011-05-03 09:47:00,0,129,0.0,0.0,0,1
17504.0,18,9490.17,2010-02-08 09:22:00,2011-05-17 12:59:00,463,115,26.88235294117647,21.0,0,1
17505.0,5,2435.4799999999996,2010-04-13 16:33:00,2011-07-01 12:50:00,443,70,110.5,49.0,0,1
17507.0,2,605.58,2011-02-03 18:08:00,2011-03-23 11:48:00,47,170,47.0,47.0,0,1
17508.0,8,4579.23,2009-12-07 11:46:00,2011-03-04 08:10:00,451,189,64.0,53.0,0,1
17511.0,50,140446.24,2009-12-02 10:52:00,2011-09-07 11:41:00,644,2,12.591836734693878,13.0,1,0
17512.0,16,4434.7300000000005,2009-12-10 19:35:00,2011-08-10 14:55:00,607,30,40.13333333333333,30.0,1,0
17513.0,2,645.5999999999999,2010-08-17 15:08:00,2010-10-27 11:13:00,70,317,70.0,70.0,1,0
17514.0,2,522.0,2010-02-08 14:00:00,2011-08-03 15:45:00,541,37,541.0,541.0,0,1
17515.0,8,1534.8600000000001,2010-06-07 13:29:00,2011-05-17 14:03:00,344,115,48.714285714285715,47.0,1,0
17516.0,5,788.27,2010-11-26 12:50:00,2011-08-12 14:50:00,259,28,64.5,80.0,1,0
17518.0,2,329.42,2010-03-28 13:31:00,2010-10-10 12:40:00,195,334,195.0,195.0,0,1
17519.0,14,4418.15,2009-12-01 09:57:00,2011-07-29 12:09:00,605,42,46.07692307692308,39.0,1,0
17521.0,3,714.41,2010-10-01 11:49:00,2011-05-24 15:14:00,235,108,117.0,117.0,1,0
17522.0,4,912.2500000000001,2011-05-05 16:31:00,2011-07-24 12:29:00,79,47,26.0,23.0,1,0
17524.0,3,539.14,2010-09-27 16:20:00,2010-12-13 14:32:00,76,270,38.0,38.0,0,1
17525.0,3,1161.8999999999999,2010-10-07 09:12:00,2010-12-15 12:05:00,69,268,34.5,34.5,0,1
17526.0,11,3616.1400000000003,2009-12-17 16:18:00,2011-02-22 09:10:00,431,199,42.7,50.0,1,0
17527.0,2,606.6199999999999,2011-05-05 13:43:00,2011-08-22 10:15:00,108,18,108.0,108.0,1,0
17529.0,2,1240.25,2010-01-11 12:29:00,2010-04-08 17:51:00,87,519,87.0,87.0,0,1
17530.0,8,1789.83,2009-12-06 16:17:00,2011-05-17 16:49:00,527,115,75.0,64.0,1,0
17531.0,3,1266.8200000000002,2010-03-31 12:57:00,2011-06-02 19:17:00,428,99,213.5,213.5,0,1
17534.0,4,1445.47,2010-02-25 16:55:00,2010-09-14 13:32:00,200,360,66.66666666666667,84.0,1,0
17536.0,3,364.83000000000004,2010-01-26 12:00:00,2011-06-15 13:23:00,505,86,252.5,252.5,0,1
17539.0,4,1176.84,2009-12-13 12:36:00,2010-04-01 12:07:00,108,526,35.666666666666664,27.0,0,1
17540.0,5,1280.5000000000005,2010-04-19 09:47:00,2011-01-27 14:35:00,283,225,70.5,75.0,1,0
17542.0,3,340.84999999999997,2010-03-08 12:08:00,2011-03-15 11:45:00,371,178,185.5,185.5,0,1
17544.0,3,944.8200000000002,2010-11-14 14:47:00,2010-11-14 15:08:00,0,299,0.0,0.0,0,1
17545.0,3,767.54,2010-05-11 10:04:00,2010-11-14 15:30:00,187,299,93.5,93.5,1,0
17547.0,2,727.85,2010-02-12 14:34:00,2010-11-29 09:41:00,289,284,289.0,289.0,0,1
17548.0,4,731.26,2010-11-08 16:19:00,2011-04-20 12:01:00,162,142,53.666666666666664,12.0,0,1
17550.0,9,2506.64,2010-02-07 15:07:00,2011-05-26 14:09:00,472,106,58.625,60.5,0,1
17552.0,10,2154.8800000000006,2010-03-22 09:19:00,2010-12-02 18:46:00,255,281,28.22222222222222,28.0,1,0
17553.0,4,3757.6,2010-04-08 09:44:00,2011-08-02 10:00:00,481,38,160.33333333333334,117.0,0,1
17554.0,2,1249.89,2011-07-14 20:01:00,2011-08-09 10:16:00,25,31,25.0,25.0,1,0
17555.0,4,760.88,2010-05-02 16:02:00,2011-01-09 12:31:00,251,243,83.33333333333333,91.0,1,0
17556.0,2,300.67,2010-11-25 17:00:00,2011-05-18 10:48:00,173,114,173.0,173.0,0,1
17560.0,8,1895.8000000000004,2010-02-17 12:11:00,2011-09-06 09:18:00,565,3,80.14285714285714,84.0,0,1
17561.0,3,537.9000000000001,2009-12-06 13:29:00,2010-11-14 12:36:00,342,299,170.5,170.5,1,0
17562.0,4,661.1,2011-06-19 13:06:00,2011-08-22 12:16:00,63,18,20.666666666666668,16.0,1,0
17563.0,2,392.38000000000005,2010-04-07 10:02:00,2010-05-10 14:54:00,33,487,33.0,33.0,0,1
17567.0,7,3432.05,2010-09-24 10:48:00,2011-09-08 10:00:00,348,1,57.666666666666664,62.5,1,0
17571.0,4,764.79,2010-06-15 12:50:00,2011-07-17 12:26:00,396,54,132.0,132.0,1,0
17572.0,9,621.4600000000002,2009-12-15 10:00:00,2011-09-01 10:28:00,625,8,77.625,77.5,1,0
17576.0,36,7413.37,2009-12-03 16:54:00,2011-09-01 16:30:00,636,8,17.771428571428572,18.0,1,0
17577.0,2,348.74999999999994,2010-02-09 10:10:00,2010-03-04 13:01:00,23,554,23.0,23.0,0,1
17578.0,7,1047.33,2010-06-28 11:55:00,2011-05-05 18:38:00,311,127,51.5,10.5,0,1
17579.0,3,575.2400000000001,2010-05-10 14:28:00,2011-07-25 09:50:00,440,46,219.5,219.5,1,0
17580.0,5,541.0200000000001,2010-10-13 14:28:00,2011-04-01 12:41:00,169,161,41.75,45.0,0,1
17581.0,35,13448.220000000001,2009-12-03 12:34:00,2011-08-22 10:09:00,626,18,18.147058823529413,0.0,1,0
17582.0,5,1446.95,2010-03-26 12:23:00,2011-04-17 13:18:00,387,145,96.25,69.0,0,1
17584.0,5,4816.57,2010-01-25 08:17:00,2011-08-04 14:12:00,556,36,138.75,88.0,1,0
17585.0,7,2064.71,2010-08-18 16:39:00,2011-08-22 13:30:00,368,18,61.166666666666664,68.0,0,1
17588.0,7,2939.5499999999997,2010-03-12 12:34:00,2011-08-31 13:37:00,537,9,89.0,79.0,0,1
17589.0,17,13276.84,2010-03-07 13:48:00,2011-07-11 17:07:00,491,60,30.3125,19.5,1,0
17591.0,7,1976.5200000000002,2010-01-17 16:09:00,2011-08-09 12:55:00,568,31,94.16666666666667,55.0,1,0
17593.0,10,7414.120000000001,2009-12-04 14:35:00,2011-09-09 09:52:00,643,0,71.0,56.0,1,0
17594.0,3,1819.7,2010-04-14 08:53:00,2011-03-30 10:32:00,350,163,174.5,174.5,1,0
17596.0,10,3421.85,2009-12-15 13:21:00,2011-07-26 13:46:00,588,45,64.88888888888889,57.0,1,0
17597.0,5,3484.09,2010-05-05 15:33:00,2011-05-10 11:54:00,369,122,91.75,64.5,0,1
17601.0,2,413.08000000000004,2010-11-24 14:29:00,2011-04-14 18:02:00,141,148,141.0,141.0,0,1
17602.0,10,3209.5600000000004,2010-03-30 17:25:00,2011-08-07 15:52:00,494,33,54.44444444444444,23.0,1,0
17603.0,3,1393.66,2009-12-10 09:44:00,2010-04-01 11:51:00,112,526,55.5,55.5,1,0
17604.0,6,942.3800000000001,2010-01-27 12:19:00,2011-05-06 13:43:00,464,126,92.0,94.0,0,1
17608.0,2,296.07,2010-04-11 13:37:00,2010-09-16 16:15:00,158,358,158.0,158.0,1,0
17609.0,8,1313.37,2010-04-09 16:54:00,2011-02-10 17:54:00,307,211,43.42857142857143,25.0,1,0
17610.0,5,1511.94,2009-12-06 16:07:00,2010-06-17 16:34:00,193,449,48.0,36.5,0,1
17611.0,22,7077.56,2009-12-01 13:29:00,2011-08-08 10:51:00,614,32,28.714285714285715,31.0,1,0
17612.0,17,5029.35,2009-12-17 11:59:00,2011-09-05 14:07:00,627,4,38.8125,36.5,1,0
17613.0,9,2976.69,2011-02-07 11:20:00,2011-08-14 12:08:00,188,26,23.0,24.5,1,0
17615.0,6,721.8,2010-08-11 12:54:00,2011-08-01 14:06:00,355,39,70.4,63.0,0,1
17616.0,4,734.3999999999999,2010-09-14 10:43:00,2011-06-19 10:11:00,277,82,92.0,83.0,0,1
17618.0,10,3696.84,2010-01-24 11:03:00,2011-04-05 13:07:00,436,157,48.0,35.0,1,0
17621.0,5,2697.0,2010-10-04 09:37:00,2011-01-31 13:07:00,119,221,29.25,27.5,1,0
17622.0,2,1130.2100000000003,2010-04-20 13:38:00,2010-04-21 12:36:00,0,506,0.0,0.0,0,1
17623.0,6,1838.72,2009-12-14 14:36:00,2010-10-26 14:12:00,315,318,62.8,35.0,1,0
17624.0,3,1125.4499999999998,2009-12-20 12:35:00,2011-05-05 17:59:00,501,127,250.5,250.5,1,0
17625.0,6,5185.63,2009-12-15 11:49:00,2011-07-22 13:53:00,584,49,116.4,117.0,1,0
17629.0,7,1439.78,2010-10-14 13:35:00,2011-08-11 14:16:00,301,29,49.833333333333336,39.0,1,0
17630.0,2,503.59999999999997,2011-04-21 14:03:00,2011-06-23 11:58:00,62,78,62.0,62.0,0,1
17631.0,6,886.6600000000001,2009-12-09 14:15:00,2011-07-25 13:37:00,592,46,118.2,95.0,1,0
17633.0,5,1381.1600000000003,2010-11-15 14:55:00,2011-08-28 15:58:00,286,12,71.25,12.5,1,0
17634.0,7,2077.07,2011-01-06 12:45:00,2011-09-08 12:55:00,245,1,40.333333333333336,35.5,1,0
17635.0,3,1265.58,2010-04-28 10:51:00,2010-10-11 15:12:00,166,333,82.5,82.5,0,1
17638.0,2,842.4,2009-12-18 09:58:00,2010-03-02 14:32:00,74,556,74.0,74.0,0,1
17639.0,6,615.1700000000001,2010-08-13 11:59:00,2011-03-08 15:22:00,207,185,41.0,8.0,0,1
17640.0,5,2547.28,2010-03-23 09:15:00,2010-11-25 14:27:00,247,288,61.5,75.0,1,0
17642.0,5,1824.4899999999998,2009-12-05 16:01:00,2011-08-12 09:11:00,614,28,153.0,152.0,0,1
17643.0,2,439.7,2010-07-22 13:07:00,2010-12-01 14:38:00,132,282,132.0,132.0,0,1
17644.0,16,4758.59,2010-02-16 08:44:00,2011-08-11 14:53:00,541,29,35.6,29.0,1,0
17646.0,12,3898.79,2009-12-16 09:37:00,2011-05-04 13:17:00,504,128,45.36363636363637,43.0,0,1
17647.0,2,198.59999999999997,2010-02-08 14:39:00,2010-02-08 14:40:00,0,578,0.0,0.0,1,0
17648.0,4,1526.26,2010-11-19 16:41:00,2011-05-31 11:22:00,192,101,64.0,57.0,1,0
17649.0,3,1578.8899999999999,2010-08-24 13:01:00,2011-07-24 15:53:00,334,47,166.5,166.5,0,1
17651.0,10,2906.53,2010-07-01 12:17:00,2011-07-07 08:22:00,370,64,40.888888888888886,7.0,1,0
17652.0,6,2713.5699999999997,2011-03-03 14:05:00,2011-07-18 14:04:00,136,53,26.8,24.0,1,0
17653.0,2,343.34,2011-08-11 15:24:00,2011-09-01 12:17:00,20,8,20.0,20.0,1,0
17655.0,7,2240.77,2010-10-19 10:20:00,2011-08-15 11:59:00,300,25,49.333333333333336,47.5,1,0
17656.0,3,927.65,2011-08-03 10:45:00,2011-08-25 13:24:00,22,15,11.0,11.0,1,0
17659.0,11,2240.5600000000004,2010-11-18 14:20:00,2011-08-31 15:13:00,286,9,28.2,14.5,1,0
17660.0,2,342.22,2009-12-02 16:02:00,2011-07-21 13:37:00,595,50,595.0,595.0,0,1
17662.0,2,412.9200000000001,2009-12-17 09:54:00,2010-02-16 09:38:00,60,570,60.0,60.0,0,1
17663.0,14,4389.45,2010-03-04 11:42:00,2011-07-08 11:52:00,491,63,37.38461538461539,36.0,1,0
17664.0,3,887.7800000000002,2010-03-29 17:17:00,2011-05-11 14:17:00,407,121,203.5,203.5,1,0
17666.0,3,1319.6399999999999,2010-06-30 12:03:00,2010-08-19 12:23:00,50,386,24.5,24.5,1,0
17667.0,8,3646.2,2010-02-23 09:57:00,2011-07-01 09:47:00,492,70,69.85714285714286,63.0,1,0
17669.0,8,5168.849999999999,2010-04-01 18:48:00,2011-08-09 13:48:00,494,31,70.0,47.0,1,0
17671.0,4,1535.0000000000002,2010-11-29 11:53:00,2011-07-05 12:03:00,218,66,72.33333333333333,53.0,1,0
17672.0,6,3778.3,2010-01-26 17:20:00,2011-02-03 13:29:00,372,218,74.0,40.0,1,0
17673.0,11,3754.5299999999997,2010-03-19 14:02:00,2011-06-30 14:38:00,468,71,46.4,47.0,1,0
17675.0,62,31342.39,2009-12-10 16:10:00,2011-08-30 15:42:00,627,10,9.868852459016393,10.0,1,0
17676.0,8,1808.3,2010-03-30 10:49:00,2011-08-22 14:23:00,510,18,72.42857142857143,50.0,1,0
17677.0,44,30379.58,2009-12-16 11:23:00,2011-08-31 15:08:00,623,9,14.209302325581396,13.0,1,0
17678.0,2,599.7600000000001,2010-04-15 13:54:00,2011-03-21 11:52:00,339,172,339.0,339.0,0,1
17679.0,5,1585.5,2009-12-03 17:32:00,2010-07-06 09:39:00,214,430,53.25,51.0,1,0
17680.0,2,313.05,2010-07-16 16:07:00,2010-11-21 13:31:00,127,292,127.0,127.0,1,0
17681.0,5,731.2,2010-01-15 11:53:00,2010-04-21 17:22:00,96,506,23.75,20.5,0,1
17682.0,10,3490.3,2010-03-08 09:49:00,2011-08-16 15:22:00,526,24,58.111111111111114,53.0,1,0
17683.0,3,819.01,2010-06-03 17:15:00,2010-11-19 10:11:00,168,294,83.5,83.5,0,1
17685.0,10,3811.8399999999992,2010-02-11 13:44:00,2011-03-18 10:16:00,399,175,44.0,31.0,1,0
17686.0,7,7146.7,2010-06-24 09:49:00,2011-08-11 11:44:00,413,29,68.5,90.5,1,0
17689.0,2,317.08000000000004,2010-08-22 13:54:00,2010-11-16 13:22:00,85,297,85.0,85.0,0,1
17690.0,16,5732.530000000001,2010-02-03 14:26:00,2011-08-30 09:36:00,572,10,37.666666666666664,17.0,1,0
17691.0,4,637.5500000000001,2010-06-11 11:50:00,2010-12-16 17:20:00,188,267,62.333333333333336,30.0,0,1
17692.0,12,2975.8,2010-06-17 11:14:00,2011-08-04 14:01:00,413,36,37.0,34.0,0,1
17694.0,3,1695.97,2010-05-26 08:27:00,2011-07-21 12:00:00,421,50,210.5,210.5,0,1
17695.0,5,1746.0400000000002,2010-01-28 09:27:00,2011-07-31 10:40:00,549,40,136.75,143.0,0,1
17696.0,26,7309.47,2009-12-10 17:09:00,2011-08-23 13:59:00,620,17,24.36,19.0,1,0
17699.0,2,442.0,2010-05-27 11:53:00,2010-08-20 09:39:00,84,385,84.0,84.0,0,1
17700.0,13,5827.16,2009-12-01 11:37:00,2011-09-06 09:34:00,643,3,53.25,48.5,1,0
17702.0,5,2658.44,2010-11-04 12:09:00,2011-08-23 09:38:00,291,17,72.5,48.0,1,0
17703.0,3,787.06,2010-10-17 16:16:00,2011-08-22 15:05:00,308,18,154.0,154.0,1,0
17704.0,2,885.1899999999999,2011-04-14 09:28:00,2011-06-24 09:40:00,71,77,71.0,71.0,0,1
17705.0,8,1228.3799999999999,2010-05-12 09:47:00,2011-08-25 09:53:00,470,15,66.57142857142857,46.0,1,0
17706.0,26,17795.16,2010-01-19 12:13:00,2011-08-31 13:23:00,589,9,23.16,11.0,1,0
17707.0,8,609.3000000000001,2009-12-07 12:19:00,2011-06-07 15:03:00,547,94,77.71428571428571,84.0,0,1
17708.0,4,884.1800000000001,2010-10-12 12:13:00,2011-06-05 10:12:00,235,96,78.33333333333333,78.0,0,1
17709.0,5,671.01,2010-04-15 14:48:00,2011-06-23 11:55:00,433,78,107.75,60.0,0,1
17713.0,4,1198.09,2010-06-09 09:33:00,2010-11-22 16:50:00,166,291,55.333333333333336,61.0,0,1
17714.0,5,1410.1800000000003,2010-07-14 10:41:00,2011-01-23 10:32:00,192,229,48.0,37.0,0,1
17715.0,2,489.59999999999997,2010-04-26 12:17:00,2011-05-23 12:32:00,392,109,392.0,392.0,0,1
17716.0,20,14437.64,2009-12-02 17:18:00,2011-09-06 12:02:00,642,3,33.421052631578945,24.0,1,0
17718.0,2,439.18,2010-03-05 08:01:00,2011-04-21 13:39:00,412,141,412.0,412.0,0,1
17719.0,12,4477.400000000001,2011-03-29 11:29:00,2011-08-25 14:21:00,149,15,12.909090909090908,10.0,1,0
17720.0,9,2358.5699999999993,2010-05-10 09:58:00,2011-08-18 16:32:00,465,22,57.75,41.0,1,0
17722.0,5,3520.2200000000003,2010-11-29 09:44:00,2011-09-04 15:22:00,279,5,69.5,67.0,0,1
17723.0,7,3378.4,2010-11-29 10:35:00,2011-08-04 18:37:00,248,36,41.0,17.5,0,1
17725.0,8,2507.12,2011-03-17 19:47:00,2011-08-31 10:06:00,166,9,23.142857142857142,23.0,1,0
17726.0,7,1092.06,2010-01-26 14:58:00,2010-11-09 13:37:00,286,304,47.5,31.5,0,1
17728.0,2,1362.75,2010-09-12 14:58:00,2010-10-31 15:50:00,49,313,49.0,49.0,1,0
17730.0,15,5531.09,2010-04-29 11:48:00,2011-08-25 17:21:00,483,15,34.142857142857146,33.5,1,0
17731.0,5,1432.6200000000001,2010-02-09 12:37:00,2011-08-03 13:39:00,540,37,134.75,50.5,1,0
17732.0,8,2166.4199999999996,2010-08-09 08:41:00,2010-12-02 09:29:00,115,281,16.142857142857142,14.0,0,1
17734.0,5,1281.9,2010-03-07 13:55:00,2011-07-26 09:20:00,505,45,125.75,88.5,1,0
17735.0,23,14771.550000000001,2010-07-30 13:25:00,2011-09-07 10:38:00,403,2,17.727272727272727,16.0,1,0
17738.0,12,3876.0000000000005,2010-03-19 10:07:00,2011-07-14 09:23:00,481,57,43.54545454545455,21.0,1,0
17739.0,14,6010.01,2009-12-07 10:48:00,2011-05-27 09:15:00,535,105,40.92307692307692,35.0,1,0
17740.0,6,426.90000000000003,2010-01-11 13:11:00,2010-11-15 16:33:00,308,298,61.2,50.0,0,1
17741.0,2,101.1,2010-05-28 12:11:00,2010-10-29 11:59:00,153,315,153.0,153.0,0,1
17742.0,11,2098.48,2009-12-01 13:16:00,2011-08-18 15:28:00,625,22,62.0,45.0,0,1
17744.0,5,1615.7,2010-11-24 09:34:00,2011-04-03 12:46:00,130,159,32.25,25.0,1,0
17745.0,2,600.34,2010-06-02 09:03:00,2010-08-19 12:30:00,78,386,78.0,78.0,0,1
17746.0,4,904.1800000000001,2010-04-08 12:54:00,2011-04-13 14:31:00,370,149,123.33333333333333,139.0,0,1
17749.0,3,1026.1799999999998,2010-06-11 14:56:00,2011-06-14 15:45:00,368,87,183.5,183.5,0,1
17750.0,5,1204.5,2011-06-28 15:44:00,2011-09-01 17:09:00,65,8,15.75,15.0,1,0
17753.0,4,382.06,2010-01-06 14:20:00,2010-09-01 15:49:00,238,373,79.0,15.0,0,1
17754.0,10,3361.63,2009-12-11 15:52:00,2011-07-20 15:56:00,586,51,64.77777777777777,56.0,1,0
17756.0,3,728.7499999999999,2010-11-10 12:54:00,2010-11-29 12:20:00,18,284,8.5,8.5,0,1
17757.0,46,6789.21,2010-01-13 15:56:00,2011-08-17 13:04:00,580,23,12.422222222222222,11.0,1,0
17758.0,8,2989.08,2010-05-20 13:18:00,2011-07-10 15:12:00,416,61,59.0,41.0,1,0
17759.0,4,609.07,2010-05-05 11:40:00,2011-06-23 13:41:00,414,78,137.66666666666666,190.0,1,0
17760.0,5,631.3399999999999,2010-02-28 12:15:00,2010-12-01 15:08:00,276,282,68.75,32.0,1,0
17763.0,4,86.14999999999999,2010-02-18 14:32:00,2011-03-21 14:25:00,395,172,131.66666666666666,5.0,0,1
17764.0,4,971.69,2009-12-03 14:28:00,2011-05-12 16:11:00,525,120,174.66666666666666,190.0,1,0
17765.0,4,524.0000000000001,2010-09-17 12:45:00,2011-07-04 12:41:00,289,67,96.33333333333333,52.0,0,1
17766.0,2,299.61,2010-11-23 14:17:00,2010-11-23 14:29:00,0,290,0.0,0.0,0,1
17768.0,5,1596.6599999999999,2009-12-02 12:26:00,2011-06-26 13:46:00,571,75,142.5,139.0,1,0
17769.0,11,4913.83,2010-01-19 11:33:00,2011-07-24 11:06:00,550,47,54.4,41.5,1,0
17770.0,5,1143.2699999999998,2011-03-02 13:35:00,2011-05-25 12:34:00,83,107,20.5,9.5,0,1
17771.0,3,257.3999999999999,2010-04-29 13:21:00,2011-01-20 14:13:00,266,232,132.5,132.5,1,0
17773.0,2,575.3699999999999,2010-01-18 14:32:00,2010-07-13 14:07:00,175,423,175.0,175.0,0,1
17774.0,9,3273.83,2010-02-08 16:06:00,2011-09-04 12:49:00,572,5,71.0,64.5,0,1
17776.0,2,330.56000000000006,2009-12-16 14:59:00,2010-11-18 12:14:00,336,295,336.0,336.0,0,1
17780.0,3,346.56,2010-01-24 11:21:00,2010-02-10 13:43:00,17,576,8.5,8.5,0,1
17781.0,2,188.01999999999998,2011-03-31 19:54:00,2011-07-03 16:00:00,93,68,93.0,93.0,0,1
17782.0,2,679.02,2010-11-22 10:03:00,2010-11-22 11:15:00,0,291,0.0,0.0,0,1
17783.0,2,205.9,2010-07-15 12:50:00,2011-04-06 10:07:00,264,156,264.0,264.0,1,0
17785.0,2,271.44000000000005,2010-05-23 13:01:00,2010-09-20 14:14:00,120,354,120.0,120.0,1,0
17787.0,4,1817.54,2010-12-03 13:43:00,2011-07-10 11:24:00,218,61,72.0,47.0,0,1
17789.0,2,397.15,2010-02-16 13:16:00,2011-03-03 13:14:00,379,190,379.0,379.0,0,1
17790.0,18,2178.620000000001,2010-06-13 13:30:00,2011-08-11 14:54:00,424,29,24.470588235294116,17.0,1,0
17792.0,2,368.35,2010-08-18 13:08:00,2010-08-29 14:30:00,11,376,11.0,11.0,0,1
17794.0,2,147.3,2010-01-20 12:17:00,2010-01-22 10:18:00,1,595,1.0,1.0,0,1
17795.0,2,342.82999999999987,2011-03-20 12:02:00,2011-06-13 12:36:00,85,88,85.0,85.0,0,1
17796.0,6,1160.4900000000002,2010-10-14 13:37:00,2011-01-30 12:42:00,107,222,21.2,21.0,1,0
17797.0,6,1463.85,2009-12-15 14:30:00,2011-06-10 11:29:00,541,91,107.8,57.0,1,0
17799.0,19,5722.75,2009-12-13 16:03:00,2011-09-01 14:42:00,626,8,34.333333333333336,37.5,1,0
17800.0,7,904.8,2011-01-09 13:50:00,2011-09-09 13:19:00,242,0,40.0,48.5,1,0
17801.0,3,770.0300000000001,2010-01-17 11:31:00,2010-09-14 14:32:00,240,360,120.0,120.0,0,1
17802.0,9,4293.6,2009-12-13 13:39:00,2011-06-12 14:57:00,546,89,68.0,55.5,1,0
17804.0,3,383.78,2009-12-01 12:22:00,2010-11-28 14:01:00,362,285,181.0,181.0,0,1
17807.0,3,437.86999999999995,2010-01-04 14:00:00,2010-11-09 16:21:00,309,304,154.5,154.5,0,1
17808.0,4,262.64,2010-05-07 16:26:00,2010-06-09 10:44:00,32,457,10.0,8.0,0,1
17809.0,16,7530.6900000000005,2009-12-02 14:52:00,2011-08-02 15:40:00,608,38,40.13333333333333,43.0,1,0
17810.0,2,373.16,2010-01-25 10:26:00,2010-02-09 10:47:00,15,577,15.0,15.0,0,1
17811.0,32,6592.29,2010-09-20 11:24:00,2011-09-08 13:53:00,353,1,10.806451612903226,7.0,1,0
17812.0,4,405.47999999999996,2010-06-27 13:34:00,2010-12-06 15:27:00,162,277,53.333333333333336,50.0,1,0
17814.0,2,1609.3700000000001,2010-10-13 14:03:00,2010-11-29 14:21:00,47,284,47.0,47.0,0,1
17816.0,4,80.86,2009-12-15 15:27:00,2011-03-15 14:20:00,454,178,151.33333333333334,96.0,1,0
17817.0,5,670.1700000000001,2010-10-13 15:07:00,2011-03-07 17:42:00,145,186,36.0,21.5,1,0
17819.0,11,5784.649999999999,2009-12-13 15:24:00,2011-06-10 10:59:00,543,91,53.9,60.5,1,0
17822.0,5,2162.9300000000003,2010-05-28 12:15:00,2010-10-15 13:47:00,140,329,35.0,0.0,0,1
17823.0,2,449.25,2010-10-14 16:14:00,2010-10-14 16:24:00,0,330,0.0,0.0,0,1
17825.0,4,701.9599999999999,2009-12-14 12:09:00,2010-04-20 12:01:00,126,507,42.0,0.0,0,1
17827.0,5,1969.31,2010-03-28 12:20:00,2011-04-11 16:56:00,379,151,94.5,61.0,1,0
17828.0,3,1076.6600000000003,2011-06-08 08:31:00,2011-08-22 09:03:00,75,18,37.5,37.5,1,0
17829.0,5,4756.74,2010-02-22 15:39:00,2011-02-14 12:46:00,356,207,88.75,81.0,0,1
17830.0,2,287.65,2011-02-24 10:15:00,2011-03-23 11:44:00,27,170,27.0,27.0,1,0
17834.0,2,689.6700000000001,2010-09-20 15:32:00,2010-10-21 12:09:00,30,323,30.0,30.0,0,1
17837.0,3,376.51,2011-06-29 16:44:00,2011-07-14 18:44:00,15,57,7.5,7.5,1,0
17838.0,11,4538.84,2010-03-19 09:53:00,2011-02-20 13:52:00,338,201,33.3,23.0,1,0
17841.0,168,51353.0,2009-12-02 15:41:00,2011-09-09 10:12:00,645,0,3.407185628742515,3.0,1,0
17843.0,2,320.4,2010-10-24 10:56:00,2011-02-09 15:33:00,108,212,108.0,108.0,0,1
17845.0,4,596.09,2010-05-12 13:04:00,2010-06-02 15:20:00,21,464,7.0,0.0,0,1
17847.0,2,129.69,2010-03-04 12:57:00,2010-07-12 10:00:00,129,424,129.0,129.0,0,1
17848.0,29,3479.5099999999998,2009-12-06 13:19:00,2011-08-03 15:14:00,605,37,21.071428571428573,14.0,1,0
17849.0,8,1063.76,2010-03-14 15:17:00,2011-05-05 13:46:00,416,127,59.285714285714285,45.0,0,1
17850.0,155,51208.87000000001,2009-12-05 12:28:00,2010-12-02 15:27:00,362,281,2.25974025974026,0.0,0,1
17851.0,6,1552.35,2009-12-03 17:46:00,2010-10-13 15:13:00,313,331,62.2,26.0,0,1
17852.0,3,543.47,2009-12-08 12:51:00,2010-11-16 12:19:00,342,297,171.0,171.0,1,0
17853.0,3,1596.2900000000002,2009-12-03 15:09:00,2010-10-28 15:29:00,329,316,164.0,164.0,0,1
17854.0,6,1068.5,2009-12-08 11:13:00,2011-06-07 16:21:00,546,94,108.8,51.0,0,1
17856.0,3,1142.63,2011-03-03 11:40:00,2011-04-20 13:13:00,48,142,23.5,23.5,1,0
17857.0,15,14722.52,2010-03-08 12:09:00,2011-09-02 11:59:00,542,7,38.214285714285715,15.5,1,0
17858.0,27,11019.240000000002,2009-12-06 15:41:00,2011-08-15 14:51:00,616,25,23.307692307692307,13.5,1,0
17860.0,4,717.3900000000001,2009-12-11 16:48:00,2010-12-06 12:41:00,359,277,119.33333333333333,59.0,0,1
17861.0,15,4289.9,2009-12-10 11:27:00,2011-07-26 16:55:00,593,45,41.92857142857143,40.0,1,0
17862.0,4,1254.8899999999999,2010-05-25 17:22:00,2011-01-20 12:23:00,239,232,79.66666666666667,62.0,0,1
17863.0,10,3985.76,2010-02-25 12:01:00,2011-07-17 13:48:00,507,54,55.888888888888886,56.0,1,0
17864.0,3,522.57,2010-10-08 11:49:00,2011-03-09 11:44:00,151,184,75.5,75.5,1,0
17865.0,38,22803.21,2009-12-01 10:49:00,2011-08-24 12:32:00,631,16,16.72972972972973,11.0,1,0
17866.0,3,1134.9499999999998,2009-12-14 16:01:00,2011-07-20 11:07:00,582,51,290.5,290.5,0,1
17867.0,13,1381.66,2009-12-02 13:39:00,2011-07-19 12:42:00,593,52,49.083333333333336,52.5,1,0
17869.0,7,813.64,2010-06-10 13:47:00,2011-08-24 16:16:00,440,16,73.0,89.0,0,1
17870.0,8,1632.7699999999998,2010-11-23 11:39:00,2011-09-09 10:37:00,289,0,41.0,11.0,1,0
17871.0,5,1068.9499999999998,2010-01-15 14:48:00,2011-05-19 11:32:00,488,113,121.75,140.5,0,1
17873.0,17,5993.290000000001,2009-12-16 15:11:00,2011-06-08 14:51:00,538,93,33.375,38.0,1,0
17874.0,6,683.4600000000002,2011-03-29 11:25:00,2011-06-07 12:54:00,70,94,13.8,0.0,0,1
17876.0,3,3424.02,2010-02-02 13:00:00,2010-11-05 10:52:00,275,308,137.5,137.5,0,1
17878.0,2,999.48,2010-11-09 13:50:00,2010-11-09 13:52:00,0,304,0.0,0.0,1,0
17880.0,3,824.9200000000002,2009-12-09 16:13:00,2010-12-10 10:21:00,365,273,182.0,182.0,0,1
17882.0,2,291.56,2010-11-25 14:35:00,2010-11-25 14:40:00,0,288,0.0,0.0,0,1
17883.0,4,443.43,2010-02-25 20:07:00,2011-04-07 19:16:00,405,155,135.0,112.0,1,0
17884.0,19,2593.94,2009-12-04 16:23:00,2011-02-01 11:08:00,423,220,23.055555555555557,13.5,1,0
17886.0,5,1080.98,2010-04-29 11:10:00,2011-05-13 10:22:00,378,119,94.0,78.5,1,0
17888.0,21,1388.44,2009-12-21 16:34:00,2011-07-01 13:17:00,556,70,27.3,19.0,1,0
17889.0,7,746.4200000000001,2010-03-31 10:54:00,2011-05-11 16:26:00,406,121,67.33333333333333,33.0,0,1
17890.0,2,586.8900000000001,2010-12-13 15:12:00,2011-01-21 11:19:00,38,231,38.0,38.0,0,1
17894.0,17,2181.5200000000004,2010-08-27 14:13:00,2011-09-04 14:36:00,373,5,22.75,6.5,1,0
17897.0,9,2099.89,2010-05-12 16:03:00,2011-06-20 11:23:00,403,81,50.0,16.5,0,1
17898.0,3,246.96,2010-05-21 17:22:00,2011-05-16 17:13:00,359,116,179.5,179.5,1,0
17900.0,2,112.19999999999999,2011-06-02 14:28:00,2011-06-02 14:38:00,0,99,0.0,0.0,0,1
17901.0,2,149.7,2010-07-06 10:54:00,2010-07-06 11:05:00,0,430,0.0,0.0,1,0
17905.0,12,1997.62,2010-01-28 17:54:00,2011-07-06 10:47:00,523,65,47.09090909090909,28.0,1,0
17908.0,5,1142.4699999999998,2009-12-14 12:24:00,2010-12-01 11:45:00,351,282,87.5,85.0,0,1
17912.0,6,374.55,2010-11-29 13:53:00,2011-02-02 14:25:00,65,219,12.6,4.0,0,1
17913.0,13,3238.69,2009-12-03 13:02:00,2010-12-19 11:35:00,380,264,31.333333333333332,30.5,1,0
17916.0,2,43.870000000000005,2009-12-06 14:10:00,2010-03-21 12:26:00,104,537,104.0,104.0,0,1
17917.0,2,226.70999999999998,2010-12-12 12:08:00,2011-03-28 16:37:00,106,165,106.0,106.0,1,0
17918.0,3,396.39,2010-07-22 14:20:00,2010-07-27 11:51:00,4,409,2.0,2.0,0,1
17920.0,46,21791.08,2009-12-06 10:37:00,2011-08-26 13:56:00,628,14,13.511111111111111,5.0,1,0
17921.0,9,2169.6,2010-07-15 20:05:00,2011-07-14 18:56:00,363,57,44.875,25.5,1,0
17923.0,3,497.0,2010-06-13 13:58:00,2011-03-02 15:15:00,262,191,130.5,130.5,0,1
17924.0,3,797.4000000000001,2010-10-21 12:17:00,2011-02-11 11:38:00,112,210,56.0,56.0,1,0
17926.0,5,1035.4900000000002,2010-05-09 14:07:00,2011-07-29 14:39:00,446,42,111.0,92.0,0,1
17928.0,2,206.95999999999998,2010-05-17 15:30:00,2011-04-07 18:03:00,325,155,325.0,325.0,1,0
17929.0,11,2946.1,2009-12-09 11:40:00,2011-08-19 08:57:00,617,21,61.4,58.0,1,0
17930.0,10,3228.8800000000006,2010-03-04 10:41:00,2011-06-30 18:44:00,483,71,53.22222222222222,57.0,1,0
17931.0,14,3402.24,2010-02-16 15:47:00,2011-07-28 18:33:00,527,43,40.07692307692308,18.0,0,1
17932.0,2,934.51,2011-05-12 13:58:00,2011-06-19 10:39:00,37,82,37.0,37.0,1,0
17935.0,7,686.1400000000001,2009-12-04 14:33:00,2011-07-24 13:18:00,596,47,99.0,64.5,0,1
17937.0,5,3614.52,2010-12-12 14:43:00,2011-08-17 12:10:00,247,23,61.75,51.5,1,0
17940.0,15,30114.79,2009-12-03 12:31:00,2011-08-23 13:30:00,628,17,44.42857142857143,31.0,1,0
17941.0,4,1433.2800000000002,2010-01-06 15:37:00,2011-08-01 08:30:00,571,39,190.0,68.0,0,1
17945.0,3,360.34999999999997,2010-01-12 11:33:00,2010-01-12 11:40:00,0,605,0.0,0.0,0,1
17946.0,2,149.58,2011-03-25 14:34:00,2011-04-20 17:00:00,26,142,26.0,26.0,0,1
17949.0,106,107012.80000000002,2009-12-02 11:07:00,2011-09-07 14:30:00,644,2,5.819047619047619,2.0,1,0
17950.0,6,947.2600000000001,2010-01-04 17:39:00,2010-12-09 15:20:00,338,274,67.4,54.0,1,0
17951.0,3,741.5400000000002,2010-10-31 15:15:00,2010-12-16 12:55:00,45,267,22.5,22.5,1,0
17952.0,4,788.46,2010-06-16 11:54:00,2010-11-26 13:54:00,163,287,54.333333333333336,0.0,0,1
17954.0,17,3375.46,2009-12-09 13:22:00,2011-08-08 13:46:00,607,32,37.5,35.0,1,0
17955.0,6,949.8999999999999,2010-02-12 16:27:00,2011-05-25 12:00:00,466,107,93.0,9.0,0,1
17958.0,2,973.88,2009-12-11 15:37:00,2011-08-15 12:19:00,611,25,611.0,611.0,0,1
17960.0,3,135.07999999999998,2010-03-08 12:22:00,2011-06-21 14:15:00,470,80,234.5,234.5,0,1
17961.0,92,2749.92,2009-12-01 14:48:00,2011-08-08 12:15:00,614,32,6.318681318681318,5.0,1,0
17962.0,4,666.96,2010-01-13 15:24:00,2011-07-20 14:16:00,552,51,184.0,146.0,0,1
17963.0,4,643.1600000000002,2010-01-19 17:25:00,2010-08-25 15:58:00,217,380,72.0,41.0,0,1
17965.0,27,6658.87,2009-12-14 13:19:00,2011-09-09 10:54:00,633,0,23.884615384615383,19.0,1,0
17966.0,9,1459.9199999999998,2010-01-18 13:24:00,2011-07-11 15:28:00,539,60,67.125,32.0,1,0
17967.0,2,223.42,2010-10-19 13:19:00,2010-12-03 11:19:00,44,280,44.0,44.0,0,1
17968.0,4,590.4399999999999,2010-07-15 15:01:00,2010-12-01 12:23:00,138,282,46.0,15.0,0,1
17969.0,20,2354.29,2009-12-06 13:53:00,2011-06-26 13:00:00,566,75,29.31578947368421,13.0,0,1
17974.0,4,1199.1700000000003,2010-10-28 20:03:00,2011-05-04 11:50:00,187,128,62.0,13.0,1,0
17975.0,22,6163.52,2010-08-06 11:24:00,2011-08-17 10:59:00,375,23,17.285714285714285,14.0,1,0
17978.0,4,1159.99,2009-12-08 13:27:00,2010-12-09 14:05:00,366,274,121.66666666666667,56.0,0,1
17979.0,3,494.53999999999996,2011-03-25 11:34:00,2011-06-24 10:44:00,90,77,45.0,45.0,1,0
17980.0,4,1012.7200000000001,2010-11-11 14:42:00,2011-06-27 12:01:00,227,74,75.33333333333333,38.0,0,1
17984.0,5,1152.19,2009-12-01 11:51:00,2011-07-17 15:59:00,593,54,147.75,170.5,0,1
17987.0,5,965.44,2010-06-07 11:23:00,2011-06-07 14:22:00,365,94,91.0,81.5,0,1
17988.0,12,434.42,2009-12-07 13:35:00,2011-08-14 15:56:00,615,26,55.54545454545455,8.0,1,0
17990.0,6,1527.61,2009-12-07 15:19:00,2011-04-17 11:44:00,495,145,98.6,116.0,0,1
17991.0,3,300.29999999999995,2010-04-27 12:46:00,2011-04-28 15:58:00,366,134,182.5,182.5,0,1
17994.0,11,2270.0299999999997,2010-03-29 10:37:00,2011-08-10 11:41:00,499,30,49.5,38.5,0,1
17995.0,3,495.48,2010-11-17 17:01:00,2011-03-03 12:30:00,105,190,52.0,52.0,0,1
17996.0,3,482.33,2010-06-11 11:48:00,2010-11-25 11:00:00,166,288,83.0,83.0,0,1
17997.0,6,1711.75,2011-06-28 17:28:00,2011-09-08 15:16:00,71,1,13.6,7.0,1,0
17998.0,3,639.24,2009-12-01 13:07:00,2010-11-24 15:31:00,358,289,178.5,178.5,0,1
17999.0,2,338.41,2010-11-26 13:16:00,2010-12-08 15:17:00,12,275,12.0,12.0,1,0
18001.0,4,509.01000000000005,2009-12-02 15:38:00,2010-09-16 11:37:00,287,358,95.33333333333333,96.0,1,0
18002.0,4,244.37,2009-12-08 11:07:00,2010-11-29 10:57:00,355,284,118.0,112.0,0,1
18006.0,3,524.8299999999999,2009-12-17 12:27:00,2010-11-23 10:22:00,340,290,170.0,170.0,1,0
18008.0,21,19708.300000000003,2010-01-06 12:35:00,2011-05-20 16:56:00,499,112,24.45,19.0,1,0
18009.0,8,2144.23,2010-02-25 11:49:00,2011-04-18 13:36:00,417,144,59.142857142857146,25.0,0,1
18011.0,2,410.7900000000001,2010-05-21 13:28:00,2010-12-01 17:35:00,194,282,194.0,194.0,0,1
18013.0,2,187.29,2011-07-07 14:08:00,2011-07-07 14:11:00,0,64,0.0,0.0,0,1
18016.0,5,959.76,2010-01-27 16:00:00,2011-06-06 13:31:00,494,95,123.0,88.0,1,0
18017.0,3,509.0,2010-10-04 15:11:00,2011-06-23 15:48:00,262,78,130.5,130.5,1,0
18018.0,4,297.99,2010-10-15 11:05:00,2011-08-23 17:37:00,312,17,103.66666666666667,91.0,0,1
18021.0,2,216.41,2010-07-15 18:47:00,2010-07-18 10:52:00,2,418,2.0,2.0,0,1
18022.0,4,894.53,2010-06-11 13:59:00,2010-11-19 13:16:00,160,294,53.0,20.0,1,0
18024.0,2,389.78,2011-07-10 12:28:00,2011-07-10 12:40:00,0,61,0.0,0.0,0,1
18025.0,6,1177.7199999999998,2010-03-30 17:33:00,2010-11-25 12:37:00,239,288,47.4,14.0,0,1
18026.0,2,2074.0699999999997,2010-07-22 16:21:00,2010-07-27 10:37:00,4,409,4.0,4.0,0,1
18035.0,2,546.3399999999999,2010-11-19 13:42:00,2010-11-19 13:46:00,0,294,0.0,0.0,1,0
18036.0,10,1396.06,2009-12-18 12:04:00,2011-08-26 12:55:00,616,14,68.11111111111111,46.0,1,0
18037.0,15,167.41999999999996,2009-12-01 13:48:00,2011-07-08 13:39:00,583,63,41.214285714285715,35.0,0,1
18039.0,4,548.22,2010-03-09 11:19:00,2010-11-30 13:07:00,266,283,88.33333333333333,68.0,0,1
18041.0,33,6919.51,2010-01-14 10:04:00,2011-08-28 12:28:00,591,12,17.96875,14.0,1,0
18043.0,2,421.59000000000003,2010-12-08 12:35:00,2011-05-17 12:40:00,160,115,160.0,160.0,1,0
18044.0,15,2522.54,2010-05-28 15:31:00,2011-06-26 13:31:00,393,75,27.5,22.0,1,0
18047.0,2,326.09,2010-11-23 12:57:00,2010-11-23 13:11:00,0,290,0.0,0.0,0,1
18048.0,3,394.93,2010-08-03 13:03:00,2011-05-20 14:58:00,290,112,145.0,145.0,0,1
18049.0,2,500.92,2010-04-28 13:24:00,2010-09-28 14:26:00,153,346,153.0,153.0,0,1
18050.0,2,412.05999999999995,2010-11-11 15:51:00,2010-12-15 14:25:00,33,268,33.0,33.0,0,1
18051.0,7,2282.2799999999997,2009-12-09 12:17:00,2010-03-15 13:58:00,96,543,15.5,15.0,0,1
18053.0,2,271.05,2010-06-30 12:36:00,2010-07-02 11:42:00,1,434,1.0,1.0,1,0
18055.0,11,7054.16,2010-10-22 13:27:00,2011-08-03 12:55:00,284,37,27.9,15.5,1,0
18056.0,2,554.6,2010-03-31 12:29:00,2011-02-24 14:27:00,330,197,330.0,330.0,0,1
18057.0,3,1188.46,2010-01-18 12:42:00,2010-11-11 16:55:00,297,302,148.5,148.5,0,1
18058.0,2,603.9000000000001,2010-02-10 09:38:00,2010-06-16 13:45:00,126,450,126.0,126.0,1,0
18060.0,2,1185.46,2010-05-24 08:34:00,2010-10-27 16:41:00,156,317,156.0,156.0,0,1
18061.0,26,5757.910000000001,2009-12-04 11:36:00,2011-08-24 08:49:00,627,16,24.6,23.0,1,0
18062.0,6,1632.67,2010-04-21 08:55:00,2011-06-19 14:47:00,424,82,84.2,48.0,0,1
18063.0,2,186.60000000000002,2010-03-16 13:05:00,2010-11-14 10:46:00,242,299,242.0,242.0,0,1
18064.0,11,4481.83,2010-02-01 15:01:00,2011-07-29 16:39:00,543,42,53.9,35.5,0,1
18065.0,23,4885.950000000001,2009-12-09 16:00:00,2011-06-09 12:27:00,546,92,24.636363636363637,19.5,1,0
18066.0,2,1122.3999999999999,2010-10-20 11:42:00,2010-11-18 10:08:00,28,295,28.0,28.0,1,0
18069.0,9,3434.0,2010-02-28 16:14:00,2011-06-12 15:14:00,468,89,58.125,54.5,1,0
18071.0,6,1169.68,2009-12-05 10:31:00,2011-03-27 11:59:00,477,166,95.2,106.0,0,1
18073.0,12,3859.82,2011-05-26 19:38:00,2011-08-17 14:02:00,82,23,7.181818181818182,9.0,0,1
18074.0,2,1019.4400000000002,2010-07-22 10:31:00,2010-12-01 09:53:00,131,282,131.0,131.0,0,1
18075.0,18,5129.29,2010-07-29 11:47:00,2011-08-25 15:10:00,392,15,22.529411764705884,14.0,1,0
18077.0,14,3116.7200000000003,2009-12-07 11:40:00,2011-08-28 12:29:00,629,12,47.84615384615385,36.0,1,0
18078.0,4,725.5300000000001,2010-03-21 15:50:00,2011-05-06 14:32:00,410,126,136.33333333333334,165.0,0,1
18079.0,3,2796.96,2010-08-05 12:19:00,2011-08-05 11:00:00,364,35,181.5,181.5,1,0
18081.0,2,208.05,2011-07-29 11:56:00,2011-08-19 12:23:00,21,21,21.0,21.0,1,0
18084.0,2,704.7500000000001,2010-11-16 08:09:00,2010-11-21 15:47:00,5,292,5.0,5.0,1,0
18085.0,4,1341.8500000000004,2010-03-21 11:57:00,2011-01-13 15:17:00,298,239,99.0,43.0,0,1
18087.0,17,14761.52,2009-12-01 09:43:00,2011-09-02 15:12:00,640,7,39.5625,25.0,0,1
18092.0,15,11476.94,2009-12-04 12:37:00,2011-08-12 12:37:00,616,28,43.42857142857143,38.5,1,0
18093.0,8,4452.710000000001,2010-03-31 10:27:00,2011-09-07 15:43:00,525,2,74.57142857142857,27.0,0,1
18094.0,11,5776.5199999999995,2010-01-07 11:16:00,2011-07-26 14:42:00,565,45,56.1,36.0,1,0
18095.0,5,2303.09,2010-04-19 14:09:00,2011-01-31 12:50:00,286,221,71.25,57.0,0,1
18096.0,3,808.81,2010-07-14 14:30:00,2010-09-23 13:54:00,70,351,35.0,35.0,1,0
18097.0,10,3951.72,2009-12-17 11:06:00,2011-08-05 10:32:00,595,35,65.77777777777777,35.0,1,0
18101.0,4,509.8400000000001,2010-02-03 13:52:00,2011-07-19 13:05:00,530,52,176.33333333333334,230.0,1,0
18102.0,112,456780.49,2009-12-01 09:24:00,2011-09-02 11:53:00,640,7,5.4774774774774775,0.0,1,0
18106.0,6,1441.06,2010-01-15 11:36:00,2011-01-14 12:23:00,364,238,72.6,44.0,0,1
18108.0,3,848.8100000000002,2009-12-02 12:47:00,2011-03-30 13:56:00,483,163,241.0,241.0,0,1
18109.0,30,6377.66,2010-07-01 12:13:00,2011-09-09 13:58:00,435,0,14.413793103448276,9.0,1,0
18112.0,3,617.3100000000001,2010-06-06 12:40:00,2011-06-26 13:56:00,385,75,192.5,192.5,1,0
18116.0,12,1970.9300000000003,2010-10-24 15:29:00,2011-04-19 16:14:00,177,143,15.636363636363637,11.0,1,0
18118.0,22,4818.88,2010-11-23 13:36:00,2011-09-09 12:22:00,289,0,13.285714285714286,9.0,1,0
18121.0,2,653.3000000000001,2011-07-08 12:14:00,2011-07-13 12:53:00,5,58,5.0,5.0,0,1
18125.0,3,933.9,2011-01-27 15:02:00,2011-05-22 11:51:00,114,110,56.5,56.5,1,0
18127.0,2,348.65,2010-11-01 13:56:00,2011-07-29 10:06:00,269,42,269.0,269.0,1,0
18134.0,2,445.00000000000006,2010-01-14 11:59:00,2010-04-20 14:02:00,96,507,96.0,96.0,0,1
18135.0,6,677.53,2010-03-15 13:55:00,2011-06-02 14:04:00,444,99,88.2,75.0,1,0
18136.0,4,1447.88,2010-09-14 15:50:00,2011-05-12 11:59:00,239,120,79.33333333333333,89.0,1,0
18137.0,2,145.99,2010-06-06 13:45:00,2010-06-06 14:18:00,0,460,0.0,0.0,0,1
18141.0,2,882.4700000000001,2010-04-29 15:32:00,2010-11-03 11:44:00,187,310,187.0,187.0,0,1
18142.0,2,1019.52,2011-05-08 12:31:00,2011-07-05 13:19:00,58,66,58.0,58.0,0,1
18143.0,2,1000.1600000000001,2011-07-21 10:44:00,2011-08-15 12:07:00,25,25,25.0,25.0,0,1
18144.0,16,4169.75,2009-12-16 15:57:00,2011-08-22 09:21:00,613,18,40.266666666666666,41.0,1,0
18145.0,9,3771.97,2009-12-08 12:30:00,2011-05-19 10:38:00,526,113,65.25,58.5,1,0
18146.0,2,160.35,2011-05-03 16:35:00,2011-07-22 12:08:00,79,49,79.0,79.0,0,1
18149.0,6,1491.56,2010-03-14 12:41:00,2011-05-08 12:48:00,420,124,83.6,83.0,1,0
18150.0,2,413.28000000000003,2011-05-22 10:47:00,2011-07-22 15:43:00,61,49,61.0,61.0,1,0
18151.0,6,1879.4400000000003,2010-03-04 10:47:00,2011-07-28 11:35:00,511,43,101.8,130.0,0,1
18154.0,3,533.41,2010-08-06 09:18:00,2010-11-16 12:40:00,102,297,50.5,50.5,1,0
18155.0,2,266.56,2011-02-21 10:36:00,2011-06-22 11:59:00,121,79,121.0,121.0,1,0
18160.0,2,684.3699999999999,2010-11-18 16:33:00,2011-05-23 13:41:00,185,109,185.0,185.0,1,0
18161.0,4,955.67,2010-11-25 15:55:00,2011-07-22 13:31:00,238,49,79.0,66.0,1,0
18168.0,16,3435.5,2009-12-03 17:29:00,2011-06-16 19:21:00,560,85,36.86666666666667,35.0,0,1
18170.0,8,2553.2,2010-01-08 14:10:00,2011-08-19 16:04:00,588,21,83.42857142857143,101.0,1,0
18171.0,8,2200.3100000000004,2010-01-05 10:46:00,2011-09-01 16:30:00,604,8,85.85714285714286,75.0,1,0
18172.0,43,15540.84,2009-12-11 09:58:00,2011-09-01 16:50:00,629,8,14.619047619047619,8.0,1,0
18173.0,4,2318.3599999999997,2010-04-06 10:43:00,2011-05-24 14:25:00,413,108,137.33333333333334,40.0,1,0
18177.0,8,1912.72,2009-12-15 18:57:00,2011-07-05 10:23:00,566,66,80.28571428571429,46.0,1,0
18178.0,11,6103.74,2010-02-18 14:25:00,2011-08-03 09:30:00,530,37,52.5,50.0,0,1
18179.0,6,1857.54,2010-02-14 15:51:00,2011-04-01 13:21:00,410,161,81.8,71.0,1,0
18180.0,2,601.8499999999999,2011-07-20 08:59:00,2011-07-26 08:51:00,5,45,5.0,5.0,1,0
18181.0,4,821.49,2009-12-04 15:30:00,2010-11-04 16:51:00,335,309,111.33333333333333,161.0,1,0
18183.0,2,632.0700000000002,2011-03-10 10:08:00,2011-04-26 15:26:00,47,136,47.0,47.0,0,1
18188.0,4,1706.1499999999999,2010-03-26 11:37:00,2011-02-22 14:43:00,333,199,110.33333333333333,140.0,1,0
18189.0,2,946.5899999999999,2010-03-24 09:57:00,2011-03-17 09:49:00,357,176,357.0,357.0,1,0
18190.0,5,745.6200000000001,2009-12-22 12:05:00,2011-05-31 14:48:00,525,101,131.0,106.5,0,1
18191.0,2,529.4000000000001,2010-08-19 17:42:00,2011-03-23 12:08:00,215,170,215.0,215.0,0,1
18193.0,3,1207.35,2010-09-23 13:33:00,2011-06-27 13:58:00,277,74,138.0,138.0,0,1
18194.0,5,3188.2000000000003,2010-01-28 15:30:00,2010-09-27 13:08:00,241,347,59.75,54.5,1,0
18196.0,4,1457.19,2010-03-17 14:55:00,2011-09-05 16:22:00,537,4,179.0,181.0,0,1
18198.0,14,4427.389999999999,2011-01-07 13:39:00,2011-08-31 11:50:00,235,9,17.615384615384617,15.0,1,0
18202.0,3,1396.9900000000002,2011-02-01 13:36:00,2011-05-24 12:12:00,111,108,55.5,55.5,0,1
18203.0,4,492.52000000000004,2009-12-08 13:19:00,2011-07-05 13:07:00,573,66,190.66666666666666,180.0,0,1
18204.0,2,1358.8700000000001,2011-05-31 15:26:00,2011-08-22 09:10:00,82,18,82.0,82.0,1,0
18210.0,2,289.85,2010-11-22 09:39:00,2011-03-17 16:58:00,115,176,115.0,115.0,1,0
18211.0,2,268.7,2011-03-06 12:09:00,2011-07-26 12:24:00,142,45,142.0,142.0,1,0
18212.0,2,514.37,2010-01-31 14:42:00,2011-01-17 16:14:00,351,235,351.0,351.0,0,1
18214.0,4,1780.3399999999997,2010-06-03 19:47:00,2010-06-27 11:21:00,23,439,7.0,4.0,0,1
18215.0,4,1933.1500000000003,2010-03-26 13:03:00,2010-09-28 16:18:00,186,346,61.666666666666664,48.0,1,0
18217.0,2,323.29,2010-07-01 15:39:00,2010-07-14 12:27:00,12,422,12.0,12.0,1,0
18218.0,4,1121.8399999999997,2010-02-17 15:11:00,2011-05-12 12:53:00,448,120,149.0,70.0,0,1
18219.0,15,2650.06,2009-12-07 13:17:00,2011-07-13 13:33:00,583,58,41.357142857142854,44.5,1,0
18220.0,6,1921.7600000000002,2009-12-15 11:42:00,2011-04-27 09:03:00,497,135,99.0,85.0,0,1
18221.0,4,1090.1899999999998,2010-11-14 15:46:00,2011-08-16 10:50:00,274,24,90.66666666666667,68.0,1,0
18223.0,23,11552.65,2009-12-04 12:20:00,2011-09-04 11:49:00,638,5,28.5,29.0,1,0
18225.0,21,10240.619999999999,2009-12-04 16:52:00,2011-08-18 17:57:00,622,22,30.65,31.0,1,0
18226.0,24,10901.86,2010-03-05 10:05:00,2011-08-11 10:45:00,524,29,22.347826086956523,15.0,1,0
18227.0,2,388.75,2010-08-12 16:45:00,2011-05-06 12:23:00,266,126,266.0,266.0,0,1
18229.0,22,8085.67,2009-12-03 14:42:00,2011-09-07 10:51:00,642,2,29.952380952380953,23.0,1,0
18230.0,7,3627.22,2010-07-02 10:01:00,2011-09-06 13:20:00,431,3,71.33333333333333,62.0,1,0
18231.0,28,6854.17,2010-01-10 12:13:00,2011-05-31 14:18:00,506,101,18.22222222222222,11.0,0,1
18232.0,3,500.62,2011-05-26 16:30:00,2011-07-05 11:10:00,39,66,19.5,19.5,1,0
18235.0,2,749.8000000000002,2011-05-06 13:35:00,2011-08-11 15:56:00,97,29,97.0,97.0,1,0
18236.0,10,1554.3000000000002,2010-04-15 13:39:00,2011-08-02 15:53:00,474,38,52.22222222222222,46.0,1,0
18237.0,3,725.5500000000001,2011-07-28 13:05:00,2011-09-09 12:36:00,42,0,20.5,20.5,1,0
18239.0,6,1712.2600000000002,2010-10-13 10:11:00,2011-05-05 12:38:00,204,127,40.2,49.0,0,1
18241.0,15,2263.48,2010-04-01 11:55:00,2011-09-01 14:47:00,518,8,36.642857142857146,9.5,1,0
18242.0,6,2066.8,2010-01-11 08:49:00,2011-05-27 14:22:00,501,105,99.8,78.0,1,0
18244.0,2,568.64,2010-07-25 10:30:00,2010-10-05 11:15:00,72,339,72.0,72.0,0,1
18245.0,19,5430.73,2010-03-08 15:26:00,2011-07-13 14:29:00,491,58,26.88888888888889,19.0,1,0
18246.0,2,395.62,2010-04-09 10:19:00,2011-04-20 13:55:00,376,142,376.0,376.0,1,0
18247.0,3,839.7300000000001,2010-03-18 15:52:00,2010-10-21 09:49:00,216,323,107.5,107.5,0,1
18248.0,2,804.02,2011-06-06 13:18:00,2011-08-09 10:19:00,63,31,63.0,63.0,0,1
18251.0,8,21964.14,2009-12-22 12:01:00,2010-09-20 13:26:00,272,354,38.42857142857143,23.0,1,0
18252.0,6,1085.32,2009-12-18 16:13:00,2011-06-21 11:47:00,549,80,109.4,74.0,1,0
18257.0,9,3825.3900000000003,2010-02-18 16:20:00,2011-08-17 14:47:00,544,23,67.5,57.0,1,0
18258.0,6,2059.67,2010-05-16 11:35:00,2010-09-01 14:20:00,108,373,21.4,26.0,0,1
18259.0,5,1979.6,2009-12-08 08:38:00,2010-12-08 13:38:00,365,275,90.75,35.0,1,0
18260.0,23,9947.26,2009-12-15 13:50:00,2011-06-20 12:37:00,551,81,24.59090909090909,17.0,0,1
18262.0,3,577.54,2010-04-16 09:05:00,2011-07-22 16:04:00,462,49,231.0,231.0,0,1
18263.0,2,811.4,2011-04-01 11:48:00,2011-07-07 10:04:00,96,64,96.0,96.0,1,0
18268.0,6,1490.23,2009-12-11 10:27:00,2011-07-28 19:13:00,594,43,118.6,33.0,0,1
18270.0,2,273.35,2010-10-03 10:49:00,2011-03-18 12:41:00,166,175,166.0,166.0,1,0
18271.0,2,680.8500000000001,2009-12-08 11:27:00,2010-04-09 09:26:00,121,518,121.0,121.0,0,1
18272.0,7,3413.8500000000004,2010-03-04 12:53:00,2011-08-18 12:06:00,531,22,88.16666666666667,48.5,1,0
18273.0,3,306.0,2010-04-28 12:24:00,2011-09-05 11:27:00,494,4,247.0,247.0,1,0
18275.0,2,741.85,2009-12-08 16:23:00,2010-05-10 15:46:00,152,487,152.0,152.0,0,1
18276.0,5,1320.6599999999999,2009-12-10 17:14:00,2010-11-12 10:11:00,336,301,83.5,82.5,1,0
18277.0,4,1069.67,2010-08-02 10:26:00,2010-11-07 15:52:00,97,306,32.333333333333336,19.0,1,0
18280.0,2,488.15000000000003,2010-11-10 15:51:00,2011-03-07 09:52:00,116,186,116.0,116.0,0,1
18281.0,2,201.14000000000001,2010-05-11 10:49:00,2011-06-12 10:53:00,397,89,397.0,397.0,0,1
18283.0,16,1706.1999999999998,2010-02-19 17:16:00,2011-09-05 12:35:00,562,4,37.0,25.0,1,0
18286.0,2,1296.43,2009-12-16 10:45:00,2010-08-20 11:57:00,247,385,247.0,247.0,0,1
18287.0,5,3110.99,2010-05-17 11:55:00,2011-05-22 10:39:00,369,110,92.0,94.0,1,0
